Dataset	TF	CausalPath_MWU-pvalue	CausalPath_MWU-adjusted-pvalue	CausalPath_ROC-AUC	CollecTRI_MWU-pvalue	CollecTRI_MWU-adjusted-pvalue	CollecTRI_ROC-AUC	DoRothEA_MWU-pvalue	DoRothEA_MWU-adjusted-pvalue	DoRothEA_ROC-AUC	Ensemble_MWU-pvalue	Ensemble_MWU-adjusted-pvalue	Ensemble_ROC-AUC	Best3_Top, Second	Best3_DeLongs-pvalue	Best3_DeLongs-adjusted-pvalue	Best3_Winner	Best4_Top, Second	Best4_DeLongs-pvalue	Best4_DeLongs-adjusted-pvalue	Best4_Winner
NormanWeissman2019_filtered	AHR	0.0106776492077397	0.0213552984154794	0.5288087168533523	0.3610024307367981	0.5415036461051973	0.5044538399413481	0.012057338015761	0.0197301894803363	0.5282325287811702	0.1412096645464115	0.2452588910542937	0.5134559868924272	CausalPath, DoRothEA	0.9744001843973648	0.9744001843973648		CausalPath, DoRothEA	0.9744001843973648	0.9744001843973648	
ReplogleWeissman2022_K562_gwps	AR	0.0497696782837777	0.2499543842696395	0.5292601897286575	0.7480285683487082	0.9559333566863149	0.4881278613865643	0.8182143272615082	0.9999995011210674	0.4838593079695898	0.7739744325567148	0.9999973175522412	0.4866409328894615								
ReplogleWeissman2022_K562_gwps	ARNT	0.0022039494558237	0.0292995633538924	0.5852882070614819	0.2094192086602416	0.7174266107083231	0.5242152728090218	0.176117867096093	0.8299473673295268	0.5278642551477513	0.0253543733821507	0.2958370645170652	0.558526457319617	CausalPath, DoRothEA	0.0891107498920372	0.1782214997840745		CausalPath, Ensemble	0.262810367720342	0.4750006236963892	
PapalexiSatija2021_eccite_RNA	ATF2	0.9587056862517052	0.9587056862517052	0.4817465919618829	0.8210722344067156	0.9481264908610472	0.490331531635691	0.2122855223125965	0.2653569028907457	0.5083970621121698	0.4687867808057698	0.639254701098777	0.5008237708471833								
ReplogleWeissman2022_K562_gwps	ATF2	0.2782005724630264	0.6834057540939562	0.5124324831819382	0.2165086149089399	0.7174266107083231	0.5165719499132981	0.1905805065719654	0.8299473673295268	0.5185106004047157	0.1674175182723058	0.6831533631514225	0.5203846053233694								
ReplogleWeissman2022_K562_gwps	ATF3	0.8882733447193938	0.9954610858195412	0.479896628400517	0.4428259190261109	0.8677503936330341	0.502378089880997	0.3552022461450246	0.8942275200343378	0.5061401906694014	0.265076754848185	0.7627855882055198	0.5103810891552673								
NadigOConner2024_hepg2	ATF4	0.0641261161368183	0.1479833449311192	0.5938359832326926	0.0138262107156513	0.0980404032564371	0.635855815928942	1.1245676646773128e-05	0.0001499423552903	0.7614813583734973	0.000141851597416	0.0009659418300234	0.723921112403745	DoRothEA, CollecTRI	0.0317481839127656	0.0761956413906376	DoRothEA	DoRothEA, Ensemble	0.1193971762883532	0.3263977846624061	
NadigOConner2024_jurkat	ATF4	0.1679039065219309	0.3659444116503623	0.5386164041478193	0.0098037381833118	0.0550517605678279	0.5936340523833183	6.156976932866569e-07	7.1577182345763305e-06	0.6946080930226556	7.369852435376486e-07	1.5009617312594046e-05	0.6931723590560936	DoRothEA, CollecTRI	0.0465571968230692	0.1047536928519057		DoRothEA, Ensemble	0.9510581693356992	0.9510581693356992	
ReplogleWeissman2022_K562_essential	ATF4	0.0004297231925114	0.0027573904852817	0.613776431419208	0.0608446255646271	0.1824091130367392	0.5528354415847371	1.1216912285723686e-12	3.0285663171453955e-11	0.7395905086939278	2.1151925119656026e-08	2.961269516751844e-07	0.6871047028617947	DoRothEA, CausalPath	0.0004201590974447	0.0018907159385012	DoRothEA	DoRothEA, Ensemble	0.0003641646043483	0.0016387407195675	DoRothEA
ReplogleWeissman2022_K562_gwps	ATF4	0.0258487531631877	0.1737648515870974	0.5553805326891637	0.0037178437405462	0.0753708321947107	0.5761884469727774	8.956108012970441e-10	1.2090745817510096e-07	0.6712295934665263	7.319273585224366e-08	4.04556212710583e-06	0.6496357678152379	DoRothEA, CollecTRI	0.0009532094152109	0.0057192564912655	DoRothEA	DoRothEA, Ensemble	0.0898175282990476	0.2844221729469842	
ReplogleWeissman2022_rpe1	ATF4	0.4778833687404365	0.5853600833535333	0.5022933031970345	0.0402302838321174	0.1528750785620465	0.5722457562714914	2.7250823942112497e-05	0.0001771303556237	0.6667834925085429	0.0003002360894615	0.0011923661838614	0.641819121410064	DoRothEA, CollecTRI	0.0366982542246133	0.0681539007028533	DoRothEA	DoRothEA, Ensemble	0.2422387601131796	0.4498719830673337	
SunshineHein2023	ATF4	1.3156714614669502e-11	1.2498878883936028e-10	0.6630201644549086	2.977961254164853e-07	1.0422864389576987e-06	0.6221004120291095	1.7346633031467977e-12	6.938653212587191e-12	0.6701470640696345	3.7519729021971606e-10	2.8765125583511563e-09	0.6505288598744292	DoRothEA, CausalPath	0.6892740560894308	0.8041530654376693		DoRothEA, CausalPath	0.6892740560894308	0.8257707241139165	
ReplogleWeissman2022_K562_gwps	ATF6	0.0024706033212901	0.0310197972561979	0.5720636801723915	0.0773179826677033	0.566710149823864	0.5364914170959482	0.0001994449698418	0.0067312677321627	0.5907785952139618	0.0773179826677033	0.5429044340260708	0.5364914170959482	DoRothEA, CausalPath	0.2265277398052483	0.2912499511781764		DoRothEA, CausalPath	0.2265277398052483	0.4750006236963892	
SunshineHein2023	ATF6	0.0359856312892904	0.0854658743120647	0.5447429539745864	0.0992035933855836	0.1543167008220189	0.5319818447104019	0.0486547573779606	0.0973095147559213	0.5412303302304965	0.0992035933855836	0.2239865614067061	0.5319818447104019	CausalPath, DoRothEA	0.8257707241139165	0.8257707241139165		CausalPath, DoRothEA	0.8257707241139165	0.8257707241139165	
ReplogleWeissman2022_K562_gwps	BCL6	0.2246544733857756	0.6307470147232634	0.5177914619550336	0.283965460431544	0.791553720952929	0.5134300446486224	0.5692163009434772	0.9999995011210674	0.4958993473339744	0.425273868372741	0.8561805032139952	0.5044309131244583								
NormanWeissman2019_filtered	CEBPA	1.0989208128452682e-122	8.791366502762144e-122	0.8258777012208315	2.78259845206329e-91	2.78259845206329e-90	0.7801937739324227	3.850000903199169e-37	2.3100005419195012e-36	0.6756322230775088	9.67885609563249e-59	1.0646741705195738e-57	0.7232514771285391	CausalPath, CollecTRI	0.0003773006096923	0.0013834355688719	CausalPath	CausalPath, CollecTRI	0.0003773006096923	0.0020751533533078	CausalPath
ReplogleWeissman2022_K562_gwps	CEBPA	0.024305875903009	0.1737648515870974	0.560719724890803	0.0107196057084428	0.1707480052130535	0.5708247793217304	0.1417647571627108	0.7720589050930561	0.5330213276638258	0.1131422017529986	0.6253678060529377	0.5372570102282628								
GasperiniShendure2019_lowMOI	CEBPB	0.1239680327409921	0.4028961064082245	0.5853658536585367	0.0189679791210904	0.360391603300718	0.6532859078590787	0.0968105603714185	0.3906889767230923	0.5960365853658536	0.0195054177848989	0.2535704312036858	0.6524390243902438								
NormanWeissman2019_filtered	CEBPB	1.3498467137773855e-48	4.319509484087634e-48	0.6963015697608523	7.332368264932414e-08	2.4441227549774716e-07	0.5706652711662701	2.9318552955425145e-08	7.53905647425218e-08	0.5728993114586876	3.3780368018560585e-10	1.2386134940138883e-09	0.5829651549926329	CausalPath, DoRothEA	5.58315744969363e-16	6.141473194662993e-15	CausalPath	CausalPath, Ensemble	1.1473551003292238e-12	1.2620906103621462e-11	CausalPath
ReplogleWeissman2022_K562_gwps	CEBPB	0.0549565729000487	0.2700040320741526	0.5357499435224572	0.3674946161188333	0.8487040402070734	0.5075699970427034	0.0991814244625801	0.7237563406728819	0.5287646244734949	0.3596695880221695	0.843819083453071	0.5080361825434435								
NadigOConner2024_hepg2	CLOCK	0.9082627631691356	0.9966961233902358	0.4738212923465817	0.9972149552085576	0.99999999992544	0.4454411266842711	0.8064190392938049	0.9727557727085164	0.4829801160087571	0.9685120598093218	0.9999999990003032	0.4634048795901325								
NadigOConner2024_jurkat	CLOCK	0.986626523636814	0.9999999809091804	0.4690029466474396	0.9999999999727516	0.9999999999727516	0.4081935097669636	0.4599347190447545	0.7281094579807673	0.5014083647048283	0.9998929444497452	0.9999681819073516	0.4481793500332213								
ReplogleWeissman2022_K562_gwps	CLOCK	0.6262355848470591	0.8633938227040122	0.4931226928469605	0.9972547338994222	0.9998782080621428	0.4406726112074771	0.8371973932615002	0.9999995011210674	0.4789973961051063	0.985922728578751	0.9999973175522412	0.4530994624866665								
ReplogleWeissman2022_rpe1	CLOCK	2.0022448035827977e-10	1.3707675962989924e-09	0.5696012215244669	1.0	1.0	0.3978682143231342	0.2434773736334014	0.3980877337381151	0.5077367301059582	0.9999999999778226	0.9999999999778226	0.4266717073341098	CausalPath, DoRothEA	3.611510581882047e-07	4.694963756446661e-06	CausalPath	CausalPath, DoRothEA	3.611510581882047e-07	4.694963756446661e-06	CausalPath
ReplogleWeissman2022_K562_gwps	CREB1	0.5355286381087379	0.8289689877573613	0.4981588480731702	0.903152129471436	0.9899555729331274	0.4731648311673392	0.6243883904752101	0.9999995011210674	0.4934544266007682	0.7963459530367629	0.9999973175522412	0.4828912225615301								
FrangiehIzar2021_RNA	E2F1	0.9963376581906388	0.9963376581906388	0.4677723095461446	0.9995050277487012	0.9995050277487012	0.4604216448558502	0.9999911615781432	0.9999911615781432	0.4484159423232134	0.999995150201828	0.999995150201828	0.4468370172428716								
ReplogleWeissman2022_K562_gwps	E2F1	0.3960646314883979	0.7866076685626742	0.5050909549975588	0.1881652042891331	0.6822900903492144	0.5170893323824203	0.7225391068849739	0.9999995011210674	0.4885952652185983	0.6191201228438415	0.960791235007061	0.4941436875963279								
ReplogleWeissman2022_K562_gwps	E2F2	0.6983091146852307	0.8910180394627939	0.4897088937610563	0.5786847396556434	0.9381424482860112	0.4960675442230995	0.8779579995481797	0.9999995011210674	0.4769268473311669	0.8090774031432699	0.9999973175522412	0.4826778716031811								
ReplogleWeissman2022_K562_gwps	E2F3	0.0058972754045088	0.0572872092333576	0.5371445802739778	0.0315393122335878	0.3271286803762831	0.5274153816430838	0.4415726615163828	0.9462271318208204	0.5021680470571444	0.0078309860068229	0.1322566525596767	0.5356469356549769	CausalPath, CollecTRI	0.4545745006147297	0.5454894007376756		CausalPath, Ensemble	0.8776795167369691	0.926439489889023	
ReplogleWeissman2022_K562_gwps	E2F4	0.3323605239144162	0.7364066510260594	0.51005985564608	0.7048821315348489	0.9535266025170543	0.4875009565230549	0.7684808612039928	0.9999995011210674	0.4829664536016065	0.802356069513286	0.9999973175522412	0.4802689937377462								
ReplogleWeissman2022_K562_gwps	E2F5	0.4110011990512044	0.7886027772090635	0.509009324790334	0.3023124000486141	0.8221422586687921	0.5207343852287898	0.9995224834289448	0.9999995011210674	0.3677093696359259	0.9006813344263169	0.9999973175522412	0.4485229305305697								
NadigOConner2024_hepg2	E2F6	0.7955016915223796	0.894939402962677	0.4679674124372479	0.8653007591121747	0.9974158144449194	0.4571508371782594	0.3389839830208764	0.7253899937716413	0.516112416935086	0.690453144852331	0.8511620664989943	0.4807137053480746								
NadigOConner2024_jurkat	E2F6	0.0472391389686933	0.1544356466284206	0.5444745132345363	0.0968193642561435	0.2827125436279391	0.534571785261374	0.7939415256212217	0.9394447688875062	0.4781872819591723	0.5830937358673651	0.8115222097123123	0.4944201990837439								
ReplogleWeissman2022_K562_essential	E2F6	0.0779845175774177	0.2502003272275485	0.5336771244285804	0.1851026906639115	0.4720118611929744	0.5212705867618512	0.2306148945886723	0.4789693964533964	0.5174901371407101	0.1151764892042139	0.3224941697717989	0.5284714133633915								
ReplogleWeissman2022_K562_gwps	E2F6	0.0102731892222579	0.0892977217011654	0.5384271276764584	0.5185606388147074	0.9037171005689472	0.4992278785484787	0.7382630596796526	0.9999995011210674	0.4894153144034112	0.6194188489843262	0.960791235007061	0.4949572718904411	CausalPath, CollecTRI	0.0652069285820777	0.1676749592110569		CausalPath, CollecTRI	0.0652069285820777	0.2844221729469842	
ReplogleWeissman2022_rpe1	E2F6	0.6098119177483029	0.7048475412934929	0.493511672474259	0.6658809518637602	1.0	0.4900271170752201	0.0857799476749439	0.2090886224576759	0.5318165070421269	0.1237377038747913	0.2422470540647323	0.5269131916595335								
NormanWeissman2019_filtered	EGR1	0.0327912866608427	0.0476964169612257	0.5303010902173118	0.8048036789680781	1.0	0.4858654810427866	0.1302620519833581	0.1674797811214605	0.518516316675203	0.3772497647646926	0.5195477365211054	0.5051463056137798	CausalPath, DoRothEA	0.5795248259937218	0.637477308593094		CausalPath, DoRothEA	0.5795248259937218	0.8532496674482819	
ReplogleWeissman2022_K562_gwps	EGR1	0.9946596187938312	0.99999988097155	0.4617451263222702	0.9997224868088824	0.9998782080621428	0.4482633730720289	0.9999915469475992	0.9999995011210674	0.4355329655592183	0.9999973175522412	0.9999973175522412	0.4318209705262708								
ReplogleWeissman2022_K562_gwps	ELK1	0.0265330863902989	0.1737648515870974	0.5467406345580976	0.0232835970716643	0.274679983867637	0.5480906415168963	0.7004345213891219	0.9999995011210674	0.4872984818572167	0.4558072342806564	0.8797803125163146	0.5026822537510737								
ReplogleWeissman2022_K562_gwps	EPAS1	0.0321468430338365	0.1885523103849364	0.5354251532133961	0.6049267398230865	0.9409120818571264	0.4949045450858265	0.2849358363716445	0.8412247588103643	0.5108802966338315	0.3328978133818719	0.8261300838211353	0.5082702316334964								
ReplogleWeissman2022_K562_gwps	ERG	0.0370415686764377	0.2092848630218732	0.5246529152680731	0.2353952121645447	0.7228623317410735	0.5099544022954194	0.8387519055772299	0.9999995011210674	0.4863444774082715	0.7297749301593346	0.9895381939239372	0.4915509616028948								
ReplogleWeissman2022_K562_gwps	ESR1	0.3668755252005263	0.7719967256735721	0.5074312518547592	0.4591184907049103	0.877611946492592	0.5022427891749074	0.0108869474768467	0.2079300237823136	0.5501245440882244	0.1240175594984792	0.6299268000300609	0.5252368635184423								
ReplogleWeissman2022_K562_gwps	ESRRA	1.1367347861868656e-08	8.563402055941054e-07	0.6131320188733538	0.0036138022170207	0.0753708321947107	0.5543655799115196	0.2138825841490893	0.8412247588103643	0.5160500372500404	0.0012625658417783	0.0300137370428019	0.56112830175292	CausalPath, CollecTRI	0.0081597719614857	0.036718973826686	CausalPath	CausalPath, Ensemble	0.0172942849469412	0.1642957069959415	
ReplogleWeissman2022_K562_gwps	ETS1	0.4640892449947144	0.7886027772090635	0.5013941279520586	0.4495628334321642	0.8677503936330341	0.5019606551727439	0.5630662900966341	0.9999995011210674	0.4975447296120083	0.5290947702447737	0.9174275484590948	0.4988710427815165								
NormanWeissman2019_filtered	ETS2	1.2482019580915374e-06	3.3285385549107665e-06	0.5380388220782786	0.0023011914237094	0.0049311244793773	0.5248366408260646	0.6113747764900285	0.7163128554565816	0.4975204830281448	0.0010279806172651	0.0026094892592114	0.527013909537501	CausalPath, CollecTRI	0.1898909065699622	0.4177599944539168		CausalPath, Ensemble	0.2672851917175654	0.8532496674482819	
ReplogleWeissman2022_rpe1	ETV4	0.9943520524284938	0.99999994418258	0.4129341015866512	0.9987988075708418	1.0	0.395682956055795	0.1550303852042598	0.3182202643666387	0.534886705671689	0.7608078525795479	0.9542401438183404	0.4756374927035269								
WesselsSatija2023	FLI1	0.1684270429473859	0.1924880490827268	0.5228793663331578	1.0458535821447857e-06	1.0458535821447855e-05	0.6146765841671055	0.9948710644280736	0.9948710644280736	0.4379607688256977	0.2041828772570728	0.3062743158856092	0.5199885904862209	CollecTRI, CausalPath	0.0002525066278606	0.000757519883582	CollecTRI	CollecTRI, CausalPath	0.0002525066278606	0.000757519883582	CollecTRI
FrangiehIzar2021_RNA	FOS	0.7733435368042292	0.8954504110364759	0.4918131515172877	0.7121293004707961	0.9915694900809894	0.4938905607109399	0.9561864887505492	0.9999911615781432	0.4813528493159957	0.927791097579762	0.999995150201828	0.4840659408525459								
ReplogleWeissman2022_K562_gwps	FOS	0.5132820464001481	0.8227073935208048	0.4995180928767674	0.8668500888802105	0.9861500865045688	0.483912048515714	0.8976560132229865	0.9999995011210674	0.4816444414661931	0.9006139571261651	0.9999973175522412	0.4814020304228372								
ReplogleWeissman2022_K562_gwps	FOSL1	0.0622513144244407	0.2930999387484085	0.5322700267014413	0.3474109505672945	0.8487040402070734	0.5082484443068775	0.0256548568032178	0.3848228520482674	0.5409747462015773	0.018842325745997	0.2386694594492962	0.5436950951391748								
ReplogleWeissman2022_K562_gwps	FOSL2	0.4533253861340958	0.7886027772090635	0.5036313612944918	0.7652643656704647	0.96687792376495	0.4776001096818072	0.5668134739389631	0.9999995011210674	0.4947892668957353	0.5474469919323646	0.9244541169531528	0.4963083291162835								
NormanWeissman2019_filtered	FOXA1	0.9160793558080192	0.9771513128618872	0.4857409288868709	0.9999994000259655	1.0	0.4497981256120876	0.0168220322195331	0.0232920446116613	0.5219630782637378	0.021954626187626	0.04261780377598	0.52083245952841	DoRothEA, CausalPath	0.0106372063084651	0.0292523173482791	DoRothEA	DoRothEA, Ensemble	0.5273252902430551	0.8532496674482819	
ReplogleWeissman2022_K562_gwps	FOXA1	0.7626298058032328	0.9216809417728912	0.4866035002086341	0.2261042149616414	0.7223380964891203	0.5140890464609082	0.4196149108422249	0.9252298752282914	0.5038023760063565	0.4372404169419994	0.8659354185691714	0.5029606883965139								
ReplogleWeissman2022_K562_gwps	FOXA2	0.6735769682627177	0.879855710281378	0.4859078169899602	0.8431926232151227	0.9861500865045688	0.4684306498850964	0.9552419971162688	0.9999995011210674	0.4468044983858316	0.9556042648676548	0.9999973175522412	0.4466837215352535								
FrangiehIzar2021_RNA	FOXM1	0.822075600416857	0.9042831604585428	0.4833681447858809	0.9060703000172704	0.9915694900809894	0.4762774383896537	0.8178128096720387	0.9999911615781432	0.4836607318410361	0.92126405464836	0.999995150201828	0.4745357634799824								
ReplogleWeissman2022_K562_gwps	FOXM1	0.0206953962541513	0.1612813639116623	0.5397543145723807	0.1407905244765872	0.627925739165579	0.520987737050191	0.0593424652469051	0.616248677564015	0.5304126028765846	0.0328746975095559	0.3387765438272883	0.5358664782245832								
NadigOConner2024_hepg2	FOXO1	0.8383027389318238	0.9314474877020265	0.4568306465015788	0.3810195132821516	0.7224418605217579	0.5132402636973021	0.3479453383100188	0.7253899937716413	0.517090465902166	0.2011696967687153	0.3688111107426448	0.5366138533414585								
NadigOConner2024_jurkat	FOXO1	0.8981075992982221	0.9999999809091804	0.4566334852594395	0.9509689782213712	0.9999999999727516	0.4435473347687088	0.886664174571792	0.9989523152766095	0.4587446056911706	0.81034479555111	0.943073684477585	0.4699992543503993								
ReplogleWeissman2022_K562_gwps	FOXO1	0.5212497888084494	0.8289689877573613	0.4988645335912757	0.9392813077363836	0.9974272934533978	0.4669992191801975	0.9930468763229438	0.9999995011210674	0.4475898015610569	0.8581222165595499	0.9999973175522412	0.477159782535858								
ReplogleWeissman2022_rpe1	FOXO1	0.486703889529904	0.5853600833535333	0.5011976895443119	0.8858548646836294	1.0	0.4567382674278319	0.5590423157002931	0.703311300397143	0.4946666756532699	0.843757799097745	0.9999999999778226	0.4637316420546072								
ReplogleWeissman2022_K562_gwps	FOXO3	0.581575277133143	0.8534806015070802	0.4969387446588176	0.5946864600376053	0.9409120818571264	0.4964378797970303	0.7754148514009591	0.9999995011210674	0.4887494768660301	0.4115439687577759	0.8463538722991419	0.5033236754300926								
NormanWeissman2019_filtered	FOXO4	0.1333230942669288	0.1777641256892383	0.522119796813977	0.8417295054300589	1.0	0.4800555790356766	0.7738891256362345	0.8194120153795424	0.4850313565542904	0.9764443992870288	1.0	0.460467067276373								
ReplogleWeissman2022_K562_gwps	FOXO4	0.4921651081392126	0.8060095249236381	0.500331897140246	0.5230405206230351	0.9037171005689472	0.4990235655660376	0.3712102088834833	0.8942275200343378	0.5055533993727528	0.4616243649892043	0.8821639084551679	0.5016279929805768								
NadigOConner2024_hepg2	GABPA	0.2138622843506049	0.3631623696519706	0.5254963015809317	0.0029203500586714	0.0318243614423234	0.5886159044405801	0.0921660694487139	0.2633316269963255	0.5426767338971379	0.0172379830919331	0.0684730995040675	0.5679736230634701	CollecTRI, DoRothEA	0.1902891198168483	0.2854336797252725		CollecTRI, Ensemble	0.4429699052646048	0.5315638863175257	
NadigOConner2024_jurkat	GABPA	0.0017955133375658	0.012718219474425	0.5771271985012443	0.0004254108354286	0.0038818738732868	0.5883489919749462	0.1018952604061738	0.3311595963200648	0.5336590890026005	0.003590485234201	0.022032523028052	0.5712027794088863	CollecTRI, CausalPath	0.7520088191214305	0.8460099215116094		CollecTRI, CausalPath	0.7520088191214305	0.8729922978357689	
ReplogleWeissman2022_K562_essential	GABPA	0.5743956413125809	0.8190456366864579	0.4947872052560551	0.5183320312590373	0.7983438979830814	0.4987228695965405	0.4337630124550664	0.5855800668143397	0.5046362763634358	0.6862809697231463	0.883488144930947	0.486511710475744								
ReplogleWeissman2022_K562_gwps	GABPA	0.1300746577495436	0.4692805318205778	0.5234286956289264	0.1679152128911583	0.6456050426677296	0.520024762693745	0.7422398553139002	0.9999995011210674	0.486470409935076	0.3816615920223594	0.843819083453071	0.5062652184495262								
ReplogleWeissman2022_rpe1	GABPA	0.0062483859632585	0.0129327058309304	0.5883530302574571	0.0013672458640161	0.0074221918332303	0.6059795650678528	0.0283890855422179	0.103117694528745	0.5673851891859375	0.0018760612868054	0.005548351465233	0.6025192533782503	CollecTRI, CausalPath	0.6678472125414636	0.7235011469199188		CollecTRI, Ensemble	0.8984917629810186	0.9616918589733152	
NadigOConner2024_hepg2	GATA1	0.2726317256983648	0.4430836382845	0.5391326426975421	0.3890071556655619	0.7224418605217579	0.5182409100142189	0.8080804024961081	0.9727557727085164	0.4436725573837091	0.5046037236045272	0.7145747553307669	0.4992585821653463								
NadigOConner2024_jurkat	GATA1	0.8485536417372159	0.9746899938873426	0.4473539342337052	0.4509975318481985	0.8230704956229623	0.5062940399295361	0.537874886870086	0.7769303921456798	0.4951425006291419	0.3245213306497	0.5920321572663446	0.523257277074071								
ReplogleWeissman2022_K562_essential	GATA1	1.2444350087794142e-05	0.000119776869595	0.6193571473300948	0.0001100484380204	0.0006236078154491	0.6046053514398433	0.9999184045846164	0.9999184045846164	0.393262839608885	0.9837349069910072	0.9999748558123746	0.4394746965102027	CausalPath, CollecTRI	0.6804254559543248	0.7270145004879384		CausalPath, CollecTRI	0.6804254559543248	0.861404645491466	
ReplogleWeissman2022_K562_gwps	GATA1	0.1094437534050036	0.4339348819215935	0.5523472666936652	0.1034172367027707	0.5796180866535	0.5537448758700461	0.4230195976338331	0.9252298752282914	0.508267366685216	0.5805670091168856	0.9539338564325702	0.4913425147641954								
ReplogleWeissman2022_rpe1	GATA1	0.6003283031027726	0.7030160391598259	0.4908102328485061	0.4368226752652115	0.9747683719290506	0.5057554981161834	0.0528872054049197	0.1586616162147592	0.5585324848856568	0.0826798370532944	0.1709154313494696	0.5502017983878034								
GasperiniShendure2019_lowMOI	GATA2	0.4275041760070989	0.5557554288092286	0.5140018066847335	0.5406374861557686	0.7337223026399716	0.4923215898825655	0.2140087279886293	0.4823729925184915	0.5604336043360434	0.1694534851472629	0.4895322904254263	0.57289972899729								
ReplogleWeissman2022_K562_gwps	GATA2	0.411936116813034	0.7886027772090635	0.503556318971536	0.3305838836898068	0.8473586903773209	0.5070123268865805	0.6860081704502632	0.9999995011210674	0.4922475230136515	0.6354792929286637	0.9640112170735534	0.4944580139312488								
WesselsSatija2023	GATA2	0.0933008323649655	0.124401109819954	0.5587123121911868	0.049911363131072	0.0998227262621441	0.5731572047998386	0.1193454540601877	0.2386909081203754	0.5523847937884441	0.1317552603621456	0.225866160620821	0.5497126147020268	CollecTRI, CausalPath	0.8142731409610333	0.8142731409610333		CollecTRI, CausalPath	0.8142731409610333	0.8142731409610333	
ReplogleWeissman2022_K562_gwps	HIF1A	0.0021461412228372	0.0292995633538924	0.5648425704625307	0.1385958355887543	0.627925739165579	0.5246726612247397	0.3107109096328447	0.8473933899077585	0.5112127025727955	0.5386868993419357	0.9174275484590948	0.497794770356141	CausalPath, CollecTRI	0.0852389358186573	0.1782214997840745		CausalPath, CollecTRI	0.0852389358186573	0.2844221729469842	
NormanWeissman2019_filtered	HNF4A	0.012943508133017	0.0230106811253636	0.5425116708719262	4.45576843621864e-06	1.336730530865592e-05	0.5848380087354598	2.1909098963160377e-23	7.887275626737735e-23	0.6889812959593026	3.8411264867327055e-24	2.1126195677029878e-23	0.6922804424059434	DoRothEA, CollecTRI	7.471623500546364e-06	4.1093929253005e-05	DoRothEA	Ensemble, DoRothEA	0.6205452126896596	0.8532496674482819	
NadigOConner2024_hepg2	HSF1	0.985076269041105	0.9983473175584424	0.38878732480195	0.5735443136221121	0.9129889073984642	0.4905101056266504	0.0076146897130094	0.0338430653911529	0.6242636603696933	0.057895504772489	0.1640048658327671	0.5805276254316474	DoRothEA, CollecTRI	0.0085500929452324	0.0511083376140236	DoRothEA	DoRothEA, Ensemble	0.0574331353547514	0.2297325414190059	
NadigOConner2024_jurkat	HSF1	0.0287326878947076	0.1061860204804413	0.597081830383357	0.1104950485032898	0.3102360977207753	0.5625445642144116	0.0037781279273134	0.0245578315275371	0.6365080530156866	0.0224202918148903	0.1008913131670063	0.6025186645415653	DoRothEA, CausalPath	0.5392434619522595	0.6933130225100479		DoRothEA, Ensemble	0.1382267239143223	0.3900985290428793	
ReplogleWeissman2022_K562_essential	HSF1	0.5515373915960805	0.8166995990941961	0.4966749542081533	0.0131507557488235	0.0479063245135714	0.5570313967687394	7.019634396509867e-06	3.790602574115328e-05	0.6114899375352245	4.927104582333334e-06	4.244890101702565e-05	0.6134691139864739	DoRothEA, CollecTRI	0.0572393132976559	0.1524028324938667		Ensemble, DoRothEA	0.8830415267498288	0.8830415267498288	
ReplogleWeissman2022_K562_gwps	HSF1	0.1446356417897407	0.4952675006739607	0.5200297996954165	0.0001195032607086	0.0048453140250958	0.5694377004234272	3.7102004004690805e-09	3.339180360422172e-07	0.6092688908476619	1.0333805687622156e-08	6.981059842304746e-07	0.6059649219268599	DoRothEA, CollecTRI	0.0403568625928557	0.1210705877785672		DoRothEA, Ensemble	0.7122810462390483	0.9022226585694612	
ReplogleWeissman2022_rpe1	HSF1	0.0523794312334534	0.0914072427407325	0.6075297329453485	0.3343486012356339	0.907517631925292	0.5283679276171679	0.0005595262739404	0.0027276905854598	0.7160071386738115	0.0093867217382038	0.024162117066858	0.655771119729579	DoRothEA, CausalPath	0.1755810702378695	0.2368662411387072		DoRothEA, Ensemble	0.2805974024054506	0.4559707789088572	
NormanWeissman2019_filtered	IRF1	4.1470673377993105e-187	6.635307740478897e-186	0.9178903353248814	1.0537466750222037e-178	1.5806200125333052e-177	0.9082734249769272	4.098980586233905e-193	7.378165055221029e-192	0.9246282038827088	5.76939924226984e-185	1.903901749949047e-183	0.9154589870630334	DoRothEA, CausalPath	0.3526872250150199	0.4970815430524265		DoRothEA, CausalPath	0.3526872250150199	0.8532496674482819	
PapalexiSatija2021_eccite_RNA	IRF1	8.825273596790945e-20	4.412636798395472e-19	0.5957976359456257	3.1800170913052567e-32	1.378007406232278e-31	0.6247893701141092	4.9794864113400945e-39	1.6598288037800316e-38	0.6381278957947455	1.6724518723411615e-31	8.362259361705806e-31	0.623292989784304	DoRothEA, CollecTRI	0.0996299309610159	0.2176699815290089		DoRothEA, CollecTRI	0.0996299309610159	0.2490748274025398	
ReplogleWeissman2022_K562_gwps	IRF1	0.8010616694577211	0.9478530748557328	0.4852022555835462	0.2267429002432216	0.7223380964891203	0.5131209071033503	0.0812091356595789	0.6943768486860512	0.5244520897137663	0.2708878644220679	0.7627855882055198	0.5106794119459134								
FrangiehIzar2021_RNA	IRF3	0.3960898822198312	0.5809318272557525	0.5026856947721823	0.8937864155515133	0.9915694900809894	0.4871117323403153	0.6299881164123623	0.9599715182529684	0.496570267556724	0.8624433856814103	0.999995150201828	0.4887195763667039								
SunshineHein2023	IRF3	0.9680896040210912	0.9680896040210912	0.4493022907448377	0.6929783332210924	0.8434152227179917	0.4860544570427729	0.5803368699717707	0.6330947672419317	0.4943941279498525	0.6445187207570932	0.8671294986756946	0.489753295538348								
SunshineHein2023	IRF9	1.1853764286408511e-25	2.2522152144176173e-24	0.7406551702235772	1.5368763524069463e-48	2.1516268933697246e-47	0.8376901518038616	3.3748194875986146e-35	2.024891692559169e-34	0.7851622046493902	3.1192994480609786e-39	3.5871943652701264e-38	0.8019999682418699	CollecTRI, DoRothEA	1.51349758206241e-06	1.0594483074436873e-05	CollecTRI	CollecTRI, Ensemble	1.893414955041001e-05	0.0001325390468528	CollecTRI
NormanWeissman2019_filtered	JUN	0.2950961178301745	0.3631952219448301	0.5096578624906174	3.88054039626511e-05	0.0001058329198981	0.570863459354731	3.65116251161291e-07	8.215115651129047e-07	0.5888226312446672	4.699281636162483e-08	1.5507629399336197e-07	0.5957237622936621	DoRothEA, CollecTRI	0.4038425243969149	0.4970815430524265		Ensemble, DoRothEA	0.7164144931883649	0.8614170257304371	
ReplogleWeissman2022_K562_gwps	JUN	0.1885792172100781	0.572128429262222	0.5175344757174882	0.0076571626804292	0.136603782218858	0.5481445634761588	0.0337805496086132	0.4560374197162795	0.5362926544943287	0.0030040294950013	0.0608816644320268	0.5545473050969821					Ensemble, CollecTRI	0.3079669466811163	0.4876143322451009	
ReplogleWeissman2022_K562_gwps	JUND	0.938956352430929	0.9984915547777272	0.4615526120505012	0.6723593086566985	0.9535266025170543	0.48889812146798	0.1211574524551237	0.7706954707553041	0.5290760223468124	0.2092356252216057	0.7187302832470975	0.5201200235281854								
FrangiehIzar2021_RNA	KLF4	0.0557113160147592	0.1361832169249671	0.5172703372409777	0.4029673070383012	0.8308527690616879	0.5026654139874138	0.1067382432281557	0.209691927491365	0.5134972768505186	0.4396540963786852	0.7850966006762234	0.5016474447631342								
ReplogleWeissman2022_K562_gwps	KLF4	0.7365359573334156	0.9046582954203908	0.4914393449693872	0.7698047586372085	0.9671349925413943	0.4900118717129298	0.600642082551821	0.9999995011210674	0.496549653578325	0.8322607560852746	0.9999973175522412	0.4869684467603274								
ReplogleWeissman2022_K562_gwps	LEF1	0.4607940291201019	0.7886027772090635	0.5020272253745197	0.9049524031214352	0.9899555729331274	0.4730150814791735	0.4732453290911549	0.9680018095046352	0.5013822223114186	0.8234828515628174	0.9999973175522412	0.4808734923878277								
GasperiniShendure2019_lowMOI	MAX	0.0125912981476921	0.0818434379599987	0.718458295694068	0.6638583317403087	0.7883317689416166	0.4588979223125565	0.4532980875036959	0.7252769400059135	0.5115928937067149	0.1118862244422319	0.4821925290972303	0.6187895212285457	CausalPath, DoRothEA	0.0363658854130728	0.0363658854130728	CausalPath	CausalPath, Ensemble	0.0308157449453477	0.0308157449453477	CausalPath
NadigOConner2024_hepg2	MAX	7.406500106641577e-08	6.059863723615837e-07	0.7271898345633871	0.2131955785325119	0.5353355081709054	0.5343895998374976	0.4934191437361391	0.8113846262067602	0.5007154625679916	2.9380735295083963e-06	3.001032247997862e-05	0.6958855259891213	CausalPath, CollecTRI	0.0004081080920699	0.0048972971048392	CausalPath	CausalPath, Ensemble	0.1993885356140782	0.3284003484211642	
NadigOConner2024_jurkat	MAX	2.8493106307377796e-29	1.2109570180635564e-27	0.8710789010106005	1.832301565138603e-05	0.0002229300237585	0.6371220181987558	0.1987372756750366	0.4305974306292461	0.5281093956264707	9.464614237967294e-25	4.259076407085282e-23	0.8389948741495546	CausalPath, CollecTRI	1.7287856662904826e-09	1.5559070996614346e-08	CausalPath	CausalPath, Ensemble	0.0117794941148781	0.1060154470339036	
ReplogleWeissman2022_K562_essential	MAX	5.2528881467934e-67	4.044723873030918e-65	0.874382136222264	6.790581015360176e-19	1.731598158916845e-17	0.6909668733170519	0.4213955266220022	0.5855800668143397	0.5043036508234704	3.4277844948704015e-52	1.9195593171274248e-50	0.8288783476318701	CausalPath, CollecTRI	4.6434378342445303e-17	4.179094050820077e-16	CausalPath	CausalPath, Ensemble	1.996460896802058e-08	1.7968148071218522e-07	CausalPath
ReplogleWeissman2022_K562_gwps	MAX	2.274204944562075e-31	2.569851587355145e-29	0.7317864238978591	1.4989066445040453e-06	9.550176620697202e-05	0.5934014704510266	0.2658331950560396	0.8412247588103643	0.512506913479626	1.7602375594508017e-27	5.351122180730438e-25	0.7159171466157856	CausalPath, CollecTRI	1.3234023526878244e-07	2.382124234838084e-06	CausalPath	CausalPath, Ensemble	0.1359243227726727	0.3228202665850977	
ReplogleWeissman2022_rpe1	MAX	1.619446398287129e-15	1.8016341180944312e-14	0.744860418296941	1.6374825587742866e-07	1.5556084308355724e-06	0.6586630893788189	0.9977087079041588	0.9999840789178064	0.4119218757396032	2.966823791675795e-11	2.9456321931638246e-10	0.7033550166124333	CausalPath, CollecTRI	0.0105818530867129	0.0286963156438232	CausalPath	CausalPath, Ensemble	0.0081646524373442	0.035380160561825	CausalPath
TianKampmann2021_CRISPRa	MEF2C	0.864238467245906	0.898495306320028	0.4696765031864782	0.7603156693235062	0.9999999958196356	0.4801537822111388	0.9538427236959292	0.9966573674292136	0.4527569963978941	0.949830450320076	0.9999999958196356	0.4538826544749238								
NadigOConner2024_hepg2	MYB	0.4038020866582992	0.5768601237975703	0.5113048641385023	0.6100419772328647	0.9516654844832688	0.4870336515674724	0.2398917039486174	0.564451068114394	0.5327999916665365	0.5601197802744827	0.7556332884835003	0.4929816611717891								
NadigOConner2024_jurkat	MYB	0.0436682643894566	0.1484720989241524	0.6369625676730786	0.0004988655534053	0.0040463539331763	0.7636620572615874	0.0064547563588407	0.0359622139992556	0.6991798571364044	0.0022025725037206	0.014940456904884	0.728126834997064	CollecTRI, DoRothEA	0.167891823887066	0.3022052829967188		CollecTRI, Ensemble	0.2551399043004978	0.459251827740896	
ReplogleWeissman2022_K562_gwps	MYB	7.330137857209043e-06	0.0001656611155729	0.5931024933516915	0.0017294692479011	0.0428524046979961	0.5628105675432228	0.0099538137287489	0.2079300237823136	0.550014753450771	0.0004115245792175	0.0125103472082135	0.5718597455890514	CausalPath, CollecTRI	0.2104744569409105	0.2912499511781764		CausalPath, Ensemble	0.2750003610873832	0.4750006236963892	
ReplogleWeissman2022_rpe1	MYB	0.4390916057143635	0.570194355333847	0.5054629356740984	0.7808539652284681	1.0	0.472378653794583	0.1660926809511944	0.3223257318631524	0.5345592081332027	0.6395946750243118	0.871604508121366	0.4872646556691067								
WesselsSatija2023	MYB	0.0535273268938999	0.08564372303024	0.6312431644185199	0.0239130732988958	0.0597826832472397	0.6611374407582938	0.0004904589029468	0.0019618356117875	0.7683193583667518	0.0045495443792367	0.0136486331377102	0.7123587313160773	DoRothEA, CollecTRI	0.0706515692694794	0.1059773539042192		DoRothEA, Ensemble	0.1350121535548733	0.20251823033231	
NadigOConner2024_hepg2	MYBL2	1.9031341265334115e-05	0.0001070512946175	0.603368343071537	0.124071642879989	0.3871035257855656	0.5289831045154199	0.0070701297737582	0.0338430653911529	0.5615777084752243	0.0103274096535631	0.0434358700135156	0.5580782282443751	CausalPath, DoRothEA	0.1359990769426692	0.2331412747588615		CausalPath, DoRothEA	0.1359990769426692	0.3263977846624061	
NadigOConner2024_jurkat	MYBL2	0.4759330432720342	0.6856662487817442	0.5026328633198862	0.7463021845378002	0.8931157290370395	0.4710976046853908	0.9242131838996857	0.9989523152766095	0.4374766454919127	0.883304516098347	0.9999681819073516	0.4480424155996675								
ReplogleWeissman2022_K562_essential	MYBL2	6.569884533291621e-07	1.0117622181269098e-05	0.6382724538502085	1.0135652878571203e-05	8.615304946785524e-05	0.6218161158117639	4.193229470338689e-06	2.830429892478615e-05	0.6273380402685543	1.0274190770695928e-07	1.0460994239254036e-06	0.6484672669802597	CausalPath, DoRothEA	0.7270145004879384	0.7270145004879384		Ensemble, CausalPath	0.698394021648433	0.861404645491466	
ReplogleWeissman2022_K562_gwps	MYBL2	0.4564197379019781	0.7886027772090635	0.5040146947880842	0.2382528313137619	0.7228623317410735	0.526111890500267	0.4717958233411926	0.9680018095046352	0.5025952578072816	0.3770180534868889	0.843819083453071	0.511491894953233								
ReplogleWeissman2022_rpe1	MYBL2	0.000646166840001	0.0017426923866694	0.5323611528816119	0.4798736389383436	0.985686393494976	0.5005076595915989	0.1844384640390568	0.3269590953419644	0.5090375247761562	0.2730602719113614	0.4866074076369134	0.506070602276683	CausalPath, DoRothEA	0.0285034166352235	0.061757402709651	CausalPath	CausalPath, DoRothEA	0.0285034166352235	0.061757402709651	CausalPath
FrangiehIzar2021_RNA	MYC	1.1075052361885025e-08	8.121705065382353e-08	0.6189287668429526	5.470338464051187e-09	4.6497876944435096e-08	0.6215043112289872	3.128339653154259e-08	2.0334207745502685e-07	0.6150383084244907	8.634893742701245e-09	7.195744785584371e-08	0.6198435188890389	CollecTRI, CausalPath	0.850266698819835	0.850266698819835		CollecTRI, Ensemble	0.6130724231378923	0.6134359602095385	
GasperiniShendure2019_lowMOI	MYC	0.3388797213178549	0.5382768544546106	0.5276422764227643	0.2505374784713085	0.7337223026399716	0.5447154471544715	0.7138201688848849	0.9141420315297644	0.4626016260162602	0.3247999021008647	0.6031998181873203	0.5302168021680217								
NadigOConner2024_hepg2	MYC	3.3853138649212394e-17	3.0467824784291154e-15	0.8361029078579352	1.682537237841285e-20	1.3123790455162025e-18	0.8705409459522805	1.8932313418199472e-16	7.572925367279787e-15	0.8278215284613823	1.4210713625689211e-19	2.0321320484735572e-17	0.8612048625759777	CollecTRI, CausalPath	0.0155298836492827	0.0511083376140236	CollecTRI	CollecTRI, Ensemble	0.01033416736258	0.0620050041754802	CollecTRI
NadigOConner2024_jurkat	MYC	1.9647085478584644e-52	1.6700022656796948e-50	0.910969680833604	2.8814649650797452e-58	1.051734712254107e-56	0.9341352308494691	1.3647203650882376e-54	5.322409423844127e-53	0.919687945642144	5.312964803979411e-57	3.5862512426861014e-55	0.9292144297786514	CollecTRI, DoRothEA	0.0372417388164924	0.1047536928519057		CollecTRI, Ensemble	0.0940037798375981	0.3900985290428793	
PapalexiSatija2021_eccite_RNA	MYC	0.0026363207265035	0.005272641453007	0.5789006205926005	8.915325014363149e-07	2.3179845037344185e-06	0.6350846297592224	6.712806707084661e-06	1.6782016767711652e-05	0.6231072694694587	9.492920507304448e-07	2.8478761521913348e-06	0.634727039227297	CollecTRI, DoRothEA	0.1678914802891142	0.2176699815290089		CollecTRI, Ensemble	0.9316801908738188	0.9363285887001886	
ReplogleWeissman2022_K562_essential	MYC	1.983650482038508e-06	2.545684785282752e-05	0.6564032024375995	7.336826105158524e-06	7.483562627261695e-05	0.6469250782981066	0.000433350233798	0.0016714937589351	0.6129204100067167	1.3182530900773942e-05	0.0001054602472061	0.6424922602611053	CausalPath, CollecTRI	0.6957207127428742	0.7270145004879384		CausalPath, CollecTRI	0.6957207127428742	0.861404645491466	
ReplogleWeissman2022_K562_gwps	MYC	1.4439229767895594e-06	4.079082409430505e-05	0.6365224478855404	8.4593778457929e-06	0.0004192091688026	0.6255350253751571	0.0002960296314447	0.0088808889433413	0.6002397340360791	1.6045829569041936e-05	0.0006097415236235	0.6213329103000846	CausalPath, CollecTRI	0.633085183850328	0.6703254887827003		CausalPath, CollecTRI	0.633085183850328	0.8591870352254452	
ReplogleWeissman2022_rpe1	MYC	1.6940435844430214e-23	3.7692469753857225e-22	0.8099892207784268	9.82432702594277e-32	2.4888295132388354e-30	0.8644416098329323	1.004315674351423e-27	1.9584155649852748e-26	0.8390105937945102	2.4069040196310115e-30	8.363991468217763e-29	0.8558335150246863	CollecTRI, DoRothEA	0.0110370444783935	0.0286963156438232	CollecTRI	CollecTRI, Ensemble	0.0026730381498666	0.0173747479741333	CollecTRI
ReplogleWeissman2022_K562_gwps	MYCN	0.7971777509323665	0.9478530748557328	0.4837545672044959	0.8327659388551131	0.9861500865045688	0.4811451906697913	0.8579624877459211	0.9999995011210674	0.4790733069023728	0.9171275804720544	0.9999973175522412	0.4729235647098025								
NadigOConner2024_hepg2	NANOG	0.0426554252224209	0.1096853791433682	0.5941499085923219	0.3140935592732329	0.6755368496761728	0.5265009721134035	0.0102938306392937	0.0411753225571751	0.6266939438785873	0.1853829254049609	0.3589014974516168	0.5489756536374453	DoRothEA, CausalPath	0.6123590631205673	0.6252137924212304		DoRothEA, CausalPath	0.6123590631205673	0.6252137924212304	
NadigOConner2024_jurkat	NANOG	0.6663111818079974	0.8455708565235106	0.4872874024830131	0.5768971569099358	0.8803761215621544	0.4942625758465453	0.3282003115702506	0.6320649984780564	0.5131612979895422	0.2258048324428751	0.4638376427474491	0.5222681262757598								
ReplogleWeissman2022_K562_essential	NANOG	0.354696222555056	0.682790228418483	0.5096795040390757	0.6954160042969074	0.8866554054785569	0.4867217734360323	0.2712918332137354	0.4904195434556309	0.5158151418373098	0.4749862474709287	0.7599779959534859	0.5016299079466466								
ReplogleWeissman2022_K562_gwps	NANOG	0.780563678415035	0.9333724408560736	0.4859549097440351	0.3595425271804647	0.8487040402070734	0.5065260990670746	0.7360235481441273	0.9999995011210674	0.4885488816343846	0.3814479494622623	0.843819083453071	0.505473715202607								
ReplogleWeissman2022_rpe1	NANOG	0.4420607923374768	0.570194355333847	0.5049748337665626	0.3732683508211982	0.9185077223740642	0.511031523506333	0.9481837313247098	0.9999840789178064	0.4444553968671203	0.8806951210068736	0.9999999999778226	0.4597802700624044								
ReplogleWeissman2022_K562_gwps	NCOA1	0.3145491317862661	0.7108810378369613	0.510236273804094	0.85838638390037	0.9861500865045688	0.4772576646138349	0.4473258503285192	0.951007713296852	0.5028064494512692	0.6737099346406482	0.9776029600513464	0.4904592679698438								
ReplogleWeissman2022_K562_gwps	NCOA2	0.3475061890560088	0.7590365183523944	0.5080137371842123	0.4164457644216946	0.8598833839447954	0.5043127387254573	0.7458560727335045	0.9999995011210674	0.4864789251490986	0.3790162681053248	0.843819083453071	0.5062968572002948								
ReplogleWeissman2022_K562_gwps	NCOA3	0.3727516164120699	0.7728611496250257	0.5101687485957326	0.9144881077319472	0.9899555729331274	0.4571127868154566	0.0924344507311308	0.7026517770215218	0.5415399048448704	0.6968433110985814	0.9792094244517237	0.4838547682022618								
ReplogleWeissman2022_K562_gwps	NFE2L2	0.065046920528555	0.3000123273357845	0.537098689339087	0.6194626554480444	0.9409120818571264	0.4925478848978714	0.2677425071404665	0.8412247588103643	0.5151865909269502	0.4201896244530359	0.8561805032139952	0.5049361783775419								
ReplogleWeissman2022_K562_gwps	NFKB1	0.3295577602362127	0.7364066510260594	0.5071564007608027	0.7943806827648218	0.9807512218697872	0.4866695999632494	0.7955234703279632	0.9999995011210674	0.4866043594013208	0.9163536790004884	0.9999973175522412	0.4775972423640516								
ReplogleWeissman2022_K562_gwps	NFKB2	0.9236468361862732	0.9984915547777272	0.4740040773202307	0.5355055365636149	0.9037171005689472	0.4983799048554649	0.2095980878803962	0.8412247588103643	0.5146859014614945	0.1855512292468694	0.7098016613520532	0.5162601486047349								
ReplogleWeissman2022_K562_gwps	NFYA	0.3894353879403542	0.7858249792367863	0.5071988965930623	0.2638545847671585	0.7641502909490435	0.5161904601099292	0.2771582118031637	0.8412247588103643	0.5151597623707208	0.2847663694425323	0.7807509210429799	0.5145812546399602								
NadigOConner2024_hepg2	NFYB	0.0139839424934908	0.0449483865862205	0.5628720761261895	0.0563162626481618	0.2583922639150955	0.5453854747730433	0.3853345079229566	0.7253899937716413	0.5083399740620947	0.0601444186241695	0.1640048658327671	0.5444440538133408	CausalPath, CollecTRI	0.6252137924212304	0.6252137924212304		CausalPath, CollecTRI	0.6252137924212304	0.6252137924212304	
NadigOConner2024_jurkat	NFYB	0.0360159803928143	0.1275565972245509	0.6108242902136032	0.5813682360536538	0.8803761215621544	0.4873485293332621	0.6006754544336228	0.8314245782274046	0.4842867056607514	0.3818643955289778	0.6428716261423865	0.5185196482906406								
ReplogleWeissman2022_K562_essential	NFYB	0.7364852183395589	0.945156030202434	0.4654464453449988	0.0516721707352039	0.1647050442184626	0.5889837900217385	0.2724553019197949	0.4904195434556309	0.5330741257615201	0.2968247049886537	0.6111966720416993	0.5291491103298355								
ReplogleWeissman2022_K562_gwps	NFYB	0.5510993122777956	0.8392270941569527	0.4960675286696427	0.6402743308654283	0.948712131448442	0.4890023468787717	0.0881541134300552	0.7026517770215218	0.5414019683062191	0.0989419155531191	0.5831057965736678	0.5394238740139456								
ReplogleWeissman2022_rpe1	NFYB	0.1830417913625089	0.2761138886654796	0.5294584124033552	0.931551501154136	1.0	0.4515215271947268	3.706646519330315e-06	2.8911842850776455e-05	0.6460609542527009	0.0005988217259183	0.0021342620487858	0.6055808000425897	DoRothEA, CausalPath	0.0011721309914317	0.0050792342962043	DoRothEA	DoRothEA, Ensemble	0.015610463380072	0.0405872047881873	DoRothEA
ReplogleWeissman2022_K562_gwps	NR3C1	0.851889653909808	0.9741417727909524	0.4759089013624503	0.9607702115122934	0.9986814806952088	0.4594159146463523	0.8638542578355342	0.9999995011210674	0.4746812832412328	0.9634684657681678	0.9999973175522412	0.4586607856636466								
ReplogleWeissman2022_K562_gwps	NR4A1	0.2659564475397863	0.6753500802695698	0.5146991643194446	0.1674822467305616	0.6456050426677296	0.522673254716374	0.4668806787515767	0.9680018095046352	0.5019545365991338	0.2587871850032192	0.7627855882055198	0.5152169658551868								
NadigOConner2024_hepg2	NRF1	0.0006032468731393	0.0027146109291269	0.6711625702484936	0.296945231752409	0.6755368496761728	0.5281941905342271	0.0231003961255086	0.0840014404563949	0.6054032094251472	0.0260952527545101	0.0932905285973736	0.6026542081386689	CausalPath, DoRothEA	0.2189335656141094	0.2919114208188126		CausalPath, DoRothEA	0.2189335656141094	0.3284003484211642	
NadigOConner2024_jurkat	NRF1	3.2440404584289057e-13	6.893585974161424e-12	0.7314056219908637	6.406830724676585e-13	1.5589954763379688e-11	0.7283960973528404	1.156420712871046e-10	2.2550203900985398e-09	0.7040216404084089	4.927914453069419e-14	1.3305369023287432e-12	0.7395487370042076	CausalPath, CollecTRI	0.9142863432733384	0.9142863432733384		Ensemble, CausalPath	0.7759931536317946	0.8729922978357689	
ReplogleWeissman2022_K562_essential	NRF1	6.081030781345229e-07	1.0117622181269098e-05	0.6692069144837688	0.0014416575430522	0.0073524534695663	0.60389967518589	1.3173179506859884e-08	1.7783792334260846e-07	0.6940022380318389	3.34752909108239e-08	4.16581398001364e-07	0.688250605112623	DoRothEA, CausalPath	0.4869509858777368	0.7270145004879384		DoRothEA, Ensemble	0.7656930182146364	0.861404645491466	
ReplogleWeissman2022_K562_gwps	NRF1	0.029976577573296	0.1831001765287811	0.5520519707587636	0.071412212279564	0.5398279097743318	0.5405470405574303	0.0001063073078094	0.0047838288514262	0.6024785335363736	0.0001151428585712	0.0041180504712548	0.6019169965455701	DoRothEA, CausalPath	0.1102282458868464	0.1925741368740923		DoRothEA, Ensemble	0.9735841581459684	0.9735841581459684	
ReplogleWeissman2022_rpe1	NRF1	4.095357927157935e-06	1.735651692938363e-05	0.6772746735351445	1.0324771728564155e-07	1.3078044189514595e-06	0.7064188636262191	2.099659682475141e-12	2.7295575872176828e-11	0.7754546701956888	2.072444114410416e-13	2.400581099192065e-12	0.7881908912213647	DoRothEA, CollecTRI	0.0888982941021994	0.1444597279160741		Ensemble, DoRothEA	0.483154155944873	0.6978893363648165	
ReplogleWeissman2022_K562_gwps	PPARA	0.7523597795442036	0.9141575815967206	0.4882758111189856	0.024215568516564	0.2769267579073736	0.5339307147716346	0.6769906618406882	0.9999995011210674	0.492103469186583	0.0343050234392406	0.3476242375176387	0.5313073541944052								
ReplogleWeissman2022_K562_gwps	PPARG	0.7339321194139183	0.9046582954203908	0.4835912505129638	0.9336400035198916	0.9974272934533978	0.4605121718485471	0.7281140906820919	0.9999995011210674	0.4840542885988294	0.9062003138725152	0.9999973175522412	0.4653907690331027								
ReplogleWeissman2022_K562_gwps	RARA	0.3575704774107736	0.7696278847127128	0.5073127632101196	0.6444826788985103	0.951785678108396	0.4925743818267104	0.7649638726394741	0.9999995011210674	0.4855209949535822	0.6627515807079821	0.9743285581947684	0.491581850937376								
ReplogleWeissman2022_K562_gwps	RELA	0.4366553837334356	0.7886027772090635	0.5033976587059952	0.6234518298020955	0.9409120818571264	0.4932974777772274	0.102360877434882	0.7273009712478464	0.5270228477197441	0.4966091299921532	0.912200456299786	0.5001811472806785								
SunshineHein2023	RELA	0.0201902157448111	0.0705273465286965	0.5499685551303855	0.0071032366000279	0.0165742187333986	0.5597718253968254	0.0332467521219976	0.0797922050927942	0.5447336486678005	0.0081116518018903	0.0310946652405797	0.5585981788548753	CollecTRI, CausalPath	0.4987621510940514	0.6982670115316719		CollecTRI, Ensemble	0.7672414282027356	0.8257707241139165	
ReplogleWeissman2022_K562_gwps	RUNX1	0.1792024089190519	0.5624964502181352	0.5198400579211648	0.0156414924440349	0.2294040978131509	0.5465202564973194	0.4314129363256162	0.931851942463331	0.5037324934664611	0.2361925566438442	0.7378857881542935	0.5155237481642263								
ReplogleWeissman2022_K562_gwps	RUNX2	0.4171959321971412	0.7886027772090635	0.5048792132949139	0.7283208717401013	0.9559333566863149	0.4857553864222306	0.5988218058446347	0.9999995011210674	0.49413339352536	0.6216173256322896	0.9616878727339238	0.4927403654549495								
ReplogleWeissman2022_K562_gwps	RUNX3	0.2517297416426081	0.6615223443166213	0.5121632813925714	0.3496631679084863	0.8487040402070734	0.5070215776956757	0.2465889159736268	0.8412247588103643	0.5124579163818272	0.2001578007667	0.7137208344532978	0.5152902157292811								
ReplogleWeissman2022_K562_gwps	RXRA	0.780024801355838	0.9333724408560736	0.4767427868857235	0.3690652226935625	0.8487040402070734	0.5100684965431243	0.1729781529188969	0.8299473673295268	0.5283825084710209	0.3346130021089331	0.8270109970822411	0.5128656086752577								
FrangiehIzar2021_RNA	SMAD3	0.0097971381626776	0.0269421299473636	0.5254279638167211	1.9551628351640003e-06	1.1079256065929337e-05	0.5502898123676193	5.488640258782514e-05	0.0002378410778805	0.5421387575002992	7.720279037443975e-06	3.860139518721987e-05	0.5470891880721386	CollecTRI, DoRothEA	0.4572880773888286	0.5716100967360357		CollecTRI, Ensemble	0.6134359602095385	0.6134359602095385	
ReplogleWeissman2022_K562_gwps	SMAD3	0.6762615239182989	0.879855710281378	0.48906468731268	0.8283253590040751	0.9861500865045688	0.4773394750587261	0.8452120279483474	0.9999995011210674	0.4757002842904076	0.9296659126135232	0.9999973175522412	0.464766715716018								
SunshineHein2023	SMAD3	0.3922619503834804	0.6775433688441934	0.5072323378696236	0.3865902944969223	0.5412264122956911	0.5076234879032259	0.3949164587034028	0.4738997504440834	0.5070498886928763	0.4002577318932185	0.6575662738245732	0.5066836777553764								
FrangiehIzar2021_RNA	SMAD4	2.823181935109327e-05	0.0001242200051448	0.5466486129195174	0.001176258451154	0.0049990984174046	0.5352337892422906	0.0037915650710303	0.0123225864808487	0.5309292665428654	0.0262760900641065	0.0938431788003806	0.5224557926506544	CausalPath, CollecTRI	0.4169408044809922	0.5716100967360357		CausalPath, CollecTRI	0.4169408044809922	0.6134359602095385	
PapalexiSatija2021_eccite_RNA	SMAD4	7.531433623625105e-12	1.882858405906276e-11	0.585728967790106	8.571254036669866e-08	2.7856575619177064e-07	0.5664244003017094	0.0004027336661489	0.0008054673322978	0.5425757485178462	1.7126132152589485e-05	4.281533038147371e-05	0.5526420558976427	CausalPath, CollecTRI	0.1741359852232071	0.2176699815290089		CausalPath, CollecTRI	0.1741359852232071	0.2902266420386786	
ReplogleWeissman2022_K562_gwps	SMAD4	0.2921143964480896	0.6858545805559533	0.5125806142417151	0.5485536463692647	0.9094817547312224	0.4971950527475641	0.0045415035947579	0.1226205970584641	0.5599795405444149	0.1625310056220879	0.667694942015064	0.5226249176150654								
ReplogleWeissman2022_K562_gwps	SOX2	0.5570091332900129	0.8392270941569527	0.4843549267190626	0.06249649264566	0.4890076442099013	0.6673993164913221	0.9254368482353934	0.9999995011210674	0.3414977838619197	0.8689813058955028	0.9999973175522412	0.3760293315208546								
NadigOConner2024_hepg2	SP1	0.0353504158961463	0.0964102251713083	0.5599294063645069	0.0013319444158842	0.0173152774064956	0.5996079890046984	0.3989644965744027	0.7253899937716413	0.5084904938652653	0.0109504638120423	0.0447404664320586	0.5760002743549362	CollecTRI, CausalPath	0.117039025172586	0.2331412747588615		CollecTRI, Ensemble	2.174963066822296e-06	2.609955680186755e-05	CollecTRI
NadigOConner2024_jurkat	SP1	0.2484918205394641	0.4494001009756265	0.5141926618278235	0.7051412650089887	0.8884222029756293	0.4887329558770497	0.7857373579395067	0.9394447688875062	0.4834576771304559	0.792984374603378	0.9390604436092634	0.4829331760550773								
ReplogleWeissman2022_K562_gwps	SP1	0.0011602585396911	0.0201706484592467	0.5627271091433487	0.0006278727421552	0.0192443553661725	0.5664360298262043	0.0542461522021666	0.5858584437833999	0.5330543830580737	0.0120966880981411	0.1793850332602394	0.5464210017514612	CollecTRI, CausalPath	0.821426554306166	0.821426554306166		CollecTRI, CausalPath	0.821426554306166	0.9180649724598324	
ReplogleWeissman2022_rpe1	SP1	0.5153250724833781	0.6115190860136087	0.4991888289900252	0.2287936109811716	0.6687813244065018	0.5156866361997168	0.1055323309049396	0.2421035826642734	0.5264103261746761	0.3000597338366225	0.5213537875411317	0.5110704782634761								
ReplogleWeissman2022_K562_gwps	SP3	0.9170758621037404	0.9984915547777272	0.4667487123556094	0.7960357451050739	0.9807512218697872	0.4801417853024838	0.9628293554674848	0.9999995011210674	0.4571779271524862	0.7627290325440133	0.9999973175522412	0.4828398653316912								
NormanWeissman2019_filtered	SPI1	2.921116312736104e-66	1.5579287001259222e-65	0.7061243443964134	1.597171490313947e-38	9.583028941883685e-38	0.6553228037174817	1.7011945731688944e-58	1.531075115852005e-57	0.6932423606042393	1.2391264838591298e-47	8.178234793470257e-47	0.6736397923578874	CausalPath, DoRothEA	0.4067030806792581	0.4970815430524265		CausalPath, DoRothEA	0.4067030806792581	0.8532496674482819	
PapalexiSatija2021_eccite_RNA	SPI1	0.0211216611381893	0.0301738016259847	0.5854987426655491	0.1406682688532488	0.3047812491820391	0.5453513551271305	0.0269134769553663	0.0448557949256105	0.5811679240011176	0.099692396888627	0.1869232441661757	0.5540217239452362	CausalPath, DoRothEA	0.9363285887001886	0.9363285887001886		CausalPath, DoRothEA	0.9363285887001886	0.9363285887001886	
ReplogleWeissman2022_K562_gwps	SPI1	0.0582035605623868	0.2798724401510519	0.5500787783794209	0.1473829462508111	0.6307633796512496	0.5334188672584307	0.0467960879050942	0.5503459054447316	0.553482511036328	0.0765254469403788	0.5429044340260708	0.5455750903418033								
TianKampmann2021_CRISPRa	SPI1	0.0018513233037889	0.0074052932151559	0.6478802992518703	0.0681540549960967	0.3407702749804839	0.5759173494834343	0.3186837504952886	0.6373675009905773	0.5240470252939081	0.3590943949931866	0.9999999958196356	0.5184182401140007	CausalPath, CollecTRI	0.3061049468826595	0.3061049468826595		CausalPath, CollecTRI	0.3061049468826595	0.3061049468826595	
ReplogleWeissman2022_K562_gwps	SREBF1	0.9403615533932737	0.9984915547777272	0.4599032706517797	0.9930811086343928	0.9998782080621428	0.4366446169702888	0.8115916070481004	0.9999995011210674	0.4772524355181997	0.9744972721253594	0.9999973175522412	0.4497718978587437								
SunshineHein2023	SREBF1	0.0222717936406409	0.0705273465286965	0.5959318693693694	0.0094807881659704	0.0189615763319408	0.6120407516891894	0.099262806055328	0.1323504080737706	0.561400267454955	0.079850743557101	0.2040630113125915	0.5671452702702703	CollecTRI, CausalPath	0.4918406555783944	0.6982670115316719		CollecTRI, CausalPath	0.4918406555783944	0.8257707241139165	
ReplogleWeissman2022_K562_gwps	SREBF2	7.805666644924927e-44	1.764080661753033e-41	0.7916540368216419	4.127305737613256e-27	9.20389179487756e-25	0.725969551499114	7.41532289889557e-08	5.0053429567545096e-06	0.6107703944076045	1.206325537028189e-14	1.8336148162828474e-12	0.6607694676645075	CausalPath, CollecTRI	1.3914208683375816e-05	0.0001252278781503	CausalPath	CausalPath, CollecTRI	1.3914208683375816e-05	0.0002643699649841	CausalPath
SunshineHein2023	SREBF2	2.2627037942245593e-05	0.0001074784302256	0.6423502604166667	0.0230769440732452	0.0403846521281791	0.5695917038690477	0.0869374243430707	0.130406136514606	0.5474609374999999	0.0557552269614573	0.1602962775141899	0.5555431547619047	CausalPath, CollecTRI	0.0004396082253857	0.0015386287888502	CausalPath	CausalPath, CollecTRI	0.0004396082253857	0.0015386287888502	CausalPath
NadigOConner2024_hepg2	SRF	0.0067471402736504	0.0233554855626361	0.6092428043025381	0.0032640370710075	0.0318243614423234	0.6202778604462207	0.0003742937092516	0.0025392844362169	0.6490700981156319	0.0013460792786862	0.0074034360327745	0.6326970225188838	DoRothEA, CollecTRI	0.4188241564775223	0.5025889877730269		DoRothEA, Ensemble	0.2124177590754141	0.3284003484211642	
ReplogleWeissman2022_rpe1	SRF	7.061963084986018e-14	6.675141594529074e-13	0.7199453992907442	1.6892026700759127e-34	6.418970146288467e-33	0.8626478577061246	3.916116882292837e-38	1.5272855840942066e-36	0.8823972662753	1.4362305610212235e-34	6.654534932731669e-33	0.8630407614585399	DoRothEA, CollecTRI	0.2706272905322774	0.3198322524472369		DoRothEA, Ensemble	0.0148594833633581	0.0405872047881873	DoRothEA
FrangiehIzar2021_RNA	STAT1	1.0225882040774071e-39	2.249694048970296e-38	0.6435097765071346	3.680382801803118e-111	6.256650763065302e-110	0.7444115973222096	1.5786313873489937e-42	2.0522208035536914e-41	0.6487676764741175	1.0990687247053204e-41	2.747671811763301e-40	0.6472110800422571	CollecTRI, DoRothEA	7.15714624934031e-36	3.578573124670155e-35	CollecTRI	CollecTRI, DoRothEA	7.15714624934031e-36	3.578573124670155e-35	CollecTRI
PapalexiSatija2021_eccite_RNA	STAT1	2.3872792295233124e-86	2.3872792295233125e-85	0.7933799264478224	2.8591443301230704e-124	3.716887629159991e-123	0.8533827205243802	1.513467732293405e-48	7.567338661467026e-48	0.7177982676725343	2.1137099839366295e-43	1.5852824879524722e-42	0.7053910574447037	CollecTRI, CausalPath	1.3041614147375704e-12	6.520807073687852e-12	CollecTRI	CollecTRI, CausalPath	1.3041614147375704e-12	6.520807073687852e-12	CollecTRI
ReplogleWeissman2022_K562_gwps	STAT1	0.2864755813880349	0.6858545805559533	0.5145094554161096	0.8933961765343996	0.9899555729331274	0.4679601850344998	0.4039003818270948	0.9164126310362656	0.5062614543013927	0.435129402595195	0.864570839143394	0.5042040144700468								
SunshineHein2023	STAT1	3.664373633842275e-08	2.320769968100108e-07	0.6131516894693201	1.0638211323780151e-10	4.96449861776407e-10	0.6335186048922057	6.602319543886944e-05	0.0001980695863166	0.5803534411276948	6.86935281132984e-05	0.0003949877866514	0.5801477637852405	CollecTRI, CausalPath	0.294679628273819	0.6875857993055777		CollecTRI, CausalPath	0.294679628273819	0.6875857993055777	
FrangiehIzar2021_RNA	STAT3	0.0938090767359242	0.2063799688190332	0.5166313604396824	0.2232023977807794	0.5420629660390358	0.5096106121738887	0.1129110378799657	0.209691927491365	0.5152875491553706	0.2087447148755561	0.5798464302098781	0.5102336553175055								
PapalexiSatija2021_eccite_RNA	STAT3	0.1597902468508409	0.1997378085635511	0.5142174857051529	0.5916479272742479	0.854602561618358	0.4966896143664275	0.1019490984178362	0.1456415691683374	0.518148462379431	0.3716718102300577	0.5575077153450866	0.5046773861725515								
ReplogleWeissman2022_K562_gwps	STAT3	0.1982706044771056	0.5819370988548815	0.5187924680024124	0.4971955594009237	0.9037171005689472	0.500155858899212	0.9648594874212828	0.9999995011210674	0.4598779617723924	0.6358034507343666	0.9640112170735534	0.49230268318545								
ReplogleWeissman2022_K562_gwps	STAT4	0.9407811197548602	0.9984915547777272	0.4573781124055868	0.1067393288028478	0.5796180866535	0.5339596835182508	0.0822965153998283	0.6943768486860512	0.5379369453671704	0.7859198336392503	0.9999973175522412	0.4783707555929964								
NadigOConner2024_hepg2	STAT5A	0.3049327726104898	0.4731715437059324	0.527439814522964	0.7497245718191027	0.9872719197433208	0.4637836474815608	0.9684548146727192	0.999927694428874	0.4000714450818466	0.8654083713766993	0.969810328018674	0.4405920135605566								
NadigOConner2024_jurkat	STAT5A	0.4415708052791096	0.6584827798021811	0.5040287547784821	0.964771418402625	0.9999999999727516	0.4504236221793473	0.7949148044432744	0.9394447688875062	0.4774287871343487	0.9623292219017598	0.9999681819073516	0.4512617290016417								
PapalexiSatija2021_eccite_RNA	STAT5A	0.8693895706489367	0.9587056862517052	0.4857254062964663	0.875193683871736	0.9481264908610472	0.4853724368375463	0.6029197592483309	0.6699108436092565	0.4966852669911866	0.8948611819263688	0.9919595425299416	0.4840826673552221								
ReplogleWeissman2022_K562_essential	STAT5A	0.9999881318155772	0.9999881318155772	0.4135506385987382	0.9114069347105608	0.9958647180348495	0.4723978755637076	0.1759431419685581	0.3958720694292558	0.5190418196339152	0.4057927045495301	0.6794267564770663	0.5048761347031054								
ReplogleWeissman2022_K562_gwps	STAT5A	0.99999988097155	0.99999988097155	0.4309833884864289	0.9962617401655006	0.9998782080621428	0.4642707173419297	0.6081052144376613	0.9999995011210674	0.4963349164006438	0.8052390041162278	0.9999973175522412	0.4885060473551465								
ReplogleWeissman2022_rpe1	STAT5A	0.0657794038419311	0.1125839796525359	0.544850516723773	0.0010050078533491	0.0058754305272716	0.5918652321683029	0.2784458138994936	0.4176687208492404	0.517472688116506	0.0021836330219087	0.0063234372926108	0.5847745184392683	CollecTRI, CausalPath	0.1822048008759286	0.2368662411387072		CollecTRI, Ensemble	0.6952382549499299	0.8216452103953716	
NadigOConner2024_hepg2	STAT5B	0.3492241990547837	0.5152488182775498	0.5118338902616781	0.0213065000668857	0.1384922504347573	0.5619261908110171	0.9540423002874692	0.999927694428874	0.4485248653438781	0.3074188159864437	0.5171869492477819	0.5153696597937915								
NadigOConner2024_jurkat	STAT5B	0.93581461302968	0.9999999809091804	0.4683888319189768	0.9478853201122308	0.9999999999727516	0.466224070368018	0.9986903891639244	0.9989523152766095	0.437440616713089	0.9949520551599218	0.9999681819073516	0.4465190908172681								
ReplogleWeissman2022_K562_gwps	STAT5B	1.1941918759007826e-07	5.397747279071536e-06	0.632974666781542	0.0039347811833951	0.0763005394693137	0.5684046890439707	0.0892349389067962	0.7026517770215218	0.5346315318103833	0.0005915952808323	0.0154589719657431	0.5834694287820335	CausalPath, CollecTRI	0.023523995037974	0.0846863821367065	CausalPath	CausalPath, Ensemble	0.0660269735745043	0.2844221729469842	
ReplogleWeissman2022_rpe1	STAT5B	0.2963289837493785	0.425375476672495	0.5118990706709236	0.6495865982357756	1.0	0.4914550607366279	0.6290374440345775	0.7666393849171413	0.4926760957418518	0.473788260262331	0.7224507435426807	0.5014626287966477								
NadigOConner2024_hepg2	TBP	0.6420295991375238	0.7704355189650285	0.4877784548716907	0.1977705021021581	0.5142033054656111	0.5285395084298192	0.5684660911333661	0.842171986864246	0.4942081386688334	0.3023784163155993	0.5147632563467942	0.5173864174961067								
ReplogleWeissman2022_K562_gwps	TCF4	0.5548197145373066	0.8392270941569527	0.4968408480092989	0.8439032429233466	0.9861500865045688	0.476838462598572	0.7905879138977256	0.9999995011210674	0.4814717225573457	0.8520684219574142	0.9999973175522412	0.4760428480455436								
ReplogleWeissman2022_K562_gwps	TCF7L2	0.6129905404842142	0.8604711934747354	0.4938821093205993	0.692034538389364	0.9535266025170543	0.4893115092256191	0.7410672790106243	0.9999995011210674	0.4862215896675397	0.914409017953727	0.9999973175522412	0.4708421345515676								
FrangiehIzar2021_RNA	TFAP2A	0.5240235256390723	0.6781480920035053	0.4992884687980369	0.9332418730174018	0.9915694900809894	0.4822820226119725	0.6645956664828243	0.9599715182529684	0.4949807313619082	0.8571116729887585	0.999995150201828	0.4873946946180708								
ReplogleWeissman2022_K562_gwps	TFAP2A	0.0060835974407105	0.0572872092333576	0.5431823312388939	0.0455963739177484	0.4068952228220564	0.5290919390934932	0.2147667001166483	0.8412247588103643	0.5136059668948355	0.0743395226305037	0.5409846612039587	0.5248735946178562	CausalPath, CollecTRI	0.5270090505618223	0.5928851818820502		CausalPath, CollecTRI	0.5270090505618223	0.7702439969749711	
NadigOConner2024_hepg2	TFDP1	0.4491135555693603	0.6218495384806528	0.5030812347996991	0.0391855472512725	0.2037648457066172	0.5423961438586667	0.0003808926654325	0.0025392844362169	0.5810797085934198	0.0015856912530744	0.0083603838372651	0.5710674111039742	DoRothEA, CollecTRI	0.0170361125380078	0.0511083376140236	DoRothEA	DoRothEA, Ensemble	0.2516841717872838	0.3355788957163785	
NadigOConner2024_jurkat	TFDP1	0.9642766684908168	0.9999999809091804	0.4712545026269628	0.708531223467945	0.8884222029756293	0.4912439136282206	0.177931516525391	0.4305974306292461	0.5147231638952481	0.5793230242662804	0.8115222097123123	0.496808240799905								
ReplogleWeissman2022_K562_essential	TFDP1	8.78318011039267e-05	0.0006148226077274	0.5854792663853701	4.864579098215089e-05	0.0003101169175112	0.5887962759134167	2.024224021669764e-08	1.821801619502788e-07	0.6250569066523444	7.008949197467392e-08	7.850023101163479e-07	0.6199597994119742	DoRothEA, CollecTRI	0.0677345922194963	0.1524028324938667		DoRothEA, Ensemble	0.6091032434992376	0.861404645491466	
ReplogleWeissman2022_K562_gwps	TFDP1	8.354649487593377e-07	2.6973582631372903e-05	0.5780680721885574	4.973343153636706e-05	0.0022181110465219	0.5634354979902122	2.758936472025899e-10	7.449128474469927e-08	0.6011153551192416	5.960152129031734e-10	6.039620824085492e-08	0.5991217987787043	DoRothEA, CausalPath	0.1283827579160615	0.1925741368740923		DoRothEA, Ensemble	0.7700217808583272	0.9144008647692636	
ReplogleWeissman2022_rpe1	TFDP1	6.317807718844589e-05	0.0002162634180681	0.5862612809953561	1.6912552746750386e-05	0.0001285354008753	0.5932954908547927	7.699402724660348e-11	7.506917656543841e-10	0.6440449513659966	8.456850613199739e-11	7.83668156823176e-10	0.6437222811889582	DoRothEA, CollecTRI	0.0005182495883857	0.0033686223245075	DoRothEA	DoRothEA, Ensemble	0.9616918589733152	0.9616918589733152	
FrangiehIzar2021_RNA	TP53	7.506628065037195e-05	0.0002752430290513	0.5469747554314439	0.1930559697624791	0.5420629660390358	0.5107397002785635	0.0302660495843296	0.0786917289192569	0.5232578037942816	0.0829947651286761	0.2593586410271128	0.5171649482462927	CausalPath, DoRothEA	0.0785754460809367	0.1964386152023419		CausalPath, DoRothEA	0.0785754460809367	0.1964386152023419	
ReplogleWeissman2022_K562_gwps	TP53	0.8534516416487105	0.9741417727909524	0.4794612343362594	0.3716166644115393	0.8487040402070734	0.5063993951293964	0.8612928325476831	0.9999995011210674	0.4787815198689651	0.6143443923863832	0.960791235007061	0.4943218108665579								
TianKampmann2021_CRISPRa	TP53	0.6275706402099195	0.8743943174399442	0.4898171238570241	0.9694368836455918	0.9999999958196356	0.4413503278839936	0.9966573674292136	0.9966573674292136	0.4150503371201626	0.9957898376450188	0.9999999958196356	0.4174748314399187								
ReplogleWeissman2022_K562_gwps	TP63	0.8966962444206596	0.9954610858195412	0.4701023194231506	0.9177769756166853	0.9911102448548224	0.467088189169729	0.9250810711508564	0.9999995011210674	0.4659085318055504	0.920138392908958	0.9999973175522412	0.4667158078134423								
NormanWeissman2019_filtered	TP73	2.6644606374916953e-52	1.065784254996678e-51	0.782181686998781	2.0253488706229352e-58	1.5190116529672014e-57	0.7988869169548546	1.0953060780563764e-23	4.928877351253694e-23	0.6853054171055142	1.4433181899172798e-57	1.190737506681756e-56	0.7966145854930158	CollecTRI, CausalPath	0.2773912946319511	0.4970815430524265		CollecTRI, Ensemble	0.7831063870276701	0.8614170257304371	
ReplogleWeissman2022_K562_gwps	TP73	0.5795149042702861	0.8534806015070802	0.495835944100679	0.3478724977418912	0.8487040402070734	0.508115819281245	0.9248369957411804	0.9999995011210674	0.4701497239091944	0.8015430880448581	0.9999973175522412	0.4824194438668325								
ReplogleWeissman2022_K562_gwps	TWIST1	0.9921596911064784	0.99999988097155	0.449464669070864	0.9110628829719069	0.9899555729331274	0.4718211075142099	0.7739316755904406	0.9999995011210674	0.4842751955676135	0.9073262292915212	0.9999973175522412	0.4722992337980691								
ReplogleWeissman2022_K562_gwps	USF1	0.9410561998568844	0.9984915547777272	0.4642751122428466	0.6221435668151536	0.9409120818571264	0.4928921798565971	0.7283296112585306	0.9999995011210674	0.4861147222408363	0.5353567953933764	0.9174275484590948	0.4979725926422301								
NadigOConner2024_hepg2	USF2	0.9458024501029104	0.9966961233902358	0.4359935458897206	0.6587406078680191	0.9540554052512628	0.4836941732874953	0.6907056596375043	0.9209408795166724	0.4801528443693253	0.5101232818181768	0.7145747553307669	0.4989901080411928								
NadigOConner2024_jurkat	USF2	0.6690607567715642	0.8455708565235106	0.4892297553618878	0.1237912869361854	0.3346949609756124	0.5284767404598257	0.0128135877738664	0.0624662403975988	0.5549664789601085	0.0022134010229457	0.014940456904884	0.5700936440680524	DoRothEA, CollecTRI	0.303578979959716	0.4553684699395741		Ensemble, DoRothEA	0.1733771240190574	0.3900985290428793	
ReplogleWeissman2022_K562_essential	USF2	0.2901241187100711	0.6359749155028492	0.5118711661452761	0.2791427910804788	0.620343956086272	0.5125659565952512	0.0282743396677907	0.0848230190033721	0.5409303555530145	0.0508329971126819	0.1779154898943866	0.5351356704702317	DoRothEA, CollecTRI	0.1991536153938498	0.3584765077089296		DoRothEA, Ensemble	0.5627820541514963	0.861404645491466	
ReplogleWeissman2022_K562_gwps	USF2	0.0132867507821153	0.1072430598842167	0.5318983622099618	0.5420663663466497	0.9054741550209956	0.4984805458141919	0.3001004596440898	0.8473933899077585	0.5075385001029978	0.5179515475501245	0.9174275484590948	0.499352577800611								
ReplogleWeissman2022_rpe1	USF2	0.8969142288677499	0.9854983502374042	0.4640516212955536	0.9806227444488802	1.0	0.4412276149330386	0.4920401596856305	0.6396522075913197	0.5005678409910426	0.8436231811720339	0.9999999999778226	0.4712945426605288								
ReplogleWeissman2022_K562_gwps	WT1	0.4981373540247435	0.8088087859476941	0.5000805797160894	0.1068537212911799	0.5796180866535	0.5214535445655433	0.5206272068955485	0.9999995011210674	0.4991075420849566	0.1068537212911799	0.5984293400503303	0.5214535445655433								
ReplogleWeissman2022_K562_gwps	XBP1	0.637307234376276	0.867659246801436	0.4938061977133174	0.7402711823963749	0.9559333566863149	0.488641395097062	0.993879167353504	0.9999995011210674	0.4558320319399185	0.8875986875562347	0.9999973175522412	0.4785965228694411								
SunshineHein2023	XBP1	0.858585961296805	0.9595960743905468	0.4743157679738562	0.731585505221025	0.8434152227179917	0.4852302900326797	0.9902256084181656	0.9902256084181656	0.4441795598447712	0.9372340436985503	0.9372340436985503	0.4633629493464052								
NadigOConner2024_hepg2	YY1	0.7904243036813126	0.894939402962677	0.4668494820231565	0.8215917251247662	0.9974158144449194	0.4621897217144018	0.9673604253688622	0.999927694428874	0.4243591306114158	0.8680819719327991	0.969810328018674	0.4541499085923217								
NadigOConner2024_jurkat	YY1	0.2548814900849138	0.4513526386920348	0.5236692843269473	1.0756084434113013e-07	1.5703883273804998e-06	0.6861943693417563	0.031223825580809	0.1353032441835057	0.5668948784627	7.782764532456172e-07	1.5009617312594046e-05	0.6724810128215882	CollecTRI, DoRothEA	0.0012482165328953	0.0056169743980289	CollecTRI	CollecTRI, Ensemble	0.3648978988165636	0.5473468482248455	
ReplogleWeissman2022_K562_essential	YY1	0.5395257466207869	0.8155985603347663	0.4968246404237479	0.4211885369531341	0.7407108753313737	0.5063644652978561	0.965140980778988	0.9999184045846164	0.4419557557401611	0.3767048938536516	0.6702359973999129	0.5100541598126859								
ReplogleWeissman2022_K562_gwps	YY1	0.0002067029580586	0.0038929057101053	0.5769328004970973	0.0232326658424093	0.274679983867637	0.5433780527922121	0.8656271181164035	0.9999995011210674	0.4759062429562664	0.1440144497123984	0.6583517701138215	0.5231461654675821	CausalPath, CollecTRI	0.1283115894951586	0.1925741368740923		CausalPath, CollecTRI	0.1283115894951586	0.3228202665850977	
ReplogleWeissman2022_rpe1	YY1	0.0010704135664871	0.0025070212478252	0.5959279401906027	0.0007295010650887	0.0046201734122284	0.5994510543871839	0.0660413096515388	0.1839722197435724	0.5470567019657306	0.000271239517896	0.0011424937268955	0.6080795257957572	CollecTRI, CausalPath	0.9117179833299092	0.9117179833299092		Ensemble, CollecTRI	0.5489177717388126	0.7135931032604563	
