Dataset	TF	CausalPath_MWU-pvalue	CausalPath_MWU-adjusted-pvalue	CausalPath_ROC-AUC	CollecTRI_MWU-pvalue	CollecTRI_MWU-adjusted-pvalue	CollecTRI_ROC-AUC	DoRothEA_MWU-pvalue	DoRothEA_MWU-adjusted-pvalue	DoRothEA_ROC-AUC	Ensemble_MWU-pvalue	Ensemble_MWU-adjusted-pvalue	Ensemble_ROC-AUC	Best3_Top, Second	Best3_DeLongs-pvalue	Best3_DeLongs-adjusted-pvalue	Best4_Top, Second	Best4_DeLongs-pvalue	Best4_DeLongs-adjusted-pvalue
FrangiehIzar2021_RNA	E2F1	0.999737512181775	0.999737512181775	0.4583268686805001	0.999850134443936	0.999850134443936	0.4565500177544849	0.9999929471603252	0.9999929471603252	0.447817103835734	0.9999973988539086	0.9999973988539086	0.4452423300457379						
FrangiehIzar2021_RNA	FOS	0.4764654669784741	0.8630947639693455	0.5006444188641779	0.6589819003831748	0.999850134443936	0.4955273780986658	0.9377743226599564	0.9999929471603252	0.4832272850195673	0.9128695492575728	0.9999973988539086	0.4851674454723079						
FrangiehIzar2021_RNA	FOXM1	0.7950531989961644	0.999737512181775	0.4851554955179135	0.9405528186235296	0.999850134443936	0.4719093003552518	0.8128375934232224	0.9999929471603252	0.4839968590466167	0.9177723641427584	0.9999973988539086	0.4749569730997651						
FrangiehIzar2021_RNA	IRF3	0.1940183781801801	0.4742671466626625	0.5087985041542993	0.7531726596890871	0.999850134443936	0.4929248728345322	0.5594107802455147	0.8080377936879657	0.4984550176798127	0.7726949491897473	0.9999973988539086	0.492271178502056						
FrangiehIzar2021_RNA	KLF4	0.8404184602703134	0.999737512181775	0.4891921212890597	0.9014157118044148	0.999850134443936	0.4860080422642656	0.2978359444256496	0.6449083345353039	0.5057570517683608	0.8222059568699087	0.9999973988539086	0.4899773388806012						
FrangiehIzar2021_RNA	MYC	0.0701973791022136	0.1930427925310874	0.5313424834158558	9.769702521914591e-06	5.536164762418269e-05	0.5907773470845581	6.070272331889333e-06	3.945677015728066e-05	0.5930086464773014	2.582333211008519e-05	0.0001291166605504	0.5860569728826603	DoRothEA, CollecTRI	0.7956331495806482	0.8609137894098505	DoRothEA, CollecTRI	0.7956331495806482	0.8609137894098505
FrangiehIzar2021_RNA	SMAD3	1.4103248563152036e-05	7.756786709733619e-05	0.5456203457609202	9.387763536407293e-09	7.979599005946199e-08	0.5612586565662634	3.2714650641080786e-05	0.0001417634861113	0.5434941792661093	2.6719043054501136e-07	1.669940190906321e-06	0.554619767308639	CollecTRI, CausalPath	0.1495995267392555	0.299199053478511	CollecTRI, Ensemble	0.2267478115960537	0.4534956231921074
FrangiehIzar2021_RNA	SMAD4	0.0018418630970612	0.0081041976270695	0.5336393522817957	0.0365387011039409	0.1552894796917491	0.5207618563933767	0.000970915817709	0.0031554764075543	0.5358974669581954	0.1503184261461825	0.5368515219506518	0.5119898421562742	DoRothEA, CausalPath	0.8609137894098505	0.8609137894098505	DoRothEA, CausalPath	0.8609137894098505	0.8609137894098505
FrangiehIzar2021_RNA	STAT1	7.181623203973649e-52	1.5799571048742026e-50	0.6650515264945077	1.5287274127809652e-103	2.598836601727641e-102	0.7357080219698415	2.1355376054407418e-41	2.776198887072964e-40	0.6466744821638148	1.0168527985540023e-39	1.2710659981925027e-38	0.6435144274913694	CollecTRI, CausalPath	2.2195891074884348e-14	8.878356429953739e-14	CollecTRI, CausalPath	2.2195891074884348e-14	8.878356429953739e-14
FrangiehIzar2021_RNA	STAT3	0.0467694133320483	0.1469895847578662	0.5211671737728865	0.1989600407310534	0.6764641384855817	0.5106698326468682	0.0464713473932848	0.1208255032225404	0.5212057520872686	0.2155403599058212	0.6735636247056913	0.509937787250224						
FrangiehIzar2021_RNA	TFAP2A	0.5100105423455223	0.8630947639693455	0.4997036635425879	0.5410765329713645	0.999850134443936	0.498781960048784	0.3968666674063409	0.6449083345353039	0.5030876669769127	0.5839893537245611	0.9999973988539086	0.4974952065297371						
FrangiehIzar2021_RNA	TP53	0.9281251261032796	0.999737512181775	0.4818838671224326	0.8993478643541128	0.999850134443936	0.4841654647389636	0.3945117130177383	0.6449083345353039	0.5033157506133108	0.7562504028926986	0.9999973988539086	0.4913966216111898						
GasperiniShendure2019_lowMOI	CEBPB	0.0231896716015887	0.2630011794200716	0.6440133209417596	0.0495067082796125	0.5644622360804367	0.619268897149938	0.075154883470646	0.5617234295080138	0.6039988641057414	0.0302997664262782	0.5247523288864305	0.6356619165634037						
GasperiniShendure2019_lowMOI	GATA2	0.5157786552463022	0.838140314775241	0.4970535591353435	0.4365925841698682	0.7987795346304003	0.5119234476111799	0.1404308573770034	0.5617234295080138	0.5805176924136032	0.101387626880305	0.5247523288864305	0.5950984441690761						
GasperiniShendure2019_lowMOI	MAX	0.1739306892249948	0.7353761937356401	0.5904355408692459	0.5031838077999308	0.7987795346304003	0.4992427371609528	0.6567762900498108	0.947069788884151	0.4611271742622424	0.4499037237098066	0.7310935510284357	0.5121391527835146						
GasperiniShendure2019_lowMOI	MYC	0.6790051673318873	0.886893339895222	0.4699297810821975	0.5885743939381897	0.7987795346304003	0.4855225113589426	0.8308508568712165	0.947069788884151	0.4380627839735646	0.6273808209817288	0.9062167414180526	0.4789859562164394						
NadigOConner2024_hepg2	ATF4	0.0021103143910857	0.0086331043271688	0.6765091500009234	0.0089853383169605	0.0539120299017632	0.6459752922275774	1.1245676646773128e-05	0.0001499423552903	0.7614813583734973	9.09563085390262e-05	0.00072259734006	0.7309013351060885	DoRothEA, CausalPath	0.2056131575356592	0.2919114208188126	DoRothEA, Ensemble	0.1492133209239205	0.3340849472743746
NadigOConner2024_hepg2	CLOCK	0.9301140705883076	0.971335656566934	0.4709377750694021	0.9877400816560538	0.9999864039949394	0.4557383709120455	0.8064190392938049	0.9727557727085164	0.4829801160087571	0.9412643929334276	0.9998509681567735	0.4691890671902859						
NadigOConner2024_hepg2	E2F6	0.2045248338384298	0.3539852893357439	0.5320325875627522	0.4840223920115606	0.820733621236994	0.5015561069034561	0.4697622726868125	0.7995152847739649	0.5029453585212269	0.3512820341806966	0.5773946079062025	0.5148174748266156						
NadigOConner2024_hepg2	FOXO1	0.1473646659299395	0.282187658163714	0.5458100197588315	0.1540573699142209	0.3876282210744915	0.544558934869721	0.3313164215788559	0.6975082559554863	0.5190755821468801	0.1910624914121487	0.3664077039828361	0.5382111794360424						
NadigOConner2024_hepg2	GABPA	0.2138622843506049	0.3564371405843415	0.5254963015809317	0.0004984813778577	0.0097203868682266	0.605807484034621	0.0921660694487139	0.2835879059960428	0.5426767338971379	0.0092373722051598	0.0377412635810817	0.5757370827821624	CollecTRI, DoRothEA	0.0662334774778526	0.1324669549557053	CollecTRI, Ensemble	0.2496294838701112	0.3340849472743746
NadigOConner2024_hepg2	GATA1	0.2311598686826237	0.3782616032988389	0.5475523055047735	0.0490637956162245	0.1917398366401533	0.6069977655900873	0.7288789866910912	0.9404890150852788	0.460582977859029	0.1832547537725187	0.3594572382583309	0.5584196628072313						
NadigOConner2024_hepg2	HSF1	0.8930274054016494	0.9568150772160527	0.4363700995328052	0.5120414320530782	0.8363772704439657	0.498457495429616	0.0134566626224286	0.0598073894330162	0.6133010867357302	0.0630647074217626	0.1670046881724456	0.5783186065407272	DoRothEA, CollecTRI	0.0279822798234511	0.0839468394703534	DoRothEA, Ensemble	0.1250028257396534	0.3340849472743746
NadigOConner2024_hepg2	MAX	0.0033766724714268	0.0121560208971366	0.6171124201593428	0.5258483253944789	0.837064681240191	0.4971990881801972	0.2867278411507779	0.637172980335062	0.5243415261696798	0.0027374427264709	0.0134984244788047	0.620091633376216	CausalPath, DoRothEA	0.0574855400989344	0.1324669549557053	Ensemble, CausalPath	0.9111352137198744	0.9111352137198744
NadigOConner2024_hepg2	MYB	0.4140909320707892	0.5646694528238034	0.5100756782658062	0.4606668648419699	0.7984892323927479	0.504586009156393	0.2420944776036519	0.6035653439216694	0.5324718615395032	0.4556803084286333	0.6717761247968511	0.5051693516044522						
NadigOConner2024_hepg2	MYBL2	2.119324270221012e-07	1.7339925847262825e-06	0.6269327048308659	0.0013949982795487	0.0181349776341341	0.5750364435841369	0.0070701297737582	0.0353506488687911	0.5615777084752243	0.0012415738949808	0.0073977111242606	0.575925129344852	CausalPath, CollecTRI	0.0265513322168591	0.0839468394703534	CausalPath, Ensemble	0.0248815586458247	0.0995262345832989
NadigOConner2024_hepg2	MYC	5.414531505238964e-10	8.121797257858446e-09	0.7453749277332459	6.279908709896427e-16	4.8983287937192136e-14	0.8219308114189284	1.0124294668581363e-14	4.049717867432545e-13	0.8078524664447881	1.748160607737366e-14	6.249674172661084e-13	0.8050125783215363	CollecTRI, DoRothEA	0.2045865947931356	0.2919114208188126	CollecTRI, DoRothEA	0.2045865947931356	0.3340849472743746
NadigOConner2024_hepg2	NANOG	0.8550004926041658	0.950000547337962	0.4421084704448507	0.942671938918888	0.9999864039949394	0.4136850352572473	0.2565152711667094	0.6035653439216694	0.5357940860683091	0.7247397760341112	0.8739605115826827	0.4673398914715185						
NadigOConner2024_hepg2	NFYB	0.0139839424934908	0.0484059547851605	0.5628720761261895	0.1132044130282285	0.3153551505786368	0.5346060094688979	0.3853345079229566	0.733970491281822	0.5083399740620947	0.0909134952847068	0.2166771637618847	0.5381959093110829	CausalPath, CollecTRI	0.3908836453775945	0.4161955485950073	CausalPath, Ensemble	0.2505637104557809	0.3340849472743746
NadigOConner2024_hepg2	NRF1	0.0006032468731393	0.0028574851885546	0.6711625702484936	0.0911213725513816	0.2846372777392826	0.5705261019703433	0.0231003961255086	0.0924015845020344	0.6054032094251472	0.0089324550236933	0.0375688549525924	0.6252217482564831	CausalPath, DoRothEA	0.2189335656141094	0.2919114208188126	CausalPath, Ensemble	0.3462004331662051	0.4154405197994461
NadigOConner2024_hepg2	SP1	0.1266065177363666	0.2477084042668043	0.5378860424564263	0.0029320276681603	0.0303705887810766	0.5913588747226772	0.454992833756776	0.7995152847739649	0.5037499571320412	0.0186548854665767	0.0692073272467801	0.5690464319349146	CollecTRI, CausalPath	0.0259345358002844	0.0839468394703534	CollecTRI, Ensemble	5.890692821682171e-07	7.068831386018605e-06
NadigOConner2024_hepg2	SRF	0.0246555767766009	0.0693438096841901	0.5869317725531322	0.0036770201262898	0.031867507761179	0.6185252894576477	0.0003742937092516	0.0025392844362169	0.6490700981156319	0.0016531450478037	0.0090922977629205	0.6299051911058204	DoRothEA, CollecTRI	0.4012416694875361	0.4161955485950073	DoRothEA, Ensemble	0.1776977182070885	0.3340849472743746
NadigOConner2024_hepg2	STAT5A	0.4117087798331937	0.5646694528238034	0.5120020733082575	0.8296519301250906	0.9955823161501088	0.4487731758739764	0.9436928697564886	0.999927694428874	0.4146966736010422	0.9227731795219	0.9996709444820582	0.423438189497573						
NadigOConner2024_hepg2	STAT5B	0.2697367510071481	0.4114628405193785	0.5187424803512555	0.7030584733703336	0.9454998864594109	0.4837151473348914	0.9540423002874692	0.999927694428874	0.4485248653438781	0.7295865422267568	0.8739605115826827	0.4813222528030572						
NadigOConner2024_hepg2	TBP	0.0209633248578391	0.0608612657163071	0.5683309635046381	0.1365701101103187	0.36732650305534	0.5368108876701198	0.6189061333966255	0.8841516191380364	0.4898368203669849	0.248391441007902	0.4496199501788606	0.5228275441803778	CausalPath, CollecTRI	0.4161955485950073	0.4161955485950073	CausalPath, CollecTRI	0.4161955485950073	0.4540315075581898
NadigOConner2024_hepg2	TFDP1	0.3117718325133045	0.4676577487699568	0.5118226087147477	0.0516222637108105	0.1917398366401533	0.539243539700578	0.0003808926654325	0.0025392844362169	0.5810797085934198	0.0049393048087985	0.0227845350857482	0.5621421238423066	DoRothEA, CollecTRI	0.013638871255408	0.0839468394703534	DoRothEA, Ensemble	0.0153781193156664	0.0922687158939984
NadigOConner2024_hepg2	USF2	0.957435207470158	0.971335656566934	0.4313599239610761	0.6932758358354766	0.9454998864594109	0.4798615662331988	0.7237374028732333	0.9404890150852788	0.4763202373150288	0.6019858481421886	0.8097110400870742	0.4896960359345237						
NadigOConner2024_hepg2	YY1	0.8712290914176615	0.9558264412897216	0.4535405240706886	0.887587338885989	0.9999864039949394	0.4501929717651838	0.9501113694015392	0.999927694428874	0.4324598821856592	0.8660188106808919	0.9458550986913068	0.4545439772496445						
NadigOConner2024_jurkat	ATF4	0.4103545761904299	0.6222909065595793	0.5090935195163028	0.0487034939295739	0.1836251504643244	0.5665035199679944	6.156976932866569e-07	7.1577182345763305e-06	0.6946080930226556	1.5674231986577293e-05	0.0002351134797986	0.6670420008646668	DoRothEA, CollecTRI	0.0081719600667208	0.0272398668890694	DoRothEA, Ensemble	0.2628461262282603	0.3982962893340577
NadigOConner2024_jurkat	CLOCK	0.9961528430770412	0.9999999999982851	0.4627060118569699	0.9999999998462048	0.9999999998462048	0.4118780079210052	0.4599347190447545	0.7281094579807673	0.5014083647048283	0.9997566814440596	0.9999999999982851	0.4511716494891444						
NadigOConner2024_jurkat	E2F6	0.9527634732348252	0.9999999999982851	0.4555254867654636	0.8653048468884981	0.9999999998462048	0.4706263010195269	0.9061093716851956	0.9741706532996688	0.4649693112711907	0.9141625404834356	0.9999999999982851	0.4636482896153177						
NadigOConner2024_jurkat	FOXO1	0.852357719401396	0.9790595425556576	0.4642857142857142	5.161069468434902e-05	0.0005382258159939	0.6325030991061525	0.6887247809324709	0.8675744942489384	0.4832030776687265	0.0014435919456784	0.0088584051212085	0.6016751484308736	CollecTRI, DoRothEA	0.0002019477292624	0.001009738646312	CollecTRI, Ensemble	0.0416102719548015	0.1668632517744641
NadigOConner2024_jurkat	GABPA	0.0017955133375658	0.0117398948994692	0.5771271985012443	0.0007061405997432	0.0051548263781253	0.5845461790118279	0.1018952604061738	0.3311595963200648	0.5336590890026005	0.0048062773229916	0.0270353099418277	0.568584151217739	CollecTRI, CausalPath	0.83569726337901	0.83569726337901	CollecTRI, CausalPath	0.83569726337901	0.8920311640581121
NadigOConner2024_jurkat	GATA1	0.8504237245820452	0.9790595425556576	0.4469449920308699	0.5440633622660976	0.8634049009875028	0.4943455876184883	0.537874886870086	0.7769303921456798	0.4951425006291419	0.3328676808625951	0.5835991807331212	0.5220776361043536						
NadigOConner2024_jurkat	HSF1	0.2082853871523748	0.4075673557178033	0.5415154978609177	0.1408703762749707	0.3672691952883166	0.5550079691301064	0.0069263629354441	0.0337660193102903	0.6257654559181276	0.0232284054516797	0.0938702005338251	0.6017558300478149	DoRothEA, CollecTRI	0.0961234632488139	0.2403086581220349	DoRothEA, Ensemble	0.2564556264053593	0.3982962893340577
NadigOConner2024_jurkat	MAX	8.821882744219195e-30	3.749300166293158e-28	0.8745226248239506	4.079772668846827e-06	5.956468096516368e-05	0.6481938110102031	0.1123584628581201	0.3339552526751916	0.5403324076485989	5.174274696475107e-26	2.328423613413798e-24	0.8482443631097709	CausalPath, CollecTRI	5.508705184862952e-10	5.508705184862951e-09	CausalPath, Ensemble	0.0500589755323392	0.1668632517744641
NadigOConner2024_jurkat	MYB	0.0320284122871104	0.1088966017761756	0.6483516483516483	0.0002482599620495	0.0020136641366239	0.7790002129403187	0.0046755840372538	0.0260496824932716	0.7082072360991915	0.0010384696244901	0.007788522183676	0.7466655481922657	CollecTRI, DoRothEA	0.2569186981715406	0.4756819014351227	CollecTRI, Ensemble	0.2788074025338404	0.3982962893340577
NadigOConner2024_jurkat	MYBL2	0.5526754440236659	0.7577002055163161	0.4942271468989027	0.8574006076236377	0.9999999998462048	0.4534034667622453	0.9242131838996857	0.9741706532996688	0.4374766454919127	0.933206779423697	0.9999999999982851	0.4345940319222762						
NadigOConner2024_jurkat	MYC	2.6704593822846838e-48	2.2698904749419814e-46	0.8937395826874752	1.1657365136116495e-54	4.254938274682521e-53	0.9199614855771512	8.824112399037805e-54	3.4414038356247445e-52	0.9164346440151286	2.5657786817533003e-53	1.7319006101834777e-51	0.9145629014198547	CollecTRI, DoRothEA	0.5492370624280452	0.6865463280350564	CollecTRI, DoRothEA	0.5492370624280452	0.6865463280350564
NadigOConner2024_jurkat	NANOG	0.2075064250289947	0.4075673557178033	0.5241131721332104	0.0808713241268424	0.2566785504895434	0.5413931647233173	0.1284443279519967	0.3339552526751916	0.533540251097503	0.0510299086842825	0.1913621575660595	0.5483661535665353						
NadigOConner2024_jurkat	NFYB	0.0360159803928143	0.1177445512842008	0.6108242902136032	0.8739352653847452	0.9999999998462048	0.4294522271621508	0.6006754544336228	0.8314245782274046	0.4842867056607514	0.4625110009417617	0.6861426937048113	0.505799543967483						
NadigOConner2024_jurkat	NRF1	3.2440404584289057e-13	6.893585974161424e-12	0.7314056219908637	1.8770175833517323e-16	4.5674094528225505e-15	0.7621885230027723	1.156420712871046e-10	2.2550203900985398e-09	0.7040216404084089	3.66576037672488e-16	1.237194127144647e-14	0.7595694287806247	CollecTRI, CausalPath	0.2854091408610736	0.4756819014351227	CollecTRI, Ensemble	0.8920311640581121	0.8920311640581121
NadigOConner2024_jurkat	SP1	0.4563518759224434	0.6687915423001326	0.502290854655693	0.7017773040196669	0.9334511720476918	0.4889361838287627	0.8087263550225862	0.9557675104812382	0.481754886335039	0.7832548513154591	0.961267317523518	0.4836349610883332						
NadigOConner2024_jurkat	STAT5A	0.589089252803599	0.7948029601318399	0.4938284180377964	0.9504854532027656	0.9999999998462048	0.454791664170072	0.6896104954286433	0.8675744942489384	0.486441244142989	0.9335612223126672	0.9999999999982851	0.4588129291646194						
NadigOConner2024_jurkat	STAT5B	0.6437095655468388	0.8399030184966106	0.4923415889298426	0.897225240480541	0.9999999998462048	0.4736830391916854	0.9986903891639244	0.9989523152766095	0.437440616713089	0.9825620377445724	0.9999999999982851	0.4561389693030135						
NadigOConner2024_jurkat	TFDP1	0.9535698111901508	0.9999999999982851	0.4732020420289159	0.5177855857549553	0.8590533581843577	0.499288963918497	0.177931516525391	0.4081958320288382	0.5147231638952481	0.6123573391408268	0.8350327351920366	0.4954479004584334						
NadigOConner2024_jurkat	USF2	0.6690607567715642	0.841350845058762	0.4892297553618878	0.0429436634810073	0.1836251504643244	0.5422997563697217	0.0128135877738664	0.0555255470200878	0.5549664789601085	0.0005862884880132	0.0055847599638152	0.5799311896846083	DoRothEA, CollecTRI	0.6231187393518762	0.6923541548354181	Ensemble, DoRothEA	0.0229392432535856	0.1668632517744641
NadigOConner2024_jurkat	YY1	0.0132329704016214	0.0562401242068911	0.5796842030547256	8.908301913132236e-06	0.0001083843399431	0.6540545772489401	9.28388053583168e-05	0.0007241426817948	0.6342033773625083	7.739546741235127e-07	1.7413980167779034e-05	0.6725210197905442	CollecTRI, DoRothEA	0.4525069803198686	0.646438543314098	Ensemble, CollecTRI	0.1487685160082773	0.3719212900206933
NormanWeissman2019_filtered	AHR	0.0106776492077397	0.0189824874804262	0.5288087168533523	0.0002824848713996	0.0006518881647684	0.5431618356706429	0.012057338015761	0.0197301894803363	0.5282325287811702	0.0001393947433329	0.0003285733235704	0.5454946686388257	CollecTRI, CausalPath	0.3599891361219824	0.3999879290244249	Ensemble, CollecTRI	0.6983099621735283	0.9184088470435589
NormanWeissman2019_filtered	CEBPA	1.4821379096135457e-115	1.1857103276908366e-114	0.8160823241412223	1.0605279786007038e-52	7.953959839505278e-52	0.7110116850913494	8.466804586400949e-36	5.080082751840571e-35	0.6722440818732939	7.638507599897749e-46	6.301768769915643e-45	0.6961994992426818	CausalPath, CollecTRI	3.1053047595696995e-14	1.5526523797848496e-13	CausalPath, CollecTRI	3.1053047595696995e-14	3.1053047595696993e-13
NormanWeissman2019_filtered	CEBPB	9.636675698739e-44	3.8546702794956e-43	0.6857816573161056	0.0019487109466649	0.0041758091714248	0.5388007551286411	0.0008765113732764	0.0017530227465529	0.5420649509803921	1.9593470805874058e-07	6.278199472717291e-07	0.5681937478748725	CausalPath, DoRothEA	4.354409291809282e-20	4.354409291809282e-19	CausalPath, Ensemble	6.824501876494937e-14	3.4122509382474685e-13
NormanWeissman2019_filtered	EGR1	0.2077422074976427	0.3021704836329349	0.5134004084548871	0.9980768473286404	1.0	0.4524323832847692	0.1760682789428405	0.2263735014979377	0.5153122162013265	0.5342496026228037	0.8013744039342057	0.4985855796917435						
NormanWeissman2019_filtered	ETS2	1.2482019580915374e-06	3.3285385549107665e-06	0.5380388220782786	8.326750168198948e-05	0.0002270931864054	0.5330003314843241	0.0874006535457581	0.1210162895248959	0.5118931027075013	2.915719406153017e-05	8.018228366920797e-05	0.5352310929450746	CausalPath, CollecTRI	0.6145151055253875	0.6145151055253875	CausalPath, Ensemble	0.7764056921507061	0.9184088470435589
NormanWeissman2019_filtered	FOXA1	0.8021757868067603	0.9167723277791546	0.4912180060144926	0.9972135285625248	1.0	0.4713416757101235	0.0140257265001685	0.0210385897502528	0.5227101051212774	0.0146694998475502	0.026894083053842	0.5225274714087635	DoRothEA, CausalPath	0.0251020341649398	0.0418367236082331	DoRothEA, Ensemble	0.9184088470435589	0.9184088470435589
NormanWeissman2019_filtered	FOXO4	0.1004344813686674	0.1606951701898679	0.5254703483143568	0.8545270845795951	1.0	0.4789711681766326	0.7738891256362345	0.8706252663407639	0.4850313565542904	0.9755212633892268	1.0	0.4607923905340862						
NormanWeissman2019_filtered	HNF4A	0.0026070619348559	0.0059589987082422	0.5533040351519805	4.402501884836183e-05	0.0001467500628278	0.5748938713146823	7.579713920609976e-24	3.4108712642744904e-23	0.6909991638124897	1.461629244180422e-23	8.03896084299232e-23	0.6897532736084336	DoRothEA, CollecTRI	6.629489130464062e-07	1.6573722826160151e-06	DoRothEA, Ensemble	0.8526148098564501	0.9184088470435589
NormanWeissman2019_filtered	IRF1	2.105659778301998e-171	3.369055645283197e-170	0.8997328411133239	2.551787475112378e-165	3.827681212668566e-164	0.8924746199057656	1.0152027090625203e-193	1.827364876312537e-192	0.9253023752853744	1.947938735057957e-177	6.428197825691258e-176	0.9068042534933048	DoRothEA, CausalPath	0.0004445768659148	0.0008891537318296	DoRothEA, Ensemble	0.0002718995869239	0.0006797489673099
NormanWeissman2019_filtered	JUN	0.423381183783118	0.5210845338869146	0.5034656419007781	0.0001301554506826	0.0003253886267065	0.5654879292757566	3.4021842901530073e-07	8.748473888964875e-07	0.5890686648746094	1.8942341380922505e-07	6.278199472717291e-07	0.5910847292346975	DoRothEA, CollecTRI	0.266355428625427	0.3329442857817838	Ensemble, DoRothEA	0.9161074970725184	0.9184088470435589
NormanWeissman2019_filtered	SPI1	1.415194691097008e-76	7.547705019184043e-76	0.7220904588706953	1.8631051602481043e-25	1.1178630961488627e-24	0.6244984418999243	2.678460765693873e-59	2.4106146891244857e-58	0.6946135054758968	1.2915331873363224e-40	8.52411903641973e-40	0.6597133801668957	CausalPath, DoRothEA	0.033431625814668	0.0477594654495258	CausalPath, DoRothEA	0.033431625814668	0.0668632516293361
NormanWeissman2019_filtered	TP73	3.0759004982529193e-42	9.84288159440934e-42	0.7523410957502978	2.9162369697449747e-06	1.0935888636543656e-05	0.5842908501339349	1.5572156543389003e-14	5.605976355620041e-14	0.6412195605720082	3.4473901377117286e-14	1.6251982077783864e-13	0.6392926055238111	CausalPath, DoRothEA	2.9819267543698676e-08	9.93975584789956e-08	CausalPath, DoRothEA	2.9819267543698676e-08	9.93975584789956e-08
PapalexiSatija2021_eccite_RNA	ATF2	0.9271083194941095	0.9728196439607704	0.4847043324413586	0.9014982784613604	0.949456481166848	0.4864336427101224	0.2058815030500513	0.2573518788125642	0.5086313385857916	0.5444128766609454	0.7423811954467437	0.4988270963560881						
PapalexiSatija2021_eccite_RNA	IRF1	3.1921562509278175e-08	7.980390627319541e-08	0.5573885878247529	1.1090346287089e-25	4.805816724405233e-25	0.6104813805915058	1.4865975788234e-39	4.9553252627446655e-39	0.6391043903978552	2.899090187150226e-24	1.0871588201813349e-23	0.6071347382877285	DoRothEA, CollecTRI	0.0002721688825466	0.0008165066476399	DoRothEA, CollecTRI	0.0002721688825466	0.0008165066476399
PapalexiSatija2021_eccite_RNA	MYC	0.0015594899244158	0.0025991498740264	0.5835915931619462	1.722099191986095e-06	4.477457899163846e-06	0.6312895560494322	8.000500237160276e-06	1.6001000474320552e-05	0.6220152725762668	1.5848103262676527e-06	3.962025815669131e-06	0.631774033544299	CollecTRI, DoRothEA	0.3334805059449085	0.4001766071338902	Ensemble, CollecTRI	0.8761532896642752	0.8761532896642752
PapalexiSatija2021_eccite_RNA	SMAD4	4.3691971620885187e-11	1.4563990540295063e-10	0.5824256824394196	1.898788697266749e-14	6.171063266116932e-14	0.5961533324768788	7.455829622198655e-07	1.863957405549664e-06	0.5611451219620777	1.5476283030936148e-08	4.6428849092808454e-08	0.5703382274191764	CollecTRI, CausalPath	0.3272262627527075	0.4001766071338902	CollecTRI, CausalPath	0.3272262627527075	0.4908393941290612
PapalexiSatija2021_eccite_RNA	SPI1	0.0006355560909699	0.0012711121819398	0.6356436853869796	0.3411318559753123	0.5024608834433937	0.5172359597652976	0.0305308495688799	0.0508847492814665	0.5788453478625315	0.1414107156001215	0.3030229620002604	0.5452116512992456	CausalPath, DoRothEA	0.2290596013006368	0.4001766071338902	CausalPath, DoRothEA	0.2290596013006368	0.4581192026012737
PapalexiSatija2021_eccite_RNA	STAT1	4.3926159781020125e-91	4.3926159781020125e-90	0.8015223941460321	2.420138495816056e-117	3.146180044560873e-116	0.8432022760396608	1.390503343534842e-43	6.9525167176742095e-43	0.7058422630509806	3.568047332257862e-39	2.6760354991933966e-38	0.6946121519675584	CollecTRI, CausalPath	2.501745495770689e-08	1.5010472974624138e-07	CollecTRI, CausalPath	2.501745495770689e-08	1.5010472974624138e-07
PapalexiSatija2021_eccite_RNA	STAT3	0.0238508090457263	0.0340725843510376	0.528282799086626	0.3478575346915802	0.5024608834433937	0.5055870196157777	0.054305318212356	0.0775790260176515	0.5229185121457318	0.1817321631838492	0.3182976260441344	0.5129814043720213	CausalPath, DoRothEA	0.6489734901846631	0.6489734901846631	CausalPath, DoRothEA	0.6489734901846631	0.7787681882215957
PapalexiSatija2021_eccite_RNA	STAT5A	0.261239712885165	0.3265496411064562	0.5081259293272465	0.6785452688991399	0.8821088495688818	0.4941095439125805	0.5888827807201887	0.6543142008002097	0.4971457172403003	0.7486864804496638	0.9358581005620796	0.4914829423534095						
ReplogleWeissman2022_K562_essential	ATF4	0.0159744198694629	0.0820020219965763	0.5732265117832467	0.0638798888395101	0.1809930183786121	0.5519913582566222	1.1216912285723686e-12	3.0285663171453955e-11	0.7395905086939278	7.13927437086969e-08	7.269079359430958e-07	0.6796175402342037	DoRothEA, CausalPath	5.068286895415404e-06	1.5204860686246214e-05	DoRothEA, Ensemble	4.683171716331004e-06	2.107427272348952e-05
ReplogleWeissman2022_K562_essential	E2F6	0.922019329322643	0.999916392618105	0.4663228755714196	0.3031541368257821	0.5729166651205639	0.5122330765858851	0.4016081156383851	0.6418787267598909	0.5059152107207715	0.452034001030773	0.6750374415392878	0.5028611685139959						
ReplogleWeissman2022_K562_essential	GABPA	0.5743956413125809	0.8190456366864579	0.4947872052560551	0.2245657868008485	0.4979502229062293	0.5210355959166298	0.4337630124550664	0.6506445186825996	0.5046362763634358	0.5252364486502846	0.7287559707518506	0.4982411449706743						
ReplogleWeissman2022_K562_essential	GATA1	0.0881733251517393	0.2951889581166925	0.5382804183104766	2.0918367302507566e-16	5.3341836621394306e-15	0.7302630990401044	0.8610025493867841	0.9599964949339116	0.4692869219827702	0.053417606772881	0.1799123386207715	0.5456554216651905	CollecTRI, CausalPath	1.8483708678948303e-08	8.317668905526738e-08	CollecTRI, Ensemble	9.484967408302655e-20	8.536470667472388e-19
ReplogleWeissman2022_K562_essential	HSF1	0.0739450325824486	0.271131786135645	0.5371449664193124	0.0034866033149393	0.0148180640884921	0.569260168138268	1.451786543624393e-06	9.799559169464657e-06	0.6200707718861543	1.0368389208314254e-06	8.93276608716305e-06	0.621831262915649	DoRothEA, CollecTRI	0.0695102471437599	0.1251184448587679	Ensemble, DoRothEA	0.8942199254867353	0.9524486012539368
ReplogleWeissman2022_K562_essential	MAX	3.196534507708026e-39	1.23066578546759e-37	0.7831585154570313	0.0033397233121489	0.0148180640884921	0.5588562214290187	0.8888856434573255	0.9599964949339116	0.4735143089736364	6.883160043085047e-27	2.569713082751751e-25	0.7315684555492935	CausalPath, CollecTRI	1.0598498988096813e-19	9.538649089287132e-19	CausalPath, Ensemble	2.524638361776104e-05	7.573915085328313e-05
ReplogleWeissman2022_K562_essential	MYBL2	6.117469614868042e-07	7.850752672413988e-06	0.6386773645783366	4.9978972827993e-06	4.248212690379405e-05	0.6262573663657802	4.193229470338689e-06	2.264343913982892e-05	0.6273380402685543	4.694632520619231e-07	4.3816570192446154e-06	0.6401702448980336	CausalPath, DoRothEA	0.6982578032124351	0.6982578032124351	Ensemble, CausalPath	0.9524486012539368	0.9524486012539368
ReplogleWeissman2022_K562_essential	MYC	0.0032377180733617	0.0191772532037581	0.592310701298835	0.000545522661503	0.0027821655736657	0.6107290924110669	0.001170867360289	0.0045162026754006	0.6031733572838471	0.0010928721695623	0.0058286515709993	0.6038746303840403	CollecTRI, DoRothEA	0.6861857772611835	0.6982578032124351	CollecTRI, Ensemble	0.327966050601067	0.5903388910819205
ReplogleWeissman2022_K562_essential	NANOG	0.3146116647319868	0.6056274546090746	0.5125402968250986	0.5925284349941121	0.7748448765307621	0.4939214728536539	0.3835267990042649	0.6418787267598909	0.5076941574300207	0.4062590896204876	0.6691326181984503	0.5061604358444487						
ReplogleWeissman2022_K562_essential	NFYB	0.7364852183395589	0.945156030202434	0.4654464453449988	0.31454248281129	0.5729166651205639	0.5263881806714795	0.2724553019197949	0.5658687039872664	0.5330741257615201	0.4256290506452861	0.6745540775542457	0.5102452966909101						
ReplogleWeissman2022_K562_essential	NRF1	6.081030781345229e-07	7.850752672413988e-06	0.6692069144837688	1.4433309866297077e-07	1.472197606362302e-06	0.6788900777865811	1.3173179506859884e-08	1.7783792334260846e-07	0.6940022380318389	8.131078831078029e-11	2.2767020727018483e-09	0.7229033426176259	DoRothEA, CollecTRI	0.6837045114287135	0.6982578032124351	Ensemble, DoRothEA	0.1337278545631899	0.3008876727671773
ReplogleWeissman2022_K562_essential	STAT5A	0.999916392618105	0.999916392618105	0.4230104694841329	0.8474570775820167	0.9004231449308928	0.4790226260423906	0.2214888062452327	0.4983498140517736	0.5156921955007038	0.3573286514036772	0.6618915375178599	0.5074784673630282						
ReplogleWeissman2022_K562_essential	TFDP1	0.0001319280199032	0.0011287175036165	0.5831269326651676	4.864579098215089e-05	0.0003101169175112	0.5887962759134167	2.024224021669764e-08	1.821801619502788e-07	0.6250569066523444	3.877038319073122e-08	4.342282917361897e-07	0.6224147091738711	DoRothEA, CollecTRI	0.0677345922194963	0.1251184448587679	DoRothEA, Ensemble	0.7728655935813606	0.9524486012539368
ReplogleWeissman2022_K562_essential	USF2	0.4320531231790233	0.7078317124422298	0.5036740682354671	0.1363009659332769	0.3310166315522439	0.5235498738044091	0.0282743396677907	0.0848230190033721	0.5409303555530145	0.0334075894489296	0.1172632314203276	0.5393447426671786	DoRothEA, CollecTRI	0.4335747091221117	0.6503620636831676	DoRothEA, Ensemble	0.8791874473469636	0.9524486012539368
ReplogleWeissman2022_K562_essential	YY1	0.1735706645841082	0.4311271346121397	0.5300880211507356	0.1145327511658447	0.2920585154729042	0.5384926435212126	0.9907791092850452	0.9907791092850452	0.4245817735276733	0.5335534785861763	0.7287559707518506	0.4973057555110587						
ReplogleWeissman2022_K562_gwps	AR	0.1379256255400808	0.4652416622695263	0.5193580379280305	0.8230974034508813	0.9791942228205412	0.4835279466038873	0.9113820393212896	0.9999995011210674	0.4760297830751316	0.8504292552831492	0.9999987471362596	0.4815553046519302						
ReplogleWeissman2022_K562_gwps	ARNT	0.0111631353080299	0.1051195241506156	0.568435964113993	0.3925303433049378	0.838929779525036	0.5081691752429497	0.176117867096093	0.7740473675787999	0.5278642551477513	0.0524480348002943	0.415381982533357	0.5485709797750316						
ReplogleWeissman2022_K562_gwps	ATF2	0.4034712920816386	0.7413374960199214	0.5051652314322256	0.2380448539131165	0.7529645733705673	0.5150620959427736	0.1905805065719654	0.7740473675787999	0.5185106004047157	0.2179208585224991	0.7571193256095968	0.5164703947285907						
ReplogleWeissman2022_K562_gwps	ATF3	0.1056883719698047	0.4118202080202736	0.5206383180938843	0.0763473430276963	0.4671529613412933	0.5236483228284278	0.111265914990182	0.6986464429616083	0.5201714771995152	0.0888298584045652	0.539602711434506	0.5222909847894573						
ReplogleWeissman2022_K562_gwps	ATF4	0.0005770107099421	0.0118549473133576	0.5925076883340956	0.0025075560469896	0.0621316664976314	0.5798713005076545	8.956108012970441e-10	1.2090745817510096e-07	0.6712295934665263	1.1484458950949253e-07	5.8187925351476215e-06	0.6472590365169033	DoRothEA, CausalPath	0.0039833239070527	0.0189207885585007	DoRothEA, Ensemble	0.085765152933862	0.3259075811486756
ReplogleWeissman2022_K562_gwps	ATF6	0.0024706033212901	0.0367185410218539	0.5720636801723915	0.2203355190743314	0.7446012235662954	0.5197683014276435	0.0001994449698418	0.0067312677321627	0.5907785952139618	0.2203355190743314	0.760692662058684	0.5197683014276435	DoRothEA, CausalPath	0.2265277398052483	0.3310790043307475	DoRothEA, CausalPath	0.2265277398052483	0.391275186936338
ReplogleWeissman2022_K562_gwps	BCL6	0.6948928059067104	0.913056826365794	0.4880123707881474	0.7736289728229002	0.9785444416417632	0.4823430475114417	0.8167871885692318	0.9999995011210674	0.4787606845382456	0.8170634437053862	0.9999987471362596	0.4787361879280528						
ReplogleWeissman2022_K562_gwps	CEBPA	0.0306378518406945	0.1871393112431613	0.5576258125041882	0.3144967406015926	0.8011208519223323	0.5148766699359744	0.1521219497777527	0.7516682730548384	0.531634207111658	0.1785551920625164	0.6959074152180128	0.5283552539399219						
ReplogleWeissman2022_K562_gwps	CEBPB	0.0654150373728305	0.3030075367350879	0.5337876147457147	0.3125352994117873	0.8011208519223323	0.5109285550055154	0.0840989325481431	0.6169625359213362	0.5308173173187232	0.3592589831676487	0.8499200846923362	0.5080607397414512						
ReplogleWeissman2022_K562_gwps	CLOCK	0.8527978307551138	0.9783365977190646	0.4775987775498927	0.9999155341745838	0.999992548810598	0.4196337556469293	0.8371973932615002	0.9999995011210674	0.4789973961051063	0.9989443461904552	0.9999987471362596	0.4343192687855948						
ReplogleWeissman2022_K562_gwps	CREB1	0.3947006047609664	0.7413374960199214	0.5055145666120097	0.7080374800115335	0.9691267628866412	0.4886925674243429	0.5590269696368821	0.9999995011210674	0.4969339206566497	0.5846245055040327	0.9462906585043256	0.4955870064972984						
ReplogleWeissman2022_K562_gwps	E2F1	0.3863106553457618	0.7413374960199214	0.505581628550368	0.4834500814921327	0.8946835533007933	0.5008016149567781	0.7192077656443371	0.9999995011210674	0.48878672423201	0.7215406958706908	0.9999987471362596	0.4886527627535635						
ReplogleWeissman2022_K562_gwps	E2F2	0.3226933144525254	0.717707066229411	0.5091153052020717	0.4945383162674535	0.9039511846528042	0.5002712201193041	0.8779579995481797	0.9999995011210674	0.4769268473311669	0.5204090472630147	0.9246436345531251	0.4989862514900433						
ReplogleWeissman2022_K562_gwps	E2F3	0.0043614040529235	0.0492838657980357	0.5386859645748608	0.0315393122335878	0.3430861769800042	0.5274153816430838	0.4415726615163828	0.8964257038302508	0.5021680470571444	0.0080641655136012	0.141719423682791	0.5354891038064663	CausalPath, CollecTRI	0.360074778319306	0.4393330239299703	CausalPath, Ensemble	0.7299806143676291	0.7705350929436084
ReplogleWeissman2022_K562_gwps	E2F4	0.5994420254095136	0.8849098565253526	0.4941530825981977	0.5422233919914455	0.9230214993442164	0.4975388067347869	0.7317149742709712	0.9999995011210674	0.4856553533947381	0.7109998987149874	0.9999987471362596	0.4870874791672521						
ReplogleWeissman2022_K562_gwps	E2F5	0.3811267279527224	0.7413374960199214	0.5121150109021181	0.3894899649324098	0.838929779525036	0.5112389754586364	0.990581540679524	0.9999995011210674	0.4059417832050681	0.9031942634993146	0.9999987471362596	0.4479412265011675						
ReplogleWeissman2022_K562_gwps	E2F6	0.9897268832856028	0.999999111498872	0.4615728723235415	0.9812346027359672	0.999992548810598	0.465492819279318	0.8164653659157775	0.9999995011210674	0.4850358154314956	0.9661112525928844	0.9999987471362596	0.4696978260332866						
ReplogleWeissman2022_K562_gwps	EGR1	0.9964965564557574	0.999999111498872	0.4595942100638505	0.9999681346705022	0.999992548810598	0.4400839052444191	0.9999943770526044	0.9999995011210674	0.4341925728121066	0.9999980825271458	0.9999987471362596	0.430769891340337						
ReplogleWeissman2022_K562_gwps	ELK1	0.0265330863902989	0.1817114401275018	0.5467406345580976	0.0255131421514055	0.3164639495529647	0.5471493058305361	0.7004345213891219	0.9999995011210674	0.4872984818572167	0.4498072282691569	0.8928508252588372	0.5030482350190183						
ReplogleWeissman2022_K562_gwps	EPAS1	0.0321468430338365	0.189232177140234	0.5354251532133961	0.3670662990517662	0.818685812488008	0.5065030901316818	0.2849358363716445	0.8184327214930216	0.5108802966338315	0.2566331672116231	0.7666902700856156	0.5125177666406854						
ReplogleWeissman2022_K562_gwps	ERG	0.7178606314432062	0.927065729749512	0.4920428198083495	0.7595386479879884	0.9785444416417632	0.4902716368266191	0.9380316765578028	0.9999995011210674	0.4787652068497072	0.9415787701989856	0.9999987471362596	0.4783551625617563						
ReplogleWeissman2022_K562_gwps	ESR1	0.3495390680329159	0.731442864587398	0.508445525124209	0.3906984463851293	0.838929779525036	0.5060627028268924	0.0150415995239527	0.2436179855850813	0.5473871396980692	0.116981970956365	0.6191952896154388	0.5260031590737213						
ReplogleWeissman2022_K562_gwps	ESRRA	1.1458006152834197e-06	3.23688673817566e-05	0.5956466396784539	0.0565534682209428	0.4504079790453659	0.532066404930933	0.2675258636858734	0.8184327214930216	0.5125545775503795	0.0044812101356441	0.0939508883610902	0.5528944661024633	CausalPath, CollecTRI	0.0039115260844303	0.0189207885585007	CausalPath, Ensemble	0.0460700642582023	0.3259075811486756
ReplogleWeissman2022_K562_gwps	ETS1	0.7720741935478679	0.9580739407957576	0.4884666621992897	0.3136315590488903	0.8011208519223323	0.5075103244272983	0.5603807658932355	0.9999995011210674	0.4976501086529901	0.5099682291925227	0.9246436345531251	0.4996135208355272						
ReplogleWeissman2022_K562_gwps	FOS	0.6691022384336875	0.913056826365794	0.4936692354084299	0.9442284216675428	0.999992548810598	0.4769700127320244	0.9073837561860156	0.9999995011210674	0.4808266434363064	0.936631597216854	0.9999987471362596	0.477899115459358						
ReplogleWeissman2022_K562_gwps	FOSL1	0.0926800126351981	0.3878830158436068	0.5278225047306331	0.3406482786796799	0.818685812488008	0.508634766049495	0.0077040065148126	0.2080081758999418	0.5509355077404398	0.0092719328049099	0.1565926429273675	0.54950438707056						
ReplogleWeissman2022_K562_gwps	FOSL2	0.3785280720093796	0.7413374960199214	0.5095795967190968	0.746660823919199	0.97249228921548	0.4794371259053178	0.5668134739389631	0.9999995011210674	0.4947892668957353	0.4587774226602344	0.8978951864733244	0.5032056510778318						
ReplogleWeissman2022_K562_gwps	FOXA1	0.7626298058032328	0.9580739407957576	0.4866035002086341	0.453559352928941	0.8681865725592607	0.5021867153347971	0.4254217904491897	0.8701809350097064	0.5035243099451132	0.4578104288488855	0.8978951864733244	0.5019857678379266						
ReplogleWeissman2022_K562_gwps	FOXA2	0.8938306275459935	0.99212967066105	0.4609275062970306	0.9253931090705654	0.999992548810598	0.4548134541627413	0.9552419971162688	0.9999995011210674	0.4468044983858316	0.973987160040227	0.9999987471362596	0.4391298075217489						
ReplogleWeissman2022_K562_gwps	FOXM1	0.0206953962541513	0.1612813639116623	0.5397543145723807	0.063017587605565	0.4609745595050773	0.5298202286890888	0.0605017533242179	0.5632921861220294	0.5302227190486923	0.0324002179967978	0.3153719517928331	0.535993250199509						
ReplogleWeissman2022_K562_gwps	FOXO1	0.4342530561606305	0.772765281041752	0.5035276739436353	0.0754826634976371	0.4671529613412933	0.5306007796543999	0.9155226649976582	0.9999995011210674	0.4706896853121385	0.0613211005364007	0.4527189616961619	0.5328945106619778						
ReplogleWeissman2022_K562_gwps	FOXO3	0.0385480507448456	0.2177964867083781	0.5262798990844293	0.2195007253702063	0.7446012235662954	0.5115044917471694	0.2108503889563712	0.8018254227918342	0.5119444281878286	0.123529679030059	0.6191952896154388	0.5172076819317173						
ReplogleWeissman2022_K562_gwps	FOXO4	0.7797622421059958	0.9580739407957576	0.4869654442291819	0.6050327387456826	0.9412664663271978	0.4954985306827608	0.3712102088834833	0.8701809350097064	0.5055533993727528	0.4981674023498271	0.9246436345531251	0.5000776454514289						
ReplogleWeissman2022_K562_gwps	GABPA	0.1300746577495436	0.4619480235108812	0.5234286956289264	0.1864322354853262	0.7081607857522356	0.5185409454196481	0.7422398553139002	0.9999995011210674	0.486470409935076	0.4455557908994883	0.8928508252588372	0.5028483694710568						
ReplogleWeissman2022_K562_gwps	GATA1	0.0237975126757325	0.1680699332723609	0.584342232154043	0.0016825351097881	0.0452874348748131	0.6248446372538452	0.2239634920964736	0.807569641562938	0.5323102068881126	0.059457187726769	0.4518746267234448	0.5663912431641848	CollecTRI, CausalPath	0.4144144541341228	0.4631690957969608	CollecTRI, CausalPath	0.4144144541341228	0.6056826637344872
ReplogleWeissman2022_K562_gwps	GATA2	0.8105134931145059	0.9640844707572545	0.485942271243146	0.6130983683174147	0.9412664663271978	0.4954019010123527	0.7121721515298497	0.9999995011210674	0.4910448149634997	0.7144580743651522	0.9999987471362596	0.4909373929904396						
ReplogleWeissman2022_K562_gwps	HIF1A	0.0025995427272108	0.0367185410218539	0.5634482524696736	0.140716229986343	0.6275943857390899	0.5244559934412288	0.19083579105053	0.7740473675787999	0.5198630335309734	0.521551396873799	0.9246436345531251	0.4987728777270648	CausalPath, CollecTRI	0.0830511550869279	0.1923814924025771	CausalPath, CollecTRI	0.0830511550869279	0.3259075811486756
ReplogleWeissman2022_K562_gwps	HSF1	0.049010959171848	0.2517381084735829	0.5312720684127237	5.192447713891623e-05	0.0025731463115507	0.5733626347443944	1.543707119287818e-09	1.389336407359036e-07	0.6120238878665468	6.317214060025971e-09	4.2676290538842114e-07	0.6075643001596228	DoRothEA, CollecTRI	0.0431899766668992	0.1367682594451808	DoRothEA, Ensemble	0.6102038371908953	0.7246170566641882
ReplogleWeissman2022_K562_gwps	IRF1	0.0652708844703871	0.3030075367350879	0.5264647166811611	0.0017262026746005	0.0452874348748131	0.5511852662961689	0.0591761410377256	0.5632921861220294	0.5273356588239655	0.0101142413087028	0.1618278609392456	0.5406445148588149	CollecTRI, DoRothEA	0.2101748944261554	0.3310790043307475	CollecTRI, Ensemble	0.2117825917794027	0.391275186936338
ReplogleWeissman2022_K562_gwps	JUN	0.0751763784585392	0.3267281063774974	0.5285565904978892	0.0031671655987381	0.0743450451072229	0.55420207379011	0.0129402579698653	0.2436179855850813	0.5442360089971287	0.0024420143325555	0.0571055659305307	0.5558823975653638	CollecTRI, DoRothEA	0.5938701661092882	0.6268629531153598	Ensemble, CollecTRI	0.7804381717339015	0.7804381717339015
ReplogleWeissman2022_K562_gwps	JUND	0.911747063951195	0.99212967066105	0.4663888950935791	0.8103594396902052	0.9791942228205412	0.4781357139488882	0.0901910592312852	0.6169625359213362	0.5333124855740952	0.2629588479702783	0.7666902700856156	0.5157724715266764						
ReplogleWeissman2022_K562_gwps	KLF4	0.5026483449274832	0.8291863208292788	0.499910194017792	0.8152505916530779	0.9791942228205412	0.487857727894019	0.4878497733973131	0.9341804171437912	0.5004121594198107	0.8277442360207864	0.9999987471362596	0.4872099484778778						
ReplogleWeissman2022_K562_gwps	LEF1	0.4607940291201019	0.7878319045045017	0.5020272253745197	0.8714683817740991	0.9863992495781334	0.4766590324409804	0.4732453290911549	0.9204653802950092	0.5013822223114186	0.8317356108780916	0.9999987471362596	0.4802077398326638						
ReplogleWeissman2022_K562_gwps	MAX	1.8149323333519995e-16	2.0508735366877595e-14	0.662974946030773	0.0050175001572769	0.1017184122793423	0.551482554625707	0.4065198343378979	0.8701809350097064	0.5047292529081502	1.224809652364452e-13	2.4822808954586228e-11	0.6464046539380622	CausalPath, CollecTRI	1.296566674076143e-07	2.463476680744671e-06	CausalPath, Ensemble	0.1601153920616557	0.3802740561464323
ReplogleWeissman2022_K562_gwps	MYB	0.1372228234973383	0.4652416622695263	0.5234786452592923	0.1135349459300209	0.5564459987339488	0.525950486900898	0.0146337381777984	0.2436179855850813	0.5468305256115832	0.0386057211689293	0.3527035800703994	0.5379630167826519						
ReplogleWeissman2022_K562_gwps	MYBL2	0.1836410399180368	0.5479153256086787	0.5330672722124108	0.2901843292625718	0.7891598222628478	0.5202769917836291	0.4717958233411926	0.9204653802950092	0.5025952578072816	0.1936347125202083	0.7227239016526174	0.5317105226182576						
ReplogleWeissman2022_K562_gwps	MYC	0.0038205783636729	0.0479694838994488	0.5778383456847189	2.9638086926947075e-05	0.0018883695384883	0.6171771556575456	0.0003688926325314	0.0110667789759431	0.5984863797425424	6.94452688841652e-05	0.002483689616563	0.6111795653059857	CollecTRI, DoRothEA	0.0911280753485891	0.1923814924025771	CollecTRI, Ensemble	0.1882410322965511	0.391275186936338
ReplogleWeissman2022_K562_gwps	MYCN	0.8094721304155411	0.9640844707572545	0.4828877736765625	0.8014495555521428	0.9791942228205412	0.4834570888552101	0.9006497622443672	0.9999995011210674	0.4748916584586264	0.8984729602446437	0.9999987471362596	0.4751332028002498						
ReplogleWeissman2022_K562_gwps	NANOG	0.3393332032879056	0.7310075768417428	0.5075167223242039	0.2350766490208365	0.7518800993010563	0.5131041709647581	0.5444737989761678	0.9999995011210674	0.4979731651348312	0.3221960937134682	0.8190509122271742	0.508374696143616						
ReplogleWeissman2022_K562_gwps	NCOA1	0.3145491317862661	0.7108810378369613	0.510236273804094	0.85838638390037	0.984831976364376	0.4772576646138349	0.4473258503285192	0.9013282058858224	0.5028064494512692	0.6737099346406482	0.97994172311367	0.4904592679698438						
ReplogleWeissman2022_K562_gwps	NCOA2	0.3475061890560088	0.731442864587398	0.5080137371842123	0.4164457644216946	0.8598833839447954	0.5043127387254573	0.7458560727335045	0.9999995011210674	0.4864789251490986	0.3790162681053248	0.8598578022687967	0.5062968572002948						
ReplogleWeissman2022_K562_gwps	NCOA3	0.3727516164120699	0.7413374960199214	0.5101687485957326	0.9144881077319472	0.999992548810598	0.4571127868154566	0.0924344507311308	0.6169625359213362	0.5415399048448704	0.6968433110985814	0.983017942338602	0.4838547682022618						
ReplogleWeissman2022_K562_gwps	NFE2L2	0.065046920528555	0.3030075367350879	0.537098689339087	0.6982786885804153	0.9691267628866412	0.4872691808357241	0.2677425071404665	0.8184327214930216	0.5151865909269502	0.4875684686624841	0.9177759410117348	0.5007638732544086						
ReplogleWeissman2022_K562_gwps	NFKB1	0.4576834672227591	0.7878319045045017	0.5017240282085355	0.8356146593795699	0.9791942228205412	0.4841570797178135	0.8851058904335906	0.9999995011210674	0.480518148297529	0.905888544113677	0.9999987471362596	0.47865335556907						
ReplogleWeissman2022_K562_gwps	NFKB2	0.3089955528230942	0.7108810378369613	0.5090656410416687	0.1590103657982174	0.6485300617003524	0.5181530804109316	0.2095980878803962	0.8018254227918342	0.5146859014614945	0.0727642402855491	0.5105922645071072	0.5264607594346631						
ReplogleWeissman2022_K562_gwps	NFYA	0.3894353879403542	0.7413374960199214	0.5071988965930623	0.2223044557104574	0.7446012235662954	0.5195984003976317	0.2771582118031637	0.8184327214930216	0.5151597623707208	0.2745721600613681	0.7666902700856156	0.5153581561200514						
ReplogleWeissman2022_K562_gwps	NFYB	0.5510993122777956	0.8530715381834371	0.4960675286696427	0.465121404464847	0.8752917569254083	0.5026803508948934	0.0881541134300552	0.6169625359213362	0.5414019683062191	0.0787781434836697	0.5151941809945977	0.5432735984796864						
ReplogleWeissman2022_K562_gwps	NR3C1	0.5922806660864578	0.8849098565253526	0.4946167396029981	0.9912474174618696	0.999992548810598	0.4452037657427021	0.6880749901963403	0.9999995011210674	0.4886898392640607	0.9863360435762648	0.9999987471362596	0.4491042126653551						
ReplogleWeissman2022_K562_gwps	NR4A1	0.9220133763633082	0.99212967066105	0.4666378801911623	0.7387961869539417	0.9691267628866412	0.4849583269170262	0.4112275142150057	0.8701809350097064	0.5052767562227825	0.560170482070665	0.9339626304671518	0.4964396928515607						
ReplogleWeissman2022_K562_gwps	NRF1	0.029976577573296	0.1871393112431613	0.5520519707587636	0.0063753565624267	0.1184753761184313	0.5689176303802947	0.0001063073078094	0.0047838288514262	0.6024785335363736	1.7102066399702112e-05	0.0006932037580679	0.61465258664201	DoRothEA, CollecTRI	0.2895976790277199	0.3930254215376199	Ensemble, DoRothEA	0.4631798382095753	0.6286012089987094
ReplogleWeissman2022_K562_gwps	PPARA	0.2115590458618423	0.5691945757711472	0.5137716840440527	0.0477658465598268	0.4051423110853763	0.5286585627185394	0.3497852399630805	0.8585637708184705	0.5066346467816298	0.0746879927613988	0.5105922645071072	0.5247872411713462						
ReplogleWeissman2022_K562_gwps	PPARG	0.9352517576732124	0.9954716083335556	0.4601804967981645	0.4421932393963008	0.8677503936330341	0.5038192196526189	0.4126944829010288	0.8701809350097064	0.5057945386870232	0.5275558157795186	0.9246436345531251	0.4981844543034408						
ReplogleWeissman2022_K562_gwps	RARA	0.0130647006357198	0.1181048937469077	0.5445681098871644	0.2612617128220301	0.7665968678856937	0.5128173985432914	0.4738692143000232	0.9204653802950092	0.501313859865257	0.4325169538213277	0.8928508252588372	0.5034069118912985						
ReplogleWeissman2022_K562_gwps	RELA	0.2307742452161252	0.5860110047061157	0.5156889423679234	0.5461264565902973	0.9252978271651258	0.4975308758875269	0.0380018311546947	0.4663861096257986	0.5378077027290817	0.3837556556991011	0.8641608839446425	0.5062992928919177						
ReplogleWeissman2022_K562_gwps	RUNX1	0.1120339291343509	0.4291469149892085	0.5262640961030122	0.0309039730303861	0.3430861769800042	0.5403465910856363	0.4188671243562285	0.8701809350097064	0.5044240883462482	0.2521514245945575	0.7666902700856156	0.514424848299483						
ReplogleWeissman2022_K562_gwps	RUNX2	0.4171959321971412	0.7542902454124314	0.5048792132949139	0.5047730169867038	0.9151575836425606	0.4997196133132536	0.4232105006739026	0.8701809350097064	0.5045397955116968	0.4295979003607783	0.8928508252588372	0.5041580111237687						
ReplogleWeissman2022_K562_gwps	RUNX3	0.7972671644010139	0.9640844707572545	0.4848763309097371	0.8427267304599018	0.9791942228205412	0.4817161825963529	0.3977457079265465	0.8701809350097064	0.5047119614548358	0.5227427341106274	0.9246436345531251	0.498963082956277						
ReplogleWeissman2022_K562_gwps	RXRA	0.780024801355838	0.9580739407957576	0.4767427868857235	0.5861473676977647	0.9412664663271978	0.4934456295942359	0.1729781529188969	0.7740473675787999	0.5283825084710209	0.3455707172165491	0.8334506298949818	0.5119650437463036						
ReplogleWeissman2022_K562_gwps	SMAD3	0.1619697149197249	0.5155655714346175	0.5235891273835828	0.3931307711227186	0.838929779525036	0.5064848872614581	0.7517533702497314	0.9999995011210674	0.4837377992415863	0.7761260838116599	0.9999987471362596	0.4818447941441867						
ReplogleWeissman2022_K562_gwps	SMAD4	0.2818549009463681	0.6705179748829388	0.5132731142226298	0.9963439368160876	0.999992548810598	0.4383337419004052	0.2951021468715785	0.8201639626020572	0.51238119392629	0.5406756520579271	0.9273738309955502	0.4976519127300735						
ReplogleWeissman2022_K562_gwps	SOX2	0.2856254313063655	0.6724098695337355	0.5617828663328897	0.2012944915119313	0.7240108323735592	0.591330735872718	0.9254368482353934	0.9999995011210674	0.3414977838619197	0.905313669132178	0.9999987471362596	0.355422597907353						
ReplogleWeissman2022_K562_gwps	SP1	0.0001437245472329	0.0036090830749614	0.5746831025320843	0.0012462552400452	0.0371715607010023	0.5622830019820868	0.0671313076834792	0.6041817691513135	0.5308403782394294	0.0180016422935914	0.2432221892111905	0.5431844891764187	CausalPath, CollecTRI	0.3699646517305013	0.4393330239299703	CausalPath, CollecTRI	0.3699646517305013	0.5857773652399604
ReplogleWeissman2022_K562_gwps	SP3	0.922473669679538	0.99212967066105	0.4658790527004139	0.7343080288665108	0.9691267628866412	0.4849806939993114	0.949236384950218	0.9999995011210674	0.4607057377295404	0.6869804944291902	0.9809249913532618	0.4883062710419232						
ReplogleWeissman2022_K562_gwps	SPI1	0.0008449105018875	0.0159124811188813	0.600153389023001	0.1247839931145124	0.5852847012930068	0.5367257613472738	0.0488880456436509	0.5279908929514303	0.5528122410487657	0.0618020950999694	0.4527189616961619	0.5491150507564849	CausalPath, DoRothEA	0.1409053208571933	0.2433819178442431	CausalPath, DoRothEA	0.1409053208571933	0.3802740561464323
ReplogleWeissman2022_K562_gwps	SREBF1	0.9615866448559672	0.999999111498872	0.4544572190152837	0.9819744847919184	0.999992548810598	0.4460418508130094	0.8115916070481004	0.9999995011210674	0.4772524355181997	0.957514536400708	0.9999987471362596	0.4556633044336589						
ReplogleWeissman2022_K562_gwps	SREBF2	7.805666644924927e-44	1.764080661753033e-41	0.7916540368216419	4.127305737613256e-27	9.20389179487756e-25	0.725969551499114	7.41532289889557e-08	5.0053429567545096e-06	0.6107703944076045	1.206325537028189e-14	3.667229632565695e-12	0.6607694676645075	CausalPath, CollecTRI	1.3914208683375816e-05	0.000132184982492	CausalPath, CollecTRI	1.3914208683375816e-05	0.0002643699649841
ReplogleWeissman2022_K562_gwps	STAT1	0.8967015472183435	0.99212967066105	0.4674921209297675	0.8736047165546249	0.9863992495781334	0.4705648785458475	0.4169201821865397	0.8701809350097064	0.5053995696426843	0.4379339410372885	0.8928508252588372	0.5040207456477643						
ReplogleWeissman2022_K562_gwps	STAT3	0.5165035282591327	0.8420280746698457	0.4990828212273988	0.8309166340977705	0.9791942228205412	0.478769842051945	0.988017639244544	0.9999995011210674	0.4499566007465775	0.8189559823082968	0.9999987471362596	0.4797983373474029						
ReplogleWeissman2022_K562_gwps	STAT4	0.396335111324787	0.7413374960199214	0.5071751658513703	0.1067393288028478	0.5341306205386032	0.5339596835182508	0.0822965153998283	0.6169625359213362	0.5379369453671704	0.2855811717403793	0.7794606547399258	0.515459956347345						
ReplogleWeissman2022_K562_gwps	STAT5A	0.999999111498872	0.999999111498872	0.436187521475489	0.9943988616251056	0.999992548810598	0.4661209242907921	0.6081052144376613	0.9999995011210674	0.4963349164006438	0.7742658746309958	0.9999987471362596	0.4899421854883437						
ReplogleWeissman2022_K562_gwps	STAT5B	1.2716445154206773e-08	7.184791512126826e-07	0.6433740821933545	0.0005157023824556	0.0205689138661744	0.5844710785205324	0.0892349389067962	0.6169625359213362	0.5346315318103833	6.513599480859054e-05	0.0024751678027264	0.5984764117177171	CausalPath, CollecTRI	0.0217845701917779	0.0827813667287562	CausalPath, Ensemble	0.0771666064240429	0.3259075811486756
ReplogleWeissman2022_K562_gwps	TCF4	0.7541926648450927	0.9580739407957576	0.4842383775498291	0.680505708460311	0.9628664778331408	0.4892489201380504	0.7905879138977256	0.9999995011210674	0.4814717225573457	0.7860760063402155	0.9999987471362596	0.4818288598453192						
ReplogleWeissman2022_K562_gwps	TCF7L2	0.6129905404842142	0.8849098565253526	0.4938821093205993	0.6157756142865219	0.9412664663271978	0.4937269286686148	0.7410672790106243	0.9999995011210674	0.4862215896675397	0.8499166473242178	0.9999987471362596	0.4779235583240344						
ReplogleWeissman2022_K562_gwps	TFAP2A	0.0326551102144651	0.189232177140234	0.531744087735482	0.0627341657932841	0.4609745595050773	0.5263893185966924	0.3072436933236682	0.8201639626020572	0.5086748381645164	0.20192199065995	0.731958288174257	0.5143773023031228						
ReplogleWeissman2022_K562_gwps	TFDP1	4.233223748935173e-07	1.3667265246562127e-05	0.5802631285040989	4.973343153636706e-05	0.0025731463115507	0.5634354979902122	2.758936472025899e-10	7.449128474469927e-08	0.6011153551192416	1.3939023917392943e-09	1.0593658177218637e-07	0.5968776438628345	DoRothEA, CausalPath	0.0880134976338046	0.1923814924025771	DoRothEA, Ensemble	0.4988682382575445	0.6318997684595564
ReplogleWeissman2022_K562_gwps	TP53	0.3239208882982297	0.717707066229411	0.5089231571381494	0.2564662481772433	0.7617255495843102	0.5127817469096307	0.6087126153034843	0.9999995011210674	0.4946088857352063	0.3363832706533881	0.8334506298949818	0.508250969895081						
ReplogleWeissman2022_K562_gwps	TP63	0.8997196768950031	0.99212967066105	0.469699715811861	0.9559193802578104	0.999992548810598	0.4596334562161827	0.9250810711508564	0.9999995011210674	0.4659085318055504	0.967253584699288	0.9999987471362596	0.4563973363039891						
ReplogleWeissman2022_K562_gwps	TP73	0.6916656402919094	0.913056826365794	0.4896116905268349	0.0244605856223357	0.3164639495529647	0.5408679330529018	0.759958393986789	0.9999995011210674	0.4853451152341469	0.2766474078102889	0.7666902700856156	0.5123028798692394						
ReplogleWeissman2022_K562_gwps	TWIST1	0.1913574220989572	0.5479153256086787	0.5182565441517767	0.1783425824287412	0.6856964807174017	0.5192770708134217	0.6666563357488479	0.9999995011210674	0.4909921190558304	0.430072317241374	0.8928508252588372	0.5036849895782645						
ReplogleWeissman2022_K562_gwps	USF1	0.8460038174139379	0.9783365977190646	0.4767094418012463	0.4317135328178442	0.8677503936330341	0.5039299236078536	0.599885642624202	0.9999995011210674	0.4942187395295852	0.3735177112912599	0.8598578022687967	0.5073691616967098						
ReplogleWeissman2022_K562_gwps	USF2	0.0101634989501896	0.099867424467081	0.5333730929884517	0.5286597517285819	0.9230214993442164	0.4989658353209025	0.3001004596440898	0.8201639626020572	0.5075385001029978	0.5095666845586247	0.9246436345531251	0.4996550688596524	CausalPath, DoRothEA	0.1161840121755231	0.2207496231334939	CausalPath, DoRothEA	0.1161840121755231	0.3679160385558231
ReplogleWeissman2022_K562_gwps	WT1	0.0059212500120892	0.0637239287015318	0.5434235004219763	0.0384152759397011	0.3765492440687725	0.5305278841826954	0.0153389102035051	0.2436179855850813	0.5372885915195036	0.0384152759397011	0.3527035800703994	0.5305278841826954	CausalPath, DoRothEA	0.6713376081669532	0.6713376081669532	CausalPath, DoRothEA	0.6713376081669532	0.7503185032454183
ReplogleWeissman2022_K562_gwps	XBP1	0.6545659627423914	0.913056826365794	0.492987920395328	0.7178989723530269	0.9691267628866412	0.4898328395553183	0.993879167353504	0.9999995011210674	0.4558320319399185	0.8883635690092715	0.9999987471362596	0.4785257257390913						
ReplogleWeissman2022_K562_gwps	YY1	0.0160022569722946	0.1350566927821633	0.5467158687322193	0.0285110108182118	0.3260489955108331	0.541460938880191	0.1822730250507304	0.7740473675787999	0.5197537510736935	0.0212480259366229	0.2583759953893345	0.5441947451462965						
ReplogleWeissman2022_rpe1	ATF4	0.2567916000798289	0.3516069601093042	0.5270001806032147	0.0069518771426352	0.0347231024673354	0.601660834315326	2.7250823942112497e-05	0.0001771303556237	0.6667834925085429	0.0001032629322065	0.0004784515858902	0.6533705745506824	DoRothEA, CollecTRI	0.1474336427884663	0.2515131541968768	DoRothEA, Ensemble	0.5537181619959115	0.67802711067667
ReplogleWeissman2022_rpe1	CLOCK	2.22991484562521e-09	1.8042038296422157e-08	0.5652865490769635	1.0	1.0	0.3862009890573809	0.2434773736334014	0.3980877337381151	0.5077367301059582	0.9999999999998826	0.9999999999998826	0.4184519064568131	CausalPath, DoRothEA	6.689391556647854e-07	9.365148179306996e-06	CausalPath, DoRothEA	6.689391556647854e-07	9.365148179306996e-06
ReplogleWeissman2022_rpe1	E2F6	0.390197343958888	0.4891206142583245	0.506488327525741	0.3869226334152217	0.6683209122626557	0.5066871561220111	0.1465448938464372	0.3175139366672807	0.5244665889325488	0.2323118695201178	0.3798982336858398	0.5170172565248357						
ReplogleWeissman2022_rpe1	ETV4	0.7791002111658374	0.8277117767658551	0.4735667135204109	0.9991099981697584	1.0	0.3926138095549553	0.2990996895827078	0.4355590517366655	0.5181119133974971	0.780992515120664	0.9442464783114924	0.4733470480289958						
ReplogleWeissman2022_rpe1	FOXO1	0.6334637442667312	0.7047284154967385	0.487754180455486	0.0068925078492273	0.0347231024673354	0.5884382856257035	0.1833428611678108	0.3269590953419644	0.532415801144444	0.0678810437335	0.1347866317037551	0.5535684678066173	CollecTRI, DoRothEA	0.0971640976007811	0.1943281952015622	CollecTRI, Ensemble	0.0527007857513185	0.1844527501296149
ReplogleWeissman2022_rpe1	GABPA	0.0062483859632585	0.0135635695300002	0.5883530302574571	0.0073101268352285	0.0347231024673354	0.5863672089042216	0.0283890855422179	0.0945245533180163	0.5673851891859375	0.0047324894755278	0.0136034102946047	0.5917839175279302	CausalPath, CollecTRI	0.9596532988246684	0.9596532988246684	Ensemble, CausalPath	0.9181290339021744	0.9181290339021744
ReplogleWeissman2022_rpe1	GATA1	0.3789239839594711	0.4817747796056132	0.5111475127048103	0.4999169880971053	0.7753814509261224	0.5000082143170069	0.0528872054049197	0.1473286436279907	0.5585324848856568	0.099712508631556	0.1823689302603459	0.5464355340401297						
ReplogleWeissman2022_rpe1	HSF1	0.3563715798422495	0.4641943614906036	0.524406609268286	0.4867077343265841	0.7706205793504249	0.5022112364939335	0.0008834830088051	0.0043069796679251	0.7072636467186542	0.0248895225836502	0.0617793506987032	0.6300433024206007	DoRothEA, CausalPath	0.0087956204603448	0.030784671611207	DoRothEA, Ensemble	0.1736757219851744	0.3473514439703489
ReplogleWeissman2022_rpe1	MAX	0.000120030751713	0.0004422406533259	0.6141030947769784	0.2247333485444031	0.4841154860463346	0.5234976045666819	0.999972435847238	0.999972435847238	0.3747098237440466	0.0740895303122279	0.1430339543527734	0.5449250753577036	CausalPath, CollecTRI	0.014565457872238	0.0407832820422664	CausalPath, Ensemble	0.0007664363228366	0.0053650542598565
ReplogleWeissman2022_rpe1	MYB	0.348912791337286	0.463481170582365	0.5138372244304076	0.7104241041513755	0.9998561465834174	0.480235191660759	0.1224557837476938	0.2971798284620647	0.5414399847064353	0.5254179560624626	0.7090591834241	0.4977285339153384						
ReplogleWeissman2022_rpe1	MYBL2	0.0381549504761224	0.0693018488239774	0.5178266959678508	0.22227085619151	0.4841154860463346	0.50768948875275	0.1844384640390568	0.3269590953419644	0.5090375247761562	0.3897463000571342	0.57026037587307	0.5028159566734	CausalPath, DoRothEA	0.3904326866335694	0.4555048010724977	CausalPath, DoRothEA	0.3904326866335694	0.67802711067667
ReplogleWeissman2022_rpe1	MYC	1.9659340047999614e-06	1.0292242731011562e-05	0.6442041816859191	1.2614186980676487e-25	3.19559403510471e-24	0.8249181370081853	1.2803656136992691e-24	2.496712946713575e-23	0.8179432267161681	1.1818994109705944e-23	3.285680362498252e-22	0.8111099337964254	CollecTRI, DoRothEA	0.5384126716118174	0.5798290309665726	CollecTRI, DoRothEA	0.5384126716118174	0.67802711067667
ReplogleWeissman2022_rpe1	NANOG	0.4520429357953959	0.5293660695498715	0.5041132431827253	0.5782896039318552	0.8617648999768823	0.4932593923109125	0.9089336071120532	0.999972435847238	0.4544646942570363	0.903806847075679	0.9999999999998826	0.4555112590905108						
ReplogleWeissman2022_rpe1	NFYB	0.1830417913625089	0.2670609742830049	0.5294584124033552	0.0335392245715574	0.1158627757926531	0.5596815534583591	3.706646519330315e-06	2.8911842850776455e-05	0.6460609542527009	1.7359564843980492e-05	8.936961160419585e-05	0.6349344019200844	DoRothEA, CollecTRI	0.0197496381684371	0.0460824890596867	DoRothEA, Ensemble	0.4737641566124279	0.67802711067667
ReplogleWeissman2022_rpe1	NRF1	4.095357927157935e-06	1.9183518711424012e-05	0.6772746735351445	9.789113651039632e-10	1.4879452749580246e-08	0.7385288871181325	2.099659682475141e-12	2.7295575872176828e-11	0.7754546701956888	8.499422571810373e-15	1.181419737481642e-13	0.8049146206990042	DoRothEA, CollecTRI	0.3544942620411003	0.4511745153250368	Ensemble, DoRothEA	0.110472770180843	0.3093237565063604
ReplogleWeissman2022_rpe1	SP1	0.4352385994151692	0.5240693835143189	0.5034434416893017	0.1505347230185211	0.3690528693357293	0.521838439083778	0.1683070820273358	0.3269590953419644	0.5202912652699829	0.2137908534190047	0.3580352846414658	0.5167532868796894						
ReplogleWeissman2022_rpe1	SRF	2.3666361454004826e-15	3.510510282344049e-14	0.7329914640276324	9.72254229834289e-34	3.694566073370298e-32	0.8583821772955125	3.916116882292837e-38	1.5272855840942066e-36	0.8823972662753	1.135593526795749e-33	7.892375011230455e-32	0.8580012635637108	DoRothEA, CollecTRI	0.1616870276979922	0.2515131541968768	DoRothEA, CollecTRI	0.1616870276979922	0.3473514439703489
ReplogleWeissman2022_rpe1	STAT5A	0.0365334598866635	0.0677391235398552	0.5533099374213155	0.0012312748816633	0.0085069900914923	0.5900556613649256	0.1295399252270538	0.2971798284620647	0.5335660627078078	0.0033504980437271	0.0103493161795128	0.5806407282554058	CollecTRI, CausalPath	0.281888742896636	0.3946442400552904	CollecTRI, Ensemble	0.5811660948657171	0.67802711067667
ReplogleWeissman2022_rpe1	STAT5B	0.2330457992209571	0.3345334859784707	0.5162108665454342	0.3502768208134322	0.6492936190688012	0.5085536499621084	0.6290374440345775	0.7666393849171413	0.4926760957418518	0.3308607710070127	0.4998874692388562	0.5097316438676937						
ReplogleWeissman2022_rpe1	TFDP1	0.0006139603046758	0.0017626602295532	0.5727343175735623	5.037868187917316e-05	0.0003828779822817	0.5875057910115106	7.699402724660348e-11	7.506917656543841e-10	0.6440449513659966	1.2060898926910585e-08	8.823499741266165e-08	0.62555096588563	DoRothEA, CollecTRI	6.40751419329952e-05	0.0004485259935309	DoRothEA, Ensemble	0.0064859432962171	0.0302677353823465
ReplogleWeissman2022_rpe1	USF2	0.8969142288677499	0.9282019345259273	0.4640516212955536	0.9964474849483266	1.0	0.4234518329300595	0.4920401596856305	0.6396522075913197	0.5005678409910426	0.9243341155536342	0.9999999999998826	0.4591980130620278						
ReplogleWeissman2022_rpe1	YY1	0.0207815653320428	0.0411013181011514	0.5636778948526671	1.3766653249833958e-06	1.1625173855415342e-05	0.6464996057127839	0.0032201672622928	0.0139540581366021	0.5851324173372267	1.9441374018303025e-06	1.1259795785600502e-05	0.644276518617081	CollecTRI, DoRothEA	0.0085983216290663	0.030784671611207	CollecTRI, Ensemble	0.8456562706933431	0.9107067530543697
SunshineHein2023	ATF4	7.82207986861486e-12	7.430975875184117e-11	0.6648774168807077	2.1913617542388637e-07	7.669766139836023e-07	0.6235407302368722	1.4524597709601673e-12	5.809839083840669e-12	0.6707579730308217	6.290263121107774e-10	4.822535059515961e-09	0.6485133062214612	DoRothEA, CausalPath	0.690971333301666	0.9656208411093652	DoRothEA, CausalPath	0.690971333301666	0.9656208411093652
SunshineHein2023	ATF6	0.0489883108947009	0.1244957262458485	0.541148372857565	0.0732232375423071	0.1139028139546999	0.5361120345744681	0.0486547573779606	0.0973095147559213	0.5412303302304965	0.0732232375423071	0.187126051497007	0.5361120345744681	DoRothEA, CausalPath	0.996032188549386	0.996032188549386	DoRothEA, CausalPath	0.996032188549386	0.996032188549386
SunshineHein2023	IRF3	0.3877719358826695	0.6139722318142268	0.507800977138643	0.6716667136985622	0.7851035573895236	0.4877079876474926	0.4630064934006788	0.5050979928007405	0.5025695980825959	0.6637991112871816	0.8980811505650105	0.4883071764380531						
SunshineHein2023	IRF9	1.1270428337691088e-25	2.1413813841613068e-24	0.7407663236788617	4.5319759862840726e-48	6.344766380797703e-47	0.8359791825457317	2.5126360454248345e-35	1.5075816272549007e-34	0.7857120172764229	6.840967609703e-39	7.867112751158452e-38	0.8006125349339432	CollecTRI, DoRothEA	3.402413666353934e-06	2.381689566447754e-05	CollecTRI, Ensemble	2.5683218570960293e-05	0.0001797825299967
SunshineHein2023	RELA	0.0083815836758976	0.0318500179684111	0.5583058744331065	0.0044629136508571	0.0104134651853334	0.5637422937925171	0.0083030791239682	0.0199273898975237	0.5583900226757369	0.0073490001307888	0.0281711671680239	0.5594728776927437	CollecTRI, DoRothEA	0.629836273895563	0.9656208411093652	CollecTRI, Ensemble	0.2503664662226453	0.4381413158896294
SunshineHein2023	SMAD3	0.6720767941899071	0.8512972726405489	0.4882156207997312	0.5403439733926036	0.7564815627496451	0.4973223286290322	0.3748861141783528	0.4498633370140233	0.5084359774025538	0.6044527815842227	0.8980811505650105	0.4929960517473117						
SunshineHein2023	SREBF1	0.0524192531561467	0.1244957262458485	0.5774475647522522	0.0415541165061356	0.0727197038857374	0.5827526745495495	0.1499466179974771	0.1999288239966361	0.5495055602477478	0.12957193707427	0.2980154552708211	0.5538868947072073	CollecTRI, CausalPath	0.8276750066651702	0.9656208411093652	CollecTRI, CausalPath	0.8276750066651702	0.9656208411093652
SunshineHein2023	SREBF2	6.0764431322868206e-05	0.0002886310487836	0.6341192336309524	0.0205253119910557	0.0410506239821115	0.5713030133928572	0.0821473664024773	0.123221049603716	0.548539806547619	0.0412806750013019	0.1186819406287431	0.5605887276785715	CausalPath, CollecTRI	0.0030890370534421	0.0108116296870476	CausalPath, CollecTRI	0.0030890370534421	0.0108116296870476
SunshineHein2023	STAT1	1.204789381142818e-06	7.630332747237848e-06	0.5991251425165838	8.36284342085267e-10	3.902660263064579e-09	0.6266859064054727	0.0001188563628064	0.0003565690884192	0.5772537054311774	8.248844961558925e-05	0.0004743085852896	0.579192254871476	CollecTRI, CausalPath	0.0728149069719888	0.1699014496013072	CollecTRI, CausalPath	0.0728149069719888	0.1699014496013072
SunshineHein2023	XBP1	0.880065668862426	0.9425017090099402	0.4718924462145969	0.938085717446712	0.938085717446712	0.4631969975490195	0.9902256084181656	0.9902256084181656	0.4441795598447712	0.983790782011348	0.983790782011348	0.4488400394880174						
TianKampmann2021_CRISPRa	MEF2C	0.7254865197741621	0.9673153596988828	0.4834788029925186	0.7519978300754329	0.9999864754683394	0.4808984483236354	0.9420553462540052	0.9993688313435796	0.4558742033804378	0.9445850303602272	0.9999864754683394	0.4552507619839291						
TianKampmann2021_CRISPRa	SPI1	0.2659037761988069	0.7090767365301517	0.5318845742785893	0.0616054433853281	0.2310204126949807	0.5785536159600998	0.34817418916896	0.6963483783379201	0.5199144994656217	0.3680201776654267	0.9999864754683394	0.517206982543641						
TianKampmann2021_CRISPRa	TP53	0.9976243557899074	0.9976243557899074	0.4115636833841322	0.9993148152579656	0.9999864754683394	0.3997413872725593	0.9993688313435796	0.9993688313435796	0.399002493765586	0.9997047628259296	0.9999864754683394	0.3923755426249191						
WesselsSatija2023	FLI1	0.2192382352696647	0.2923176470262196	0.5184581797437247	4.8060465767677445e-06	2.403023288383872e-05	0.6069751623661577	0.9940834783982924	0.9940834783982924	0.4391675443215727	0.2635284221767132	0.4517630094457941	0.5152931367386343	CollecTRI, CausalPath	0.000535235766239	0.001070471532478	CollecTRI, CausalPath	0.000535235766239	0.001070471532478
WesselsSatija2023	GATA2	0.7501937884588237	0.8573643296672271	0.4700262176061309	0.0708007609344832	0.1416015218689665	0.5653423414339014	0.1291090791342963	0.2582181582685927	0.5502672179086416	0.120025081267972	0.2400501625359441	0.5522335383684582						
WesselsSatija2023	MYB	0.005282118803673	0.010564237607346	0.7081662413415968	0.0113987761678478	0.0284969404196195	0.6853809697411593	0.000369966954027	0.0014798678161083	0.7746992344148742	0.0021237414659862	0.0063712243979587	0.7327743346700692	DoRothEA, CausalPath	0.3488179930238375	0.3488179930238375	DoRothEA, Ensemble	0.3767259851078902	0.3767259851078902
