Dataset	TF	Mode	Top_Weight	Top_ROC_AUC	Top_MWU_Adjusted_P_Value	Top_MWU_Significant_FDR_BH	Top_N_Cells	Top_N_Pos	Top_N_Control	Second_Weight	Second_ROC_AUC	Second_MWU_Adjusted_P_Value	Second_MWU_Significant_FDR_BH	AUC_Diff	DeLong_Z	DeLong_P_Value	DeLong_P_Value_FDR_BH	DeLong_Significant_FDR_BH
FrangiehIzar2021_RNA	STAT1		CORRELATION	0.7341027787569286	7.976525542281649e-101	True	56968	707	56261	NONZERORATE	0.7080750413428503	7.794918078252082e-80	True	0.026027737414078378	3.0697628830957355	0.002142287790398619	0.006426863371195858	True
FrangiehIzar2021_RNA	MYC		CORRELATION	0.6963616003981444	1.3983588996343394e-19	True	56446	185	56261	NONZERORATE	0.5464675496491497	0.04530542868328614	True	0.14989405074899476	8.039894460544778	8.99158814415808e-16	8.092429329742273e-15	True
FrangiehIzar2021_RNA	JAK2		UNIFORM	0.6161416546128721	1.0927735141144597e-38	True	57348	1087	56261	NONZERORATE	0.6029569325394276	1.3104934845546747e-30	True	0.013184722073444455	2.8062612690755566	0.005012003577528556	0.0090216064395514	True
FrangiehIzar2021_RNA	SMAD4		NONZERORATE	0.5701291733240107	5.17515000075378e-09	True	56889	628	56261	UNIFORM	0.5336393522817957	0.008104197627069572	True	0.03648982104221499	5.204494636671125	1.9452524209102296e-07	8.753635894096034e-07	True
FrangiehIzar2021_RNA	JAK1		SPECIFICITY	0.5578061681854718	1.4883387577916618e-09	True	57251	990	56261	UNIFORM	0.547346117185793	1.117431999799303e-06	True	0.010460050999678838	2.973347863048486	0.0029457039620410953	0.006627833914592465	True
FrangiehIzar2021_RNA	SMAD3		UNIFORM	0.5456203457609202	7.756786709733619e-05	True	56972	711	56261	NONZERORATE	0.5409271050879477	0.0003787842348059913	True	0.0046932406729724985	0.8329727896251529	0.40486007557033943	0.4870268259345647	False
FrangiehIzar2021_RNA	TP53		CORRELATION	0.5452695576676847	0.0007121150974101463	True	56809	548	56261	SPECIFICITY	0.49637206388317645	0.9863918751721965	False	0.04889749378450825	2.571456753241687	0.010127166292626298	0.015190749438939447	True
FrangiehIzar2021_RNA	TSC22D3		NONZERORATE	0.5338774353541884	0.004604696162239067	True	56932	671	56261	UNIFORM	0.5279405801113615	0.023264863010700496	True	0.005936855242826944	0.7842170980132128	0.4329127341640575	0.4870268259345647	False
FrangiehIzar2021_RNA	STAT3		SPECIFICITY	0.5243252767270292	0.09891081089565336	True	56789	528	56261	UNIFORM	0.5211671737728865	0.14698958475786628	False	0.0031581029541427608	0.32218967952068556	0.7473090025292712	0.7473090025292712	False
GasperiniShendure2019_lowMOI	CEBPB		SPECIFICITY	0.7495611317637341	0.0036185516442560125	True	4858	16	4842	UNIFORM	0.6440133209417596	0.2630011794200716	False	0.10554781082197451	2.1880956144673287	0.028662638303125328	0.028662638303125328	True
NadigOConner2024_hepg2	RUVBL2		NONZERORATE	0.9485315233912599	1.6462339710926041e-15	True	4952	29	4923	CORRELATION	0.9456667156976052	1.0319678213963667e-15	True	0.002864807693654714	0.3391553059938538	0.7344927365735805	0.8619549622526632	False
NadigOConner2024_hepg2	MYC		CORRELATION	0.8845372583946624	2.796899470028238e-20	True	4975	52	4923	NONZERORATE	0.7927897310895483	3.903534917933201e-12	True	0.09174752730511404	5.060042114990026	4.191638847732116e-07	1.9700702584340947e-05	True
NadigOConner2024_hepg2	RUVBL1		CORRELATION	0.8783352517660866	3.175550410190211e-17	True	4968	45	4923	NONZERORATE	0.8704403367413727	4.727484457793658e-16	True	0.007894915024713955	0.8860308578615929	0.37560089919648953	0.551663820694844	False
NadigOConner2024_hepg2	SSRP1		CORRELATION	0.829256260700502	0.004446121560065594	True	4930	7	4923	SPECIFICITY	0.6873857404021937	0.10481478663474426	False	0.14187052029830827	1.1028140342893054	0.27010793219632856	0.45339545761526584	False
NadigOConner2024_hepg2	POLR2A		CORRELATION	0.7989954388491866	3.7121828881373023e-06	True	4945	22	4923	NONZERORATE	0.7870939744797149	1.2060242930697234e-05	True	0.011901464369471704	1.167181489384229	0.2431370845822204	0.4395170375140138	False
NadigOConner2024_hepg2	TRRAP		SPECIFICITY	0.7937054163530128	7.942305208105736e-05	True	4940	17	4923	NONZERORATE	0.7559355247278681	0.000624147304936023	True	0.03776989162514477	2.5049495730823863	0.012246885263352419	0.052327600670687605	True
NadigOConner2024_hepg2	POLR2H		CORRELATION	0.7777285345841105	1.6066743748076043e-07	True	4956	33	4923	UNIFORM	0.7209141998904339	3.503297730245915e-05	True	0.05681433469367658	3.0543173815429285	0.0022557330126186507	0.0176699085988461	True
NadigOConner2024_hepg2	POLR2G		CORRELATION	0.7722076223847247	3.904501048838419e-07	True	4955	32	4923	UNIFORM	0.7358095927280114	1.4066682437255663e-05	True	0.03639802965671335	2.6960247585791355	0.0070172450732456865	0.03298392735124497	True
NadigOConner2024_hepg2	ATF4		CORRELATION	0.7712776762136909	2.738817018657888e-05	True	4945	22	4923	NONZERORATE	0.7273188927667904	0.000605812092148991	True	0.04395878344690052	1.7062920684355545	0.08795371409801317	0.22965692014481218	False
NadigOConner2024_hepg2	POLR2C		CORRELATION	0.7710605392002352	8.530524471636813e-12	True	4981	58	4923	UNIFORM	0.7159147422023296	8.236306178923073e-08	True	0.05514579699790556	2.7733537470731693	0.005548177314606471	0.03298392735124497	True
NadigOConner2024_hepg2	SUPT5H		NONZERORATE	0.7564851656689489	0.000624147304936023	True	4940	17	4923	UNIFORM	0.7475116798699979	0.0010362342930132096	True	0.008973485798950964	0.5123322727442291	0.6084184822477119	0.7728559098822286	False
NadigOConner2024_hepg2	POLR2I		CORRELATION	0.7531534503534889	7.98028598179308e-22	True	5056	133	4923	UNIFORM	0.6949870104878284	3.291244645390417e-13	True	0.0581664398656605	3.8914742825026587	9.963695158891354e-05	0.002341468362339468	True
NadigOConner2024_hepg2	KAT5		CORRELATION	0.7476809533482294	0.04680761557765616	True	4929	6	4923	NONZERORATE	0.7366781772631863	0.06411796971414421	True	0.011002776085043076	0.08418719607047857	0.9329075981030418	0.9531881980618037	False
NadigOConner2024_hepg2	MAX		CORRELATION	0.7444196176676372	7.865449896315165e-08	True	4968	45	4923	SPECIFICITY	0.6688875347010631	0.0002480504513253157	True	0.0755320829665741	1.7649281694184416	0.07757583869253722	0.21447437756172053	False
NadigOConner2024_hepg2	MED1		CORRELATION	0.728897752663749	0.01386328912665412	True	4934	11	4923	SPECIFICITY	0.6587077354901852	0.0939415956233287	True	0.07019001717356377	1.115228416303806	0.2647525518641527	0.45339545761526584	False
NadigOConner2024_hepg2	POLR2E		CORRELATION	0.716901349484349	2.2734497173258083e-16	True	5054	131	4923	UNIFORM	0.673355941033907	1.282668743119934e-10	True	0.04354540845044208	2.136526764854839	0.03263650178400914	0.1095653988463164	False
NadigOConner2024_hepg2	SUPT4H1		SPECIFICITY	0.7132990917268797	0.08142456158717876	True	4930	7	4923	UNIFORM	0.7063056788833754	0.07594396729163515	True	0.006993412843504299	0.7864529170064711	0.4316021923746687	0.596626560047336	False
NadigOConner2024_hepg2	POLR2K		CORRELATION	0.7096316237084062	4.189020477699251e-11	True	5014	91	4923	UNIFORM	0.6789815912302201	2.9094711202228124e-08	True	0.030650032478186096	1.5426300520074325	0.12292056218159603	0.2751079248826197	False
NadigOConner2024_hepg2	GTF2H1		CORRELATION	0.7076308483986729	9.620415827235264e-06	True	4965	42	4923	UNIFORM	0.7031862104988248	1.770886001681173e-05	True	0.0044446378998480585	1.028309751109297	0.3038041456378483	0.4778138402455559	False
NadigOConner2024_hepg2	POLR2F		UNIFORM	0.7012138836821223	7.163936688521984e-09	True	5002	79	4923	CORRELATION	0.6969430495452758	1.0101237381558755e-08	True	0.004270834136846591	0.20560796947150325	0.8370971517977922	0.9149666542906101	False
NadigOConner2024_hepg2	NELFA		UNIFORM	0.6736745886654478	0.0004212726549961848	True	4963	40	4923	NONZERORATE	0.6735222425350396	0.0004269508108362563	True	0.00015234613040826517	0.02387170801417815	0.9809549415838945	0.9809549415838945	False
NadigOConner2024_hepg2	NRF1		UNIFORM	0.6711625702484936	0.0028574851885546895	True	4953	30	4923	SPECIFICITY	0.6468616697135893	0.011197587255460344	True	0.0243009005349043	0.8560916625935554	0.3919470799585545	0.5582276593349109	False
NadigOConner2024_hepg2	NF1		SPECIFICITY	0.6619693276457445	0.011959172846485133	True	4947	24	4923	NONZERORATE	0.6040777980905951	0.10338972775883598	False	0.05789152955514931	1.8731313773255571	0.06105024544232772	0.17933509598683767	False
NadigOConner2024_hepg2	ATR		CORRELATION	0.6562472069876093	3.3391901609178665e-07	True	5023	100	4923	UNIFORM	0.6534257566524477	6.569257823933221e-07	True	0.0028214503351615683	1.0257964121872634	0.30498755760354634	0.4778138402455559	False
NadigOConner2024_hepg2	POLR2D		CORRELATION	0.6434357396590419	2.1239745088766883e-05	True	5005	82	4923	UNIFORM	0.602344396387291	0.0032509472822419626	True	0.0410913432717509	3.156702321778605	0.0015956414875121286	0.014999029982614008	True
NadigOConner2024_hepg2	POLR2B		UNIFORM	0.6418989185594912	6.569257823933221e-07	True	5040	117	4923	SPECIFICITY	0.6380707337441036	1.4065023711649148e-06	True	0.003828184815387603	2.7225183284082863	0.00647864396106658	0.03298392735124497	True
NadigOConner2024_hepg2	NELFCD		CORRELATION	0.6349620896499977	0.002117789396826194	True	4972	49	4923	SPECIFICITY	0.5186028098015563	0.5175665555107807	False	0.11635927984844141	3.3436794245375614	0.000826752124453341	0.011023269419407357	True
NadigOConner2024_hepg2	MYBL2		UNIFORM	0.6269327048308659	1.7339925847262823e-06	True	5059	136	4923	SPECIFICITY	0.6254167114743521	2.3758493175863745e-06	True	0.0015159933565138672	0.17782796311125296	0.8588580859585104	0.9174165918193179	False
NadigOConner2024_hepg2	CDC6		CORRELATION	0.6260839462940553	0.0005818010087440343	True	4994	71	4923	UNIFORM	0.5608597757579398	0.09725991407192287	True	0.06522417053611551	3.308446644902871	0.0009381505888857325	0.011023269419407357	True
NadigOConner2024_hepg2	SRF		NONZERORATE	0.613791930615195	0.018886036345861893	True	4966	43	4923	CORRELATION	0.6014955902290624	0.03152735170765919	True	0.012296340386132587	0.3721407990215018	0.7097880210314993	0.8553855638071914	False
NadigOConner2024_hepg2	NFYC		CORRELATION	0.5996669464469816	0.0009367117352604299	True	5029	106	4923	UNIFORM	0.5773477592662858	0.011908238048307127	True	0.02231918718069581	1.657102399540471	0.09749877410320541	0.2411811780447713	False
NadigOConner2024_hepg2	GTF2F2		NONZERORATE	0.5976139210508498	0.007801418967042357	True	4998	75	4923	UNIFORM	0.5933834382828899	0.010579653266321733	True	0.004230482767959898	0.7598089354270177	0.4473688010240855	0.6007523899466292	False
NadigOConner2024_hepg2	NELFE		CORRELATION	0.595880259703132	0.023525441256050595	True	4977	54	4923	UNIFORM	0.580875106266128	0.06077435742243857	True	0.015005153437003926	1.2203199248281327	0.2223436194382299	0.4354229213998669	False
NadigOConner2024_hepg2	NELFB		CORRELATION	0.595835682596092	0.0013235005865028411	True	5030	107	4923	UNIFORM	0.5829171104162988	0.007015706716586169	True	0.012918572179793197	1.5006877354299044	0.13343634673034102	0.28506855892391036	False
NadigOConner2024_hepg2	TGS1		NONZERORATE	0.5914340096749197	0.0343924305300174	True	4977	54	4923	UNIFORM	0.5611603885014407	0.1367662954584439	False	0.030273621173478982	2.070885082724684	0.038369536534872094	0.12022454780926589	False
NadigOConner2024_hepg2	NPM1		NONZERORATE	0.5910295140914767	0.04880350962352364	True	4970	47	4923	UNIFORM	0.5890673823693389	0.05882683527367819	True	0.001962131722137883	0.12045979812937394	0.9041189241389949	0.9443019874340612	False
NadigOConner2024_hepg2	MCM5		UNIFORM	0.5899857810278286	0.060713328761170395	True	4967	44	4923	SPECIFICITY	0.5837257400328698	0.08525277666927446	True	0.006260040994958804	0.38748374217008524	0.6983981185927286	0.8553855638071914	False
NadigOConner2024_hepg2	HDAC3		SPECIFICITY	0.5845932116498844	0.08694642555595263	True	4965	42	4923	UNIFORM	0.5080912722594624	0.5662751701292631	False	0.07650193939042205	2.6959957180198373	0.0070178568832436105	0.03298392735124497	True
NadigOConner2024_hepg2	SUPT16H		CORRELATION	0.5787576961062431	0.05287660603012973	True	4981	58	4923	UNIFORM	0.5567533113394553	0.14975706885365453	False	0.022004384766787788	2.27908797697518	0.0226618360760334	0.0819312535056592	True
NadigOConner2024_hepg2	BRCA1		CORRELATION	0.5765425856055597	0.08344040021068311	True	4970	47	4923	SPECIFICITY	0.5630194354765516	0.14848630220083647	False	0.013523150129008066	0.3161111306632097	0.7519181585608339	0.8619549622526632	False
NadigOConner2024_hepg2	NFYB		NONZERORATE	0.5728116845575713	0.019659417455033527	True	5027	104	4923	UNIFORM	0.5628720761261895	0.04840595478516057	True	0.009939608431381752	1.3134934730337067	0.18901671883789561	0.3862515558861345	False
NadigOConner2024_hepg2	CDK9		NONZERORATE	0.5711625702484935	0.07277991169867795	True	4986	63	4923	UNIFORM	0.5695214235738306	0.07594396729163515	True	0.0016411466746628633	0.28665404061172617	0.7743772315639689	0.8665649972263462	False
NadigOConner2024_hepg2	CHEK1		CORRELATION	0.5700711593459917	0.06939450184863846	True	4986	63	4923	SPECIFICITY	0.5072981051043207	0.5919991741276991	False	0.06277305424167101	2.415469077721428	0.015714956784644876	0.06155024740652577	True
NadigOConner2024_hepg2	TBP		UNIFORM	0.5683309635046381	0.06086126571630711	True	4998	75	4923	NONZERORATE	0.5468725032161961	0.18795412585498147	False	0.021458460288442005	1.1946875788328992	0.23220911724728366	0.4365531404248933	False
NadigOConner2024_hepg2	SP1		CORRELATION	0.5643692078792628	0.06714307830147448	True	5000	77	4923	NONZERORATE	0.5471270553537464	0.18383026131579164	False	0.01724215252551642	0.9275055363641063	0.35366411861353886	0.536200437897946	False
NadigOConner2024_hepg2	ELL		CORRELATION	0.5619940895094184	0.002874327098261482	True	5149	226	4923	UNIFORM	0.5408040460256085	0.06066876089815146	True	0.02119004348380993	0.727636169366766	0.4668363334997645	0.6094807687358037	False
NadigOConner2024_hepg2	CCNK		CORRELATION	0.5604087899894941	0.06019227008980929	True	5016	93	4923	NONZERORATE	0.529937379733924	0.31457735168227446	False	0.030471410255570097	1.572413331385941	0.11585472451027655	0.2722586025991499	False
NadigOConner2024_jurkat	MYC		CORRELATION	0.9393529139297477	1.074744641079545e-57	True	12036	115	11921	NONZERORATE	0.9266292950328796	2.06046552476695e-54	True	0.012723618896868127	1.646488802843702	0.09966316350964434	0.24416176905874754	False
NadigOConner2024_jurkat	ACTL6A		UNIFORM	0.9268238123199956	7.870749788839351e-05	True	11930	9	11921	CORRELATION	0.919190224533736	0.00014172079235059076	True	0.007633587786259555	1.6690714266178468	0.0951032252192383	0.24416176905874754	False
NadigOConner2024_jurkat	MAX		NONZERORATE	0.9058307100693601	5.39863969987047e-33	True	11997	76	11921	UNIFORM	0.8745226248239506	3.749300166293158e-28	True	0.03130808524540951	3.4665137676211404	0.000527254731896642	0.008963330442242914	True
NadigOConner2024_jurkat	TRRAP		SPECIFICITY	0.8982252207988304	3.903030078675054e-15	True	11956	35	11921	NONZERORATE	0.8981437319496207	5.276278873821926e-15	True	8.148884920966548e-05	0.008485739869964799	0.9932294404263586	0.9932294404263586	False
NadigOConner2024_jurkat	NRF1		SPECIFICITY	0.7694523928620621	8.029709833127335e-16	True	12002	81	11921	NONZERORATE	0.7512554357338072	6.244808517509981e-14	True	0.018196957128254976	1.0143520609173529	0.31041479052946896	0.5053051688085631	False
NadigOConner2024_jurkat	POLR2H		CORRELATION	0.768262858691514	0.0042846868759246004	True	11934	13	11921	UNIFORM	0.5989623999019185	0.2791197786358465	False	0.16930045878959554	2.8537483134381376	0.004320674684570004	0.036725734818845036	True
NadigOConner2024_jurkat	CDK7		CORRELATION	0.7382350473953527	0.0042846868759246004	True	11937	16	11921	SPECIFICITY	0.677265959231608	0.03747576100379643	True	0.06096908816374469	2.2499756354043456	0.02445049200005027	0.1306211720842529	False
NadigOConner2024_jurkat	MYB		NONZERORATE	0.7267459492943933	0.012350631926755196	True	11934	13	11921	UNIFORM	0.6483516483516483	0.1088966017761756	False	0.07839430094274502	1.963969087531545	0.04953367688094076	0.18712722377244287	False
NadigOConner2024_jurkat	POLR2F		CORRELATION	0.6678090109480911	0.001504937159881117	True	11962	41	11921	NONZERORATE	0.5812186324195261	0.10570035079901825	False	0.08659037852856499	1.5100471661625603	0.13103138941003287	0.29700448266274115	False
NadigOConner2024_jurkat	HSF1		CORRELATION	0.6663896694908145	0.004365220790350559	True	11953	32	11921	NONZERORATE	0.645452352990521	0.012350631926755196	True	0.020937316500293512	0.500747181920354	0.6165490620704526	0.7486667182284067	False
NadigOConner2024_jurkat	SSRP1		NONZERORATE	0.6643466546924114	0.03692386751055688	True	11938	17	11921	UNIFORM	0.6489610524186187	0.06296437283239426	True	0.015385602273792709	1.3647577938687545	0.1723291882561322	0.3446583765122644	False
NadigOConner2024_jurkat	CDK12		CORRELATION	0.662066940692895	0.0042846868759246004	True	11957	36	11921	UNIFORM	0.6545754923617519	0.00631619144047654	True	0.0074914483311430136	0.5786431446643675	0.5628299864673847	0.7087488718478178	False
NadigOConner2024_jurkat	SUPT5H		NONZERORATE	0.6504403992953611	0.002573936995468372	True	11966	45	11921	UNIFORM	0.6300058719906048	0.009965650759644716	True	0.020434527304756367	2.197267785931921	0.02800132691580841	0.1306211720842529	False
NadigOConner2024_jurkat	GTF2H1		SPECIFICITY	0.6422881797923286	0.004508274233333215	True	11967	46	11921	CORRELATION	0.6402329830806432	0.0042846868759246004	True	0.002055196711685303	0.30762880689629557	0.7583647977798824	0.8594801041505334	False
NadigOConner2024_jurkat	ELL		NONZERORATE	0.6285979619451243	0.0001262014643189153	True	12013	92	11921	UNIFORM	0.6168384801391772	0.0006687903820415059	True	0.011759481805947103	1.7518902685123396	0.07979267821668004	0.24416176905874754	False
NadigOConner2024_jurkat	NFYB		SPECIFICITY	0.6256987287521638	0.07240449974867234	True	11943	22	11921	NONZERORATE	0.6242497960055212	0.06634817056722701	True	0.001448932746642595	0.05565399035490426	0.9556174530339594	0.9932294404263586	False
NadigOConner2024_jurkat	DNMT1		SPECIFICITY	0.6171462125660598	3.728684898929117e-06	True	12078	157	11921	NONZERORATE	0.5035026236951652	0.6288332105743969	False	0.11364358887089465	5.783939927193177	7.297100980247982e-09	2.4810143332843143e-07	True
NadigOConner2024_jurkat	KAT5		NONZERORATE	0.604760753391198	0.05656747426502896	True	11955	34	11921	UNIFORM	0.5543159130945391	0.3139251133554765	False	0.050444840296658855	2.160494700362071	0.030734393431588913	0.1306211720842529	False
NadigOConner2024_jurkat	CCNH		CORRELATION	0.5963400594955315	4.290647047203419e-05	True	12120	199	11921	SPECIFICITY	0.5922431552106645	5.532312495906118e-05	True	0.004096904284866976	0.734391017136206	0.4627104599766272	0.6292862255682129	False
NadigOConner2024_jurkat	MNAT1		CORRELATION	0.5946473196606341	0.001504937159881117	True	12050	129	11921	SPECIFICITY	0.580652083581251	0.007551629419663272	True	0.013995236079383133	1.6422548536838757	0.10053719902419016	0.24416176905874754	False
NadigOConner2024_jurkat	YY1		NONZERORATE	0.5855252205222845	0.03659148603614645	True	11986	65	11921	UNIFORM	0.5796842030547256	0.05624012420689116	True	0.00584101746755894	0.3497758775089142	0.7265069038471699	0.8517667148553026	False
NadigOConner2024_jurkat	NELFA		CORRELATION	0.5849061879596231	0.004771362567649582	True	12041	120	11921	NONZERORATE	0.5803169476833598	0.008591099653562289	True	0.0045892402762632845	0.6297488034378671	0.5288589465931443	0.6915847763141117	False
NadigOConner2024_jurkat	GTF2H2		NONZERORATE	0.5786019536019537	0.03764565138771668	True	11993	72	11921	UNIFORM	0.5776244535786521	0.051349595942093304	True	0.0009775000233015474	0.15529173542659114	0.8765913307525106	0.9614227498575924	False
NadigOConner2024_jurkat	GTF2F2		CORRELATION	0.5781858399511998	0.02018581380688622	True	12024	103	11921	SPECIFICITY	0.5590126911552836	0.07180208409690819	True	0.01917314879591614	1.6878117548295057	0.09144737040305678	0.24416176905874754	False
NadigOConner2024_jurkat	GABPA		UNIFORM	0.5771271985012443	0.01173989489946927	True	12041	120	11921	SPECIFICITY	0.5769587282946061	0.012302002393609596	True	0.00016847020663812717	0.01605435215440492	0.9871910305200499	0.9932294404263586	False
NadigOConner2024_jurkat	TGS1		NONZERORATE	0.5768694228345264	0.004846624156979059	True	12075	154	11921	SPECIFICITY	0.5669714690979685	0.01284243350322741	True	0.009897953736557885	0.947450513741518	0.34340926141072936	0.5307234039983999	False
NadigOConner2024_jurkat	POLR2I		NONZERORATE	0.5723359945729677	0.018728596210714987	True	12036	115	11921	UNIFORM	0.5655748168194235	0.04075069913698576	True	0.006761177753544234	1.0108248831891895	0.31210025132293606	0.5053051688085631	False
NadigOConner2024_jurkat	NELFCD		NONZERORATE	0.565558954943947	0.03692386751055688	True	12027	106	11921	UNIFORM	0.5603833729283823	0.06296437283239426	True	0.005175582015564784	0.7439389981112613	0.45691338088452504	0.6292862255682129	False
NadigOConner2024_jurkat	ATR		CORRELATION	0.563111249588894	0.03457473933565424	True	12047	126	11921	UNIFORM	0.5589495927554815	0.051349595942093304	True	0.004161656833412519	0.7736787396611087	0.4391207955713117	0.6292862255682129	False
NadigOConner2024_jurkat	BRCA1		NONZERORATE	0.5577148098460853	0.03692386751055688	True	12058	137	11921	SPECIFICITY	0.5365003303377405	0.18181004227216227	False	0.021214479508344875	1.2332810126881175	0.21747093933708084	0.41077844097004157	False
NadigOConner2024_jurkat	TNRC6A		NONZERORATE	0.5543885457309401	0.03659148603614645	True	12085	164	11921	UNIFORM	0.518404189368628	0.40756735571780334	False	0.03598435636231212	2.9146350276414523	0.0035610472346177557	0.036725734818845036	True
NadigOConner2024_jurkat	CCNK		NONZERORATE	0.554055407664452	0.012350631926755196	True	12158	237	11921	UNIFORM	0.5486308068200039	0.028987322840464274	True	0.00542460084444818	1.3819787926919127	0.16697821284881564	0.3446583765122644	False
NadigOConner2024_jurkat	STAT5B		SPECIFICITY	0.5430666856122535	0.07180208409690819	True	12117	196	11921	NONZERORATE	0.5029342833517939	0.6288332105743969	False	0.040132402260459554	2.581098482807092	0.009848648181823749	0.0669708076364015	True
NadigOConner2024_jurkat	ZBTB17		NONZERORATE	0.5384053017355968	0.02021268819114945	True	12323	402	11921	UNIFORM	0.5309563874278469	0.06296437283239426	True	0.007448914307749854	1.0127878566238742	0.31116150222022554	0.5053051688085631	False
NormanWeissman2019_filtered	IRF1		CORRELATION	0.9455773060669356	3.419181812175459e-211	True	12184	420	11764	SPECIFICITY	0.9252179773643562	1.9346578984507776e-192	True	0.020359328702579393	4.122632093956323	3.745676864601953e-05	0.00011545876213553043	True
NormanWeissman2019_filtered	CEBPA		CORRELATION	0.8470315314262536	6.409372044960979e-138	True	12215	451	11764	UNIFORM	0.8160823241412223	1.1857103276908366e-114	True	0.030949207285031366	3.8306914442603346	0.0001277836660756328	0.00029816188750980986	True
NormanWeissman2019_filtered	SPI1		CORRELATION	0.7753952387060851	7.979866916183478e-116	True	12371	607	11764	UNIFORM	0.7220904588706953	7.547705019184043e-76	True	0.053304779835389726	4.823891972830729	1.40783687427287e-06	6.569905413273394e-06	True
NormanWeissman2019_filtered	TP73		UNIFORM	0.7523410957502978	9.842881594409341e-42	True	12010	246	11764	CORRELATION	0.7305860099573455	4.2456594801602924e-35	True	0.021755085792952378	1.9631581545942043	0.049627799937456224	0.05344532300956824	True
NormanWeissman2019_filtered	CEBPB		CORRELATION	0.7093434772753033	2.226041679037421e-54	True	12244	480	11764	UNIFORM	0.6857816573161056	3.8546702794955996e-43	True	0.023561819959197705	2.8628791269738354	0.004198106808351018	0.005877349531691425	True
NormanWeissman2019_filtered	HNF4A		CORRELATION	0.6439256741670595	5.260488001121076e-14	True	11997	233	11764	SPECIFICITY	0.5554568896451384	0.004179464633358151	True	0.08846878452192108	3.072077014773579	0.0021257487168854458	0.0042514974337708915	True
NormanWeissman2019_filtered	AHR		CORRELATION	0.5978670434768276	7.099115157620446e-15	True	12321	557	11764	UNIFORM	0.5288087168533523	0.0189824874804262	True	0.06905832662347533	4.1004470830262445	4.123527219126087e-05	0.00011545876213553043	True
NormanWeissman2019_filtered	FOXA1		CORRELATION	0.5720758754507307	3.139558811548378e-12	True	12599	835	11764	SPECIFICITY	0.49311102378717575	0.9198735595611045	False	0.07896485166355494	6.071652785271344	1.2660043118453355e-09	1.7724060365834698e-08	True
NormanWeissman2019_filtered	EGR1		CORRELATION	0.5707602899211928	1.519525040085815e-05	True	12080	316	11764	UNIFORM	0.5134004084548871	0.3021704836329349	False	0.05735988146630566	3.0044675317337934	0.0026604615289262884	0.004655807675621005	True
NormanWeissman2019_filtered	MAML2		NONZERORATE	0.5651697555959637	7.61761980596507e-08	True	12385	621	11764	UNIFORM	0.531543873308727	0.007770166759734442	True	0.03362588228723673	4.947709812979494	7.509174412866945e-07	5.256422089006862e-06	True
NormanWeissman2019_filtered	JUN		CORRELATION	0.5542605197821303	0.001983778079286038	True	12029	265	11764	SPECIFICITY	0.5211277771005883	0.23872797083482045	False	0.03313274268154198	1.5729178760343265	0.11573783531366315	0.11573783531366315	False
NormanWeissman2019_filtered	ETS2		SPECIFICITY	0.5420158514950228	2.6472192261911744e-07	True	12959	1195	11764	UNIFORM	0.5380388220782786	3.3285385549107665e-06	True	0.003977029416744271	1.9870601589943262	0.046915730610128985	0.05344532300956824	True
NormanWeissman2019_filtered	MAPK1		CORRELATION	0.5295616184791432	0.003704501564854586	True	12521	757	11764	SPECIFICITY	0.5040257270125772	0.5622986942213709	False	0.025535891466565985	2.8672392749862734	0.0041406982421921855	0.005877349531691425	True
NormanWeissman2019_filtered	SNAI1		CORRELATION	0.5284559173117487	0.02319087074260217	True	12226	462	11764	UNIFORM	0.4689803141435239	0.9882596141089893	False	0.059475603168224755	2.009656860506483	0.04446751873925156	0.05344532300956824	True
PapalexiSatija2021_eccite_RNA	STAT1		CORRELATION	0.8568413342093142	1.1397195954962499e-125	True	2830	444	2386	NONZERORATE	0.837850109120017	8.810040080601932e-113	True	0.01899122508929718	2.6266500390700296	0.008622996758791744	0.025868990276375233	True
PapalexiSatija2021_eccite_RNA	JAK2		CORRELATION	0.702735766581098	2.0360841291254632e-78	True	3410	1024	2386	SPECIFICITY	0.6431507196930009	8.439967592988664e-40	True	0.05958504688809718	6.96185161107783	3.3582914435603366e-12	1.5112311496021516e-11	True
PapalexiSatija2021_eccite_RNA	SPI1		NONZERORATE	0.6541107851355127	0.00025108415954622974	True	2434	48	2386	SPECIFICITY	0.6499982537021515	0.00045751738269906894	True	0.004112531433361211	0.2587794969027969	0.7958053782481804	0.8996272024706637	False
PapalexiSatija2021_eccite_RNA	IRF1		CORRELATION	0.64649801693476	3.993741012265679e-43	True	3459	1073	2386	UNIFORM	0.5573885878247529	7.980390627319541e-08	True	0.08910942911000708	13.59148401361292	4.4986543142523576e-42	4.048788882827122e-41	True
PapalexiSatija2021_eccite_RNA	MYC		SPECIFICITY	0.6052277428731823	0.00033095640191796986	True	2495	109	2386	CORRELATION	0.6009097410736944	0.00035952741225126774	True	0.004318001799487825	0.17459957413375096	0.861394283236808	0.8996272024706637	False
PapalexiSatija2021_eccite_RNA	SMAD4		CORRELATION	0.585599227664665	2.01998742395193e-11	True	3045	659	2386	UNIFORM	0.5824256824394196	1.4563990540295063e-10	True	0.0031735452252453777	0.2270276762135809	0.8204022214884711	0.8996272024706637	False
PapalexiSatija2021_eccite_RNA	NFKBIA		CORRELATION	0.5340193909623161	0.003460026430184862	True	3173	787	2386	SPECIFICITY	0.49590900328153104	0.7053863973550223	False	0.03811038768078506	1.7863255003827163	0.07404657035325792	0.1666047832948303	False
PapalexiSatija2021_eccite_RNA	STAT3		UNIFORM	0.528282799086626	0.03407258435103769	True	2879	493	2386	CORRELATION	0.5266123040250005	0.04460911800663518	True	0.001670495061625532	0.12613229680365415	0.8996272024706637	0.8996272024706637	False
PapalexiSatija2021_eccite_RNA	STAT5A		SPECIFICITY	0.5239020741884565	0.04281831076078225	True	3045	659	2386	NONZERORATE	0.5161532815983984	0.1343340221822288	False	0.007748792590058118	0.7677435812157812	0.44263953894409414	0.7967511700993694	False
ReplogleWeissman2022_K562_essential	GATA1		CORRELATION	0.8529606469677857	2.1771029382768074e-34	True	10751	105	10646	NONZERORATE	0.8081711888211982	1.745546357687427e-26	True	0.044789458146587524	1.8759005132103572	0.060668942176593216	0.1415608650787175	False
ReplogleWeissman2022_K562_essential	RUVBL1		NONZERORATE	0.8429880012943927	5.775755261806509e-58	True	10837	191	10646	CORRELATION	0.8384433649095647	1.9114493427600345e-56	True	0.004544636384827938	5.635934413605235	1.7411163999088198e-08	2.437562959872348e-07	True
ReplogleWeissman2022_K562_essential	MAX		NONZERORATE	0.8324555910409753	1.0586164061743564e-51	True	10826	180	10646	SPECIFICITY	0.8287911996159225	1.4028836356220559e-50	True	0.0036643914250528153	0.42257611785361715	0.6726045541145328	0.818822935443779	False
ReplogleWeissman2022_K562_essential	RUVBL2		SPECIFICITY	0.7708126459300609	0.0019341349509979107	True	10660	14	10646	UNIFORM	0.7480945224229085	0.0050507752223742	True	0.02271812350715241	0.9659070302721859	0.3340907041594283	0.46772698582319966	False
ReplogleWeissman2022_K562_essential	ATF4		CORRELATION	0.7075375206128542	9.282662831947492e-09	True	10718	72	10646	UNIFORM	0.5732265117832467	0.08200202199657639	True	0.13431100882960756	4.880621346222102	1.0575211910048782e-06	9.870197782712197e-06	True
ReplogleWeissman2022_K562_essential	TRRAP		SPECIFICITY	0.6909683923492855	8.076937957330001e-38	True	11050	404	10646	NONZERORATE	0.6154675302209913	2.884850854841679e-14	True	0.07550086212829421	10.947718938531006	6.814201164251168e-28	1.907976325990327e-26	True
ReplogleWeissman2022_K562_essential	NRF1		UNIFORM	0.6692069144837688	7.850752672413988e-06	True	10715	69	10646	SPECIFICITY	0.6651242761110522	1.6793763669821197e-05	True	0.004082638372716607	0.2166983405169492	0.8284434413537112	0.8591265317742189	False
ReplogleWeissman2022_K562_essential	MYC		CORRELATION	0.6589831154025307	1.3200622693442013e-05	True	10719	73	10646	NONZERORATE	0.6240069586879373	0.0008169241134613945	True	0.03497615671459342	2.276584432531633	0.02281105337674358	0.07096772161653557	True
ReplogleWeissman2022_K562_essential	MYBL2		NONZERORATE	0.6480495887967402	1.2223754862476478e-06	True	10749	103	10646	UNIFORM	0.6386773645783366	7.850752672413988e-06	True	0.009372224218403669	1.450325169639495	0.14696786342044496	0.3165461673671122	False
ReplogleWeissman2022_K562_essential	CDK7		CORRELATION	0.6429092395928877	0.07246936765853557	True	10663	17	10646	SPECIFICITY	0.6344332585560994	0.10093659855243192	False	0.00847598103678826	0.23258475601317966	0.8160838656602112	0.8591265317742189	False
ReplogleWeissman2022_K562_essential	NELFA		NONZERORATE	0.6056950859531721	0.001987866194099314	True	10733	87	10646	CORRELATION	0.6006929373937867	0.00347733490122345	True	0.005002148559385411	0.2524937558059424	0.8006594399393152	0.8591265317742189	False
ReplogleWeissman2022_K562_essential	CHEK1		UNIFORM	0.6051198726642459	1.0681195765068281e-08	True	10938	292	10646	SPECIFICITY	0.6035291407924771	1.4314130868896605e-08	True	0.0015907318717688357	1.2839586674088634	0.19915641791192418	0.3717586467689251	False
ReplogleWeissman2022_K562_essential	POLR2I		CORRELATION	0.6032591255605584	1.6720957209270072e-06	True	10855	209	10646	NONZERORATE	0.5890183162892458	4.868030443810728e-05	True	0.014240809271312549	0.8760570878676206	0.3809989996570968	0.5079986662094624	False
ReplogleWeissman2022_K562_essential	TFDP1		CORRELATION	0.599055608892536	5.300643553658528e-05	True	10809	163	10646	NONZERORATE	0.5920279974966836	0.00020658794449697436	True	0.007027611395852396	0.5366810477514566	0.5914879495065595	0.7528028448265303	False
ReplogleWeissman2022_K562_essential	SUPT16H		CORRELATION	0.5916984991754858	0.006100059122280113	True	10736	90	10646	NONZERORATE	0.5690066169870792	0.056480103787801904	True	0.022691882188406565	2.480267786756084	0.013128374509702041	0.052513498038808164	True
ReplogleWeissman2022_K562_essential	SUPT5H		NONZERORATE	0.5871462355372358	2.7385948739678023e-07	True	10986	340	10646	UNIFORM	0.5708211313832314	4.658753387105649e-05	True	0.016325104154004344	3.537096168864414	0.0004045523301336556	0.0022654930487484713	True
ReplogleWeissman2022_K562_essential	MED1		NONZERORATE	0.5829731291351783	4.9558739475850706e-05	True	10884	238	10646	SPECIFICITY	0.5588882556592053	0.007146300004461484	True	0.02408487347597299	1.9270627255700348	0.0539718133102839	0.1373827975170863	False
ReplogleWeissman2022_K562_essential	CDK9		NONZERORATE	0.5794824695068919	0.004066111762010524	True	10781	135	10646	CORRELATION	0.5765900599077379	0.005269766468262942	True	0.0028924095991539334	0.3430023009952746	0.7315967291098371	0.85352951729481	False
ReplogleWeissman2022_K562_essential	ZBTB17		CORRELATION	0.5743560341557995	0.00347733490122345	True	10805	159	10646	SPECIFICITY	0.46412595394142186	0.9987173287276553	False	0.11023008021437763	3.002329469996723	0.0026792203456050528	0.012503028279490246	True
ReplogleWeissman2022_K562_essential	POLR2C		CORRELATION	0.570278548794249	0.006360374321130778	True	10797	151	10646	NONZERORATE	0.5093515208896044	0.5843781711928905	False	0.06092702790464455	2.313181858321993	0.020712642574237716	0.07096772161653557	True
ReplogleWeissman2022_K562_essential	YBX1		CORRELATION	0.5627431763499612	0.08129997525451398	True	10729	83	10646	NONZERORATE	0.5038466848796652	0.6691344064137784	False	0.058896491470295964	1.0772522253594068	0.2813675992871427	0.4376829322244442	False
ReplogleWeissman2022_K562_essential	RBMX		SPECIFICITY	0.5624299615470008	0.02310982143590494	True	10789	143	10646	CORRELATION	0.5609506968702911	0.023375425026425322	True	0.0014792646767096684	0.08764174284902396	0.9301614238127514	0.9301614238127514	False
ReplogleWeissman2022_K562_essential	POLR2F		CORRELATION	0.5595651554725992	0.0010979551757950073	True	10956	310	10646	NONZERORATE	0.5350998103179749	0.06783684957216929	True	0.024465345154624285	1.3178944319457362	0.18753898991042195	0.3717586467689251	False
ReplogleWeissman2022_K562_essential	STAT5A		CORRELATION	0.5526509644455837	0.020366112547748706	True	10849	203	10646	NONZERORATE	0.4480986406235974	0.9987737755512782	False	0.10455232382198631	4.589112306902086	4.451349059836258e-06	3.115944341885381e-05	True
ReplogleWeissman2022_K562_essential	ATR		NONZERORATE	0.5515053622916138	0.0683945519379487	True	10784	138	10646	CORRELATION	0.541873248985126	0.14511712054374307	False	0.009632113306487833	1.1234803317571578	0.26123354922864916	0.4376829322244442	False
ReplogleWeissman2022_K562_essential	SSRP1		CORRELATION	0.549831977827828	0.00034734737813923007	True	11180	534	10646	SPECIFICITY	0.5296624569654267	0.04385888449611795	True	0.020169520862401313	2.036530803341182	0.04169708321576279	0.11675183300413582	False
ReplogleWeissman2022_K562_essential	RAD51		SPECIFICITY	0.5491886574541973	0.02276146311722564	True	10883	237	10646	NONZERORATE	0.5399119813626243	0.06783684957216929	True	0.00927667609157301	1.107785139748317	0.2679546193202217	0.4376829322244442	False
ReplogleWeissman2022_K562_essential	POLR2A		NONZERORATE	0.5337097825990738	0.056480103787801904	True	11028	382	10646	SPECIFICITY	0.5292976837649124	0.09877759589398707	True	0.004412098834161382	1.0340392442099178	0.3011178171837613	0.44375257269185875	False
ReplogleWeissman2022_K562_gwps	SREBF2		NONZERORATE	0.8102561945647231	5.605746798961127e-47	True	74803	188	74615	CORRELATION	0.8102068633167993	5.803079335940208e-47	True	4.933124792383392e-05	0.009270024469445994	0.992603696529243	0.992603696529243	False
ReplogleWeissman2022_K562_gwps	GATA1		NONZERORATE	0.708195403069088	1.6282674449001582e-05	True	74661	46	74615	CORRELATION	0.691853543843906	7.460851051283135e-05	True	0.016341859225182054	0.47197628791993496	0.636943713844095	0.7778575252368733	False
ReplogleWeissman2022_K562_gwps	MAX		NONZERORATE	0.7003880526094557	6.940599636752999e-22	True	74824	209	74615	SPECIFICITY	0.6993346066426476	1.6543346330720058e-21	True	0.0010534459668081197	0.10319361778510516	0.9178093051403928	0.9604981100306436	False
ReplogleWeissman2022_K562_gwps	ATR		UNIFORM	0.6822991355625545	1.2715831718279246e-06	True	74689	74	74615	SPECIFICITY	0.6812832902593674	1.8823611105493986e-06	True	0.0010158453031871018	0.46829765805701273	0.6395717429725403	0.7778575252368733	False
ReplogleWeissman2022_K562_gwps	RUVBL1		UNIFORM	0.6804489501132267	1.3317526627233032e-05	True	74678	63	74615	SPECIFICITY	0.6794274099105567	1.5382216743732787e-05	True	0.0010215402026699794	0.4237609571177636	0.6717401544849771	0.7954817618901046	False
ReplogleWeissman2022_K562_gwps	TRRAP		SPECIFICITY	0.6637588974049471	1.6543346330720058e-21	True	74923	308	74615	NONZERORATE	0.619413726392886	1.631993388801198e-11	True	0.044345171012061035	6.147398608639418	7.876401562223924e-10	3.5443807030007655e-08	True
ReplogleWeissman2022_K562_gwps	STAT5B		CORRELATION	0.654277673007151	5.787480463313051e-08	True	74741	126	74615	UNIFORM	0.6433740821933545	7.184791512126826e-07	True	0.010903590813796549	0.6703387399569077	0.5026418766879801	0.7576528623398496	False
ReplogleWeissman2022_K562_gwps	MYB		CORRELATION	0.647899660244874	3.278105014558233e-10	True	74796	181	74615	NONZERORATE	0.5642414856669393	0.01657498381744883	True	0.08365817457793467	5.559237499513497	2.7095578144149143e-08	6.096505082433557e-07	True
ReplogleWeissman2022_K562_gwps	MYC		CORRELATION	0.639820466147995	2.3363387310545933e-05	True	74713	98	74615	NONZERORATE	0.5994562564019107	0.005274733943362712	True	0.040364209746084345	1.8880224354922575	0.059022938582097825	0.2951146929104891	False
ReplogleWeissman2022_K562_gwps	ESRRA		CORRELATION	0.6352833105365714	8.741570050357444e-10	True	74819	204	74615	NONZERORATE	0.6258894021992635	1.4033601992461042e-08	True	0.00939390833730791	0.5434141740165039	0.586844668820289	0.7576528623398496	False
ReplogleWeissman2022_K562_gwps	SPI1		SPECIFICITY	0.6193141868093612	0.0023044419657669286	True	74697	82	74615	UNIFORM	0.600153389023001	0.01591248111888134	True	0.019160797786360262	1.1012575573960133	0.270784577604121	0.7412319677859038	False
ReplogleWeissman2022_K562_gwps	ATF4		CORRELATION	0.6137525381098702	0.0006607041367685028	True	74718	103	74615	UNIFORM	0.5925076883340956	0.011854947313357666	True	0.021244849775774566	1.0652469017567292	0.2867642142853001	0.7412319677859038	False
ReplogleWeissman2022_K562_gwps	LIN9		CORRELATION	0.5995201558476368	0.058093545476037664	True	74671	56	74615	SPECIFICITY	0.5474181752041433	0.42543283628871087	False	0.052101980643493584	0.9347655096679603	0.3499091578882143	0.7412319677859038	False
ReplogleWeissman2022_K562_gwps	ATF6		NONZERORATE	0.5947121206445054	0.00207676765136053	True	74742	127	74615	UNIFORM	0.5720636801723915	0.03671854102185393	True	0.022648440472113895	1.9185986840875464	0.055035142270127464	0.2951146929104891	False
ReplogleWeissman2022_K562_gwps	POLR2I		NONZERORATE	0.5938805231936639	0.00613154528031236	True	74720	105	74615	SPECIFICITY	0.5863291244260218	0.020939625926232837	True	0.0075513987676421035	0.9859387121151701	0.3241631887236419	0.7412319677859038	False
ReplogleWeissman2022_K562_gwps	HDAC2		SPECIFICITY	0.5885983098116724	0.021058538805434648	True	74712	97	74615	NONZERORATE	0.5637612596897752	0.09873993427179013	True	0.024837050121897186	1.4921112000204988	0.1356699962314466	0.555013620946827	False
ReplogleWeissman2022_K562_gwps	SP1		NONZERORATE	0.588038700183786	0.00021612252301564188	True	74812	197	74615	UNIFORM	0.5746831025320843	0.0036090830749614736	True	0.01335559765170169	1.5643702883847113	0.1177306340730523	0.5297878533287353	False
ReplogleWeissman2022_K562_gwps	GTF2F2		NONZERORATE	0.5877238677671062	0.07351856229899832	True	74676	61	74615	CORRELATION	0.5756610710939105	0.16439693727693142	False	0.012062796673195653	0.7642149134546589	0.4447391806715423	0.7412319677859038	False
ReplogleWeissman2022_K562_gwps	TFDP1		NONZERORATE	0.5869114363787017	2.1930856139544224e-06	True	74930	315	74615	CORRELATION	0.5803376698799871	1.3351236495945128e-05	True	0.0065737664987145505	0.7837126528442463	0.4332087364953531	0.7412319677859038	False
ReplogleWeissman2022_K562_gwps	HIF1A		NONZERORATE	0.5844752031622411	0.002042374683451936	True	74777	162	74615	UNIFORM	0.5634482524696736	0.03671854102185393	True	0.021026950692567548	2.067085646388903	0.038726084367350214	0.2951146929104891	False
ReplogleWeissman2022_K562_gwps	CARM1		NONZERORATE	0.5822242349436786	0.0034460016510250028	True	74770	155	74615	UNIFORM	0.5699894728423109	0.022312843985767265	True	0.012234762101367647	1.110043664856805	0.26698021104191516	0.7412319677859038	False
ReplogleWeissman2022_K562_gwps	NELFE		CORRELATION	0.5819010006763737	0.007230804567546655	True	74754	139	74615	NONZERORATE	0.580310485914023	0.006972164257566826	True	0.0015905147623507254	0.1873896490534151	0.8513551377163989	0.934414175542389	False
ReplogleWeissman2022_K562_gwps	CTDP1		NONZERORATE	0.579200367194667	0.01917686667068743	True	74728	113	74615	UNIFORM	0.5717396499671766	0.04928386579803577	True	0.007460717227490421	0.9407624188669717	0.346826623711577	0.7412319677859038	False
ReplogleWeissman2022_K562_gwps	ARNT		SPECIFICITY	0.5787776536039122	0.06029704489386912	True	74708	93	74615	NONZERORATE	0.5705300110459499	0.07351856229899832	True	0.008247642557962287	0.33629809419497947	0.7366460869370683	0.8287268478042019	False
ReplogleWeissman2022_K562_gwps	CEBPA		SPECIFICITY	0.5717595779547131	0.09312450204210194	True	74703	88	74615	UNIFORM	0.5576258125041882	0.1871393112431613	False	0.014133765450524916	0.7875309072118317	0.43097114296731975	0.7412319677859038	False
ReplogleWeissman2022_K562_gwps	SUPT5H		NONZERORATE	0.5690164550116957	0.03273861958302971	True	74744	129	74615	UNIFORM	0.5624054643292934	0.07270445467011358	True	0.00661099068240234	0.9957040785560717	0.3193939478531539	0.7412319677859038	False
ReplogleWeissman2022_K562_gwps	YY1		CORRELATION	0.5659966616510207	0.01977934770870552	True	74791	176	74615	SPECIFICITY	0.5527916791042503	0.08691100898042518	True	0.013204982546770383	0.6125137472293074	0.540197905377782	0.7576528623398496	False
ReplogleWeissman2022_K562_gwps	NCOA6		UNIFORM	0.5640292156262732	0.00372658353872964	True	74878	263	74615	NONZERORATE	0.5600575985878332	0.005704345098967346	True	0.003971617038439956	0.5809126048216993	0.5612993566440683	0.7576528623398496	False
ReplogleWeissman2022_K562_gwps	CREBBP		NONZERORATE	0.5618649201957806	0.04443925479826469	True	74762	147	74615	SPECIFICITY	0.549247133015238	0.13285166267234244	False	0.012617787180542628	0.5657912458040419	0.5715356981984194	0.7576528623398496	False
ReplogleWeissman2022_K562_gwps	SSRP1		CORRELATION	0.5602406365414649	0.0021106530018362856	True	74929	314	74615	NONZERORATE	0.5331985508625807	0.13179989173650575	False	0.02704208567888422	4.251967527136641	2.1190059150036166e-05	0.0003178508872505425	True
ReplogleWeissman2022_K562_gwps	RAD51		SPECIFICITY	0.5573272786356295	0.020939625926232837	True	74854	239	74615	NONZERORATE	0.5508388528336675	0.03273861958302971	True	0.006488425801961961	0.7964403463125755	0.42577613537597503	0.7412319677859038	False
ReplogleWeissman2022_K562_gwps	AGO3		CORRELATION	0.5534473379116742	0.059950914176139763	True	74801	186	74615	NONZERORATE	0.48126331656625876	0.9816196832773765	False	0.07218402134541546	1.9210380420639888	0.05472691167174381	0.2951146929104891	False
ReplogleWeissman2022_K562_gwps	WT1		NONZERORATE	0.5517343478253611	0.01657498381744883	True	74896	281	74615	UNIFORM	0.5434235004219763	0.06372392870153189	True	0.008310847403384836	0.7970009214515388	0.4254504961665647	0.7412319677859038	False
ReplogleWeissman2022_K562_gwps	TFAP2A		CORRELATION	0.5507025900806171	0.024415873371283953	True	74897	282	74615	NONZERORATE	0.5340704980602554	0.14245604686971494	False	0.016632092020361644	0.9089317498205761	0.36338615318967005	0.7412319677859038	False
ReplogleWeissman2022_K562_gwps	EZH2		SPECIFICITY	0.5489332314042014	0.09136426113680265	True	74811	196	74615	UNIFORM	0.5216449884919457	0.4893586372399206	False	0.027288242912255622	1.909428034465189	0.05620689716673019	0.2951146929104891	False
ReplogleWeissman2022_K562_gwps	EPAS1		NONZERORATE	0.5475443240212036	0.05887344612427394	True	74843	228	74615	UNIFORM	0.5354251532133961	0.18923217714023408	False	0.012119170807807444	1.2242572814174213	0.22085518652038916	0.7412319677859038	False
ReplogleWeissman2022_K562_gwps	RBL1		CORRELATION	0.5462024161446413	0.05940619903676667	True	74868	253	74615	SPECIFICITY	0.4663233849438978	0.9990319485838658	False	0.07987903120074347	2.5043372991670987	0.012268101549792385	0.13801614243516433	False
ReplogleWeissman2022_K562_gwps	FOXM1		SPECIFICITY	0.5456712944630924	0.09312450204210194	True	74835	220	74615	UNIFORM	0.5397543145723807	0.16128136391166234	False	0.0059169798907117155	0.6858814913812694	0.4927878425419864	0.7576528623398496	False
ReplogleWeissman2022_K562_gwps	E2F3		SPECIFICITY	0.5451152626774151	0.020939625926232837	True	75000	385	74615	CORRELATION	0.5415595903125221	0.034176566798289065	True	0.003555672364892959	0.5398716364894144	0.5892855595976608	0.7576528623398496	False
ReplogleWeissman2022_K562_gwps	HSF1		NONZERORATE	0.5443821016259534	0.07351856229899832	True	74849	234	74615	UNIFORM	0.5312720684127237	0.25173810847358297	False	0.013110033213229677	0.9636136097357314	0.33523968093028267	0.7412319677859038	False
ReplogleWeissman2022_K562_gwps	ERCC3		NONZERORATE	0.54175353581594	0.07351856229899832	True	74882	267	74615	CORRELATION	0.5385325570136439	0.1361825973601577	False	0.003220978802296104	0.8243256667533558	0.4097545384866157	0.7412319677859038	False
ReplogleWeissman2022_K562_gwps	IRF1		SPECIFICITY	0.5403669483814227	0.09332461981700452	True	74888	273	74615	NONZERORATE	0.5309754910371409	0.19028461509884753	False	0.009391457344281817	0.5941208770214131	0.5524312684043906	0.7576528623398496	False
ReplogleWeissman2022_K562_gwps	USF2		UNIFORM	0.5333730929884517	0.099867424467081	True	75020	405	74615	SPECIFICITY	0.5330754664065661	0.09332461981700452	True	0.00029762658188559055	0.032878486486244564	0.9737714888161948	0.992603696529243	False
ReplogleWeissman2022_K562_gwps	TNRC6A		NONZERORATE	0.5331597153677164	0.09423269244957343	True	74985	370	74615	UNIFORM	0.5322115327147827	0.1350566927821633	False	0.0009481826529337267	0.12711509704634347	0.8988493026777297	0.9604981100306436	False
ReplogleWeissman2022_K562_gwps	NELFCD		NONZERORATE	0.5319201035624997	0.08881672827971118	True	75036	421	74615	SPECIFICITY	0.5301796410807466	0.12256999488735873	False	0.001740462481753191	0.364364803314996	0.7155856145556354	0.8256757091026562	False
ReplogleWeissman2022_rpe1	RUVBL2		CORRELATION	0.9289611262011157	3.7178334985300945e-29	True	11473	60	11413	NONZERORATE	0.8986229153888841	2.1385661537836593e-25	True	0.030338210812231647	3.5295303633596022	0.00041629793149183694	0.0032263089690617365	True
ReplogleWeissman2022_rpe1	RUVBL1		CORRELATION	0.892344197347264	2.010388729208558e-44	True	11524	111	11413	NONZERORATE	0.8831512665736797	2.2669910040466474e-42	True	0.009192930773584296	2.7507781479158746	0.005945389329595672	0.02457427589566211	True
ReplogleWeissman2022_rpe1	TRRAP		NONZERORATE	0.8875898098659424	2.2319158528043798e-07	True	11429	16	11413	SPECIFICITY	0.8825297905896784	3.501815563094916e-07	True	0.005060019276263983	0.5203438193454665	0.6028239595839746	0.8503273836029351	False
ReplogleWeissman2022_rpe1	CDK7		UNIFORM	0.8452787756651772	0.03879551263472167	True	11416	3	11413	SPECIFICITY	0.8387365285201086	0.03898731909178251	True	0.006542247145068569	1.2699908377387406	0.20408789383643622	0.42178164726196815	False
ReplogleWeissman2022_rpe1	MYC		CORRELATION	0.8366357010263693	5.1175716706089756e-26	True	11499	86	11413	NONZERORATE	0.6647692655661944	3.511341902106141e-07	True	0.17186643546017488	6.523313921554548	6.877071649723394e-11	2.928231165724797e-09	True
ReplogleWeissman2022_rpe1	POLR2K		CORRELATION	0.8180517830544116	1.985891197184858e-06	True	11433	20	11413	SPECIFICITY	0.8089437483571367	4.7762945060261095e-06	True	0.009108034697274947	0.24449717899636456	0.8068457865251079	0.9425103076632378	False
ReplogleWeissman2022_rpe1	SRF		SPECIFICITY	0.8161099761583052	4.887575555788847e-25	True	11508	95	11413	NONZERORATE	0.7585089948212336	3.969661188066899e-17	True	0.05760098133707159	2.709817190218836	0.006732030148001003	0.026086616823503887	True
ReplogleWeissman2022_rpe1	SUPT5H		NONZERORATE	0.8063298744539436	0.00583911670103124	True	11420	7	11413	UNIFORM	0.7994079433227772	0.007097529586446489	True	0.006921931131166348	0.1928616739564115	0.8470673012199801	0.9425103076632378	False
ReplogleWeissman2022_rpe1	POLR2C		CORRELATION	0.7841496539034435	5.531939846482192e-05	True	11431	18	11413	SPECIFICITY	0.7521977861502964	0.00042711278788190615	True	0.03195186775314707	1.8003075529783734	0.07181208895352598	0.17124421211994656	False
ReplogleWeissman2022_rpe1	SUPT4H1		UNIFORM	0.7821398843424165	0.0001968187465509988	True	11429	16	11413	SPECIFICITY	0.7807817839306054	0.00022335557426656725	True	0.0013581004118111695	0.6142750454038141	0.5390335898782106	0.8245191699057474	False
ReplogleWeissman2022_rpe1	NELFE		CORRELATION	0.7731368593367	7.024408624559436e-17	True	11495	82	11413	UNIFORM	0.7641740377361717	1.604874968738417e-15	True	0.008962821600528303	0.6583274825923419	0.5103277220420819	0.8112902247848481	False
ReplogleWeissman2022_rpe1	SUPT16H		CORRELATION	0.7719403463080516	1.0476368068368887e-06	True	11442	29	11413	NONZERORATE	0.697472936185898	0.00043109306595193224	True	0.07446741012215363	3.1110224079722717	0.0018644079093993985	0.010508480943887517	True
ReplogleWeissman2022_rpe1	SSRP1		CORRELATION	0.7668119688075001	0.010502954006996579	True	11421	8	11413	UNIFORM	0.5366358538508718	0.46419436149060367	False	0.23017611495662837	2.339737276694576	0.019297309293266434	0.05982165880912595	True
ReplogleWeissman2022_rpe1	ATR		CORRELATION	0.7606509837395387	7.737025585070606e-28	True	11568	155	11413	NONZERORATE	0.7520411076220382	6.94915080190605e-26	True	0.008609876117500415	1.5929175952608479	0.11117867850734389	0.25529918768353044	False
ReplogleWeissman2022_rpe1	MNAT1		CORRELATION	0.7562758882264757	1.576208451221142e-13	True	11486	73	11413	UNIFORM	0.7365687290028554	1.6104458723419722e-11	True	0.01970715922362032	3.0333111104384907	0.0024188608725046338	0.011536105699637483	True
ReplogleWeissman2022_rpe1	GTF2H4		CORRELATION	0.7502409532988698	3.535735565066124e-10	True	11469	56	11413	UNIFORM	0.7231618705486225	2.8780312446956837e-08	True	0.027079082750247285	3.308913261480368	0.0009365884825769317	0.005806848591976977	True
ReplogleWeissman2022_rpe1	LIN52		UNIFORM	0.7453488711703028	2.280741579484388e-05	True	11440	27	11413	SPECIFICITY	0.7395205597255892	4.0908304934093074e-05	True	0.00582831144471363	1.212474617682278	0.22533075300366512	0.45066150600733024	False
ReplogleWeissman2022_rpe1	ELL		CORRELATION	0.7364235371303156	1.9200382134559467e-24	True	11577	164	11413	UNIFORM	0.5429204074087529	0.05558003903063522	True	0.1935031297215627	5.952411579333072	2.6421988993904476e-09	5.460544392073592e-08	True
ReplogleWeissman2022_rpe1	NELFCD		CORRELATION	0.7348738617905358	6.510861612040638e-16	True	11517	104	11413	UNIFORM	0.593750210623513	0.0014507403638569039	True	0.14112365116702286	6.475562991098266	9.445906986209022e-11	2.928231165724797e-09	True
ReplogleWeissman2022_rpe1	NELFA		NONZERORATE	0.7307296335487871	3.247353163133515e-08	True	11465	52	11413	CORRELATION	0.7262357702754618	5.011316348217704e-08	True	0.004493863273325238	0.5194339762684345	0.603458143202083	0.8503273836029351	False
ReplogleWeissman2022_rpe1	CCNH		CORRELATION	0.7278308832881574	1.927339300470934e-09	True	11475	62	11413	NONZERORATE	0.7219858226188021	6.800138361658783e-09	True	0.0058450606693553064	0.7254713854851609	0.46816289319036997	0.7844891723730524	False
ReplogleWeissman2022_rpe1	POLR2I		CORRELATION	0.7252561632830365	1.7340031335495927e-19	True	11555	142	11413	UNIFORM	0.6799766883082425	9.535916563612961e-13	True	0.04527947497479401	3.4581292174025	0.0005439404275543789	0.0037471451675968317	True
ReplogleWeissman2022_rpe1	BRCA1		SPECIFICITY	0.7252131028526367	0.004338420112531449	True	11427	14	11413	CORRELATION	0.7220838392309522	0.004968895927799411	True	0.0031292636216845304	0.04735242582539394	0.962232345145898	0.962232345145898	False
ReplogleWeissman2022_rpe1	GTF2F2		CORRELATION	0.7219312748045441	6.6163914742326475e-09	True	11474	61	11413	UNIFORM	0.7187970864401108	1.5531823800880087e-08	True	0.0031341883644333546	0.4002103376713861	0.6890016011299999	0.8899604014595832	False
ReplogleWeissman2022_rpe1	NELFB		CORRELATION	0.7060236814038439	7.024408624559436e-17	True	11558	145	11413	NONZERORATE	0.7015424032485641	5.665731627805553e-16	True	0.0044812781552797665	0.44101899535723227	0.659199245346658	0.869581983223251	False
ReplogleWeissman2022_rpe1	YBX1		SPECIFICITY	0.7049885641600474	0.0002839760440777869	True	11442	29	11413	UNIFORM	0.6829477576991755	0.0010289880321848652	True	0.02204080646087192	1.10180055059335	0.27054839097036076	0.5083030375806779	False
ReplogleWeissman2022_rpe1	CHEK1		CORRELATION	0.7028571883737046	5.497976776086872e-07	True	11468	55	11413	NONZERORATE	0.6525939319595676	0.00018462198451338037	True	0.05026325641413698	2.384785208507296	0.017089095735759736	0.05576441766405808	True
ReplogleWeissman2022_rpe1	GTF2H1		CORRELATION	0.7027351081638207	0.0028963578375221875	True	11432	19	11413	NONZERORATE	0.7010565052779149	0.0030610772815245785	True	0.0016786028859058222	0.09123164778452705	0.9273085285073792	0.9425103076632378	False
ReplogleWeissman2022_rpe1	POLR2H		SPECIFICITY	0.7000905400274541	0.008095042594600147	True	11428	15	11413	UNIFORM	0.6924033996319986	0.01096586916727911	True	0.007687140395455483	2.1446098397119067	0.031984054920156324	0.08621788717607357	True
ReplogleWeissman2022_rpe1	POLR2B		CORRELATION	0.6996140937679762	0.0014092577697226167	True	11436	23	11413	SPECIFICITY	0.688334050796384	0.002387554846832775	True	0.011280042971592241	1.047140585824505	0.29503474298880494	0.5380045313325267	False
ReplogleWeissman2022_rpe1	ERCC3		NONZERORATE	0.698240755202877	0.001461210092288961	True	11436	23	11413	CORRELATION	0.6974331330786022	0.0014997728943097067	True	0.000807622124274765	0.10123479800213765	0.9193640737918009	0.9425103076632378	False
ReplogleWeissman2022_rpe1	GTF2H2		CORRELATION	0.6946112175665431	1.0661158197774488e-05	True	11459	46	11413	SPECIFICITY	0.6343690833107936	0.002387554846832775	True	0.060242134255749535	3.06568429192774	0.0021717249373413806	0.011220578842930467	True
ReplogleWeissman2022_rpe1	NFYB		NONZERORATE	0.6781296478477242	1.3701697522979835e-07	True	11492	79	11413	CORRELATION	0.602466430131307	0.002318464404872157	True	0.07566321771641726	4.16808283323936	3.071723154989201e-05	0.00038089367121866093	True
ReplogleWeissman2022_rpe1	NRF1		UNIFORM	0.6772746735351445	1.9183518711424012e-05	True	11466	53	11413	SPECIFICITY	0.6411969799417744	0.0006976500248557199	True	0.0360776935933701	1.5340306988016659	0.12502210064373248	0.27683465142540764	False
ReplogleWeissman2022_rpe1	MAX		SPECIFICITY	0.6749038956382669	6.1816189417295e-08	True	11500	87	11413	NONZERORATE	0.6342908016770551	3.43377217862784e-05	True	0.04061309396121182	2.1780618749372884	0.029401430500777686	0.08285857686582802	True
ReplogleWeissman2022_rpe1	CTDP1		NONZERORATE	0.670234027195387	0.0075007715022846954	True	11434	21	11413	UNIFORM	0.6665790472852595	0.009373149968005045	True	0.0036549799101275315	0.2199871947223228	0.8258811275641389	0.9425103076632378	False
ReplogleWeissman2022_rpe1	POLR2E		CORRELATION	0.6574627136790951	1.985891197184858e-06	True	11495	82	11413	NONZERORATE	0.6536469964717171	3.831864427702494e-06	True	0.0038157172073780554	0.11872875367396014	0.9054902555306582	0.9425103076632378	False
ReplogleWeissman2022_rpe1	GTF2H3		CORRELATION	0.6446781846326227	8.648597357292647e-05	True	11479	66	11413	UNIFORM	0.6270627062706271	0.0006175042840304369	True	0.017615478361995618	2.661399697646252	0.007781652174038685	0.02838014322296462	True
ReplogleWeissman2022_rpe1	RBBP4		NONZERORATE	0.6351220667789492	0.0009199559959769191	True	11467	54	11413	UNIFORM	0.6339213567374435	0.0010289880321848652	True	0.0012007100415056815	0.13409469452790374	0.8933276949080189	0.9425103076632378	False
ReplogleWeissman2022_rpe1	LIN54		NONZERORATE	0.6327403696231768	2.7653427182019446e-08	True	11574	161	11413	SPECIFICITY	0.6320225437593504	3.331455516432157e-08	True	0.0007178258638264046	0.14069824287647573	0.8881083332690451	0.9425103076632378	False
ReplogleWeissman2022_rpe1	CDK9		NONZERORATE	0.6272606611693617	0.02232991577457124	True	11440	27	11413	UNIFORM	0.6151399800747037	0.03879551263472167	True	0.012120681094658026	1.1351123813646682	0.25632823450650366	0.49663595435635083	False
ReplogleWeissman2022_rpe1	YY1		CORRELATION	0.6266497405039949	8.648597357292647e-05	True	11499	86	11413	NONZERORATE	0.6138094258077793	0.0004811136017001016	True	0.012840314696215605	0.37841064538856334	0.7051255612558751	0.8921996897523318	False
ReplogleWeissman2022_rpe1	CDK12		CORRELATION	0.6242613959957943	0.0009397620394481246	True	11477	64	11413	UNIFORM	0.6134390333391746	0.0023067726165397233	True	0.010822362656619733	1.4534059068866105	0.14611108740277648	0.3123754282404187	False
ReplogleWeissman2022_rpe1	POLR2F		CORRELATION	0.6154362591758543	0.0007742005346627127	True	11490	77	11413	SPECIFICITY	0.607420792648165	0.001742481098912754	True	0.008015466527689363	0.44972014191847315	0.6529122460483463	0.869581983223251	False
ReplogleWeissman2022_rpe1	ATF4		CORRELATION	0.610462111770144	0.00904971655505494	True	11462	49	11413	SPECIFICITY	0.5845553852838778	0.03860143642952285	True	0.02590672648626613	0.5655632092799073	0.5716907437713639	0.8439244312815372	False
ReplogleWeissman2022_rpe1	NF1		CORRELATION	0.6081334429270993	0.0038392247341875007	True	11476	63	11413	UNIFORM	0.48981946235078627	0.6871803914172316	False	0.11831398057631298	2.866426931451389	0.004151339792173019	0.018384504793909084	True
ReplogleWeissman2022_rpe1	NPM1		SPECIFICITY	0.6062935167770738	0.016515313932441152	True	11456	43	11413	NONZERORATE	0.5970975570493868	0.02740195189886712	True	0.009195959727686942	0.22564056388532278	0.821480988927111	0.9425103076632378	False
ReplogleWeissman2022_rpe1	TFDP1		CORRELATION	0.6029845155041709	1.051330522591464e-05	True	11580	167	11413	SPECIFICITY	0.5778970404061762	0.0009161422720528443	True	0.025087475097994694	2.0044402289003647	0.04502292360577845	0.11630921931492766	False
ReplogleWeissman2022_rpe1	GABPB1		NONZERORATE	0.6001891118315372	0.01699580813577823	True	11461	48	11413	CORRELATION	0.5747174274949619	0.07115754057941774	True	0.025471684336575318	0.7838089914106322	0.4331521971454404	0.7459843395282584	False
ReplogleWeissman2022_rpe1	ERCC2		CORRELATION	0.5985512974193297	0.001453649651787357	True	11507	94	11413	UNIFORM	0.5484982597299458	0.08966991690980106	True	0.05005303768938385	4.895577170442503	9.801761717653447e-07	1.5192730662362843e-05	True
ReplogleWeissman2022_rpe1	CDC6		CORRELATION	0.5981603059168117	0.0025628071513747563	True	11497	84	11413	UNIFORM	0.570697888372908	0.026821847615545766	True	0.02746241754390366	1.8202063766463812	0.0687275824066617	0.170444404368521	False
ReplogleWeissman2022_rpe1	GABPA		NONZERORATE	0.5968638800216041	0.007044441571663252	True	11480	67	11413	UNIFORM	0.5883530302574571	0.013563569530000253	True	0.008510849764146955	0.4682334970208929	0.6396176201804527	0.869581983223251	False
ReplogleWeissman2022_rpe1	ELOB		NONZERORATE	0.5916369291796437	0.0004891152758911871	True	11545	132	11413	UNIFORM	0.5871550650640286	0.0009224630700022449	True	0.004481864115615131	0.6918805246685069	0.48901236198188025	0.7978622748125415	False
ReplogleWeissman2022_rpe1	CLOCK		NONZERORATE	0.5893758742790549	6.163296666336242e-15	True	12128	715	11413	UNIFORM	0.5652865490769635	1.8042038296422157e-08	True	0.024089325202091394	3.8618257813263654	0.00011254281194250319	0.000996807762919314	True
ReplogleWeissman2022_rpe1	KAT5		CORRELATION	0.5854408449694527	0.08480068481199325	True	11446	33	11413	UNIFORM	0.5731927175018386	0.12019618992111608	False	0.012248127467614056	0.2564485552726149	0.7976044993373121	0.9425103076632378	False
ReplogleWeissman2022_rpe1	NFYC		NONZERORATE	0.5836466733337966	0.0024910198295753513	True	11529	116	11413	CORRELATION	0.5535932255111382	0.04719258051879986	True	0.030053447822658397	2.185685583444522	0.02883861634334804	0.08285857686582802	True
ReplogleWeissman2022_rpe1	TGS1		CORRELATION	0.5833601059220965	0.024179080319925772	True	11476	63	11413	SPECIFICITY	0.5674217232089833	0.05741940533363898	True	0.01593838271311321	0.604898337543694	0.5452465478408974	0.8245191699057474	False
ReplogleWeissman2022_rpe1	TNRC6A		SPECIFICITY	0.5757698467765935	0.0069394910339337455	True	11524	111	11413	UNIFORM	0.5194416356249354	0.3390439854378088	False	0.05632821115165809	3.9880918764322937	6.66068694109418e-05	0.0006882709839130653	True
ReplogleWeissman2022_rpe1	HDAC7		SPECIFICITY	0.5683076085903886	0.021883150716116507	True	11508	95	11413	NONZERORATE	0.5082957108007028	0.510646942526997	False	0.06001189778968585	2.570845892153959	0.010145046042017285	0.034944047478059535	True
ReplogleWeissman2022_rpe1	STAT5A		UNIFORM	0.5533099374213155	0.06773912353985526	True	11508	95	11413	NONZERORATE	0.551346340968517	0.07500662883957224	True	0.001963596452798533	0.12683142453860174	0.8990738233918236	0.9425103076632378	False
ReplogleWeissman2022_rpe1	ZBTB17		CORRELATION	0.5433039164607297	0.014803598481866204	True	11692	279	11413	SPECIFICITY	0.520472629620941	0.19570070733715328	False	0.022831286839788745	0.9360515424501914	0.34924665065257043	0.6186654954416961	False
ReplogleWeissman2022_rpe1	MYBL2		UNIFORM	0.5178266959678508	0.06930184882397744	True	12301	888	11413	CORRELATION	0.5168854783110456	0.0863733334736038	True	0.0009412176568052155	0.16682090912794195	0.8675109661183473	0.9425103076632378	False
SunshineHein2023	IRF9		SPECIFICITY	0.7836675876524389	1.3455521538923258e-33	True	3236	164	3072	NONZERORATE	0.7833281726371951	1.6125847699305328e-33	True	0.0003394150152438158	0.03319565433936636	0.9735185635491259	0.9735185635491259	False
SunshineHein2023	ATF4		CORRELATION	0.7049499233019406	2.506374092953253e-16	True	3218	146	3072	NONZERORATE	0.6694213309788812	2.0332496185537596e-11	True	0.03552859232305938	2.5968780223067416	0.00940753250927841	0.07526026007422729	True
SunshineHein2023	SREBF2		CORRELATION	0.6565197172619048	1.7325930440494966e-05	True	3142	70	3072	NONZERORATE	0.6500837053571429	4.047831399980169e-05	True	0.006436011904761951	1.1246989760837285	0.2607166157486823	0.5214332314973646	False
SunshineHein2023	STAT1		CORRELATION	0.645750738495025	1.297777235900855e-11	True	3273	201	3072	NONZERORATE	0.6215779824834162	2.312912050399294e-08	True	0.02417275601160873	2.094358726460085	0.03622803654270731	0.14491214617082923	False
SunshineHein2023	SREBF1		CORRELATION	0.6086271818693695	0.036285978416665345	True	3109	37	3072	SPECIFICITY	0.601632882882883	0.05776046713344363	True	0.0069942989864865135	0.22103754317222685	0.8250632006412063	0.9429293721613786	False
SunshineHein2023	RELA		NONZERORATE	0.5638087266156463	0.016824239709289292	True	3219	147	3072	UNIFORM	0.5583058744331065	0.03185001796841114	True	0.005502852182539764	0.4700329861058793	0.6383314508029982	0.8511086010706643	False
SunshineHein2023	JAK1		CORRELATION	0.5479854910714285	0.0440147310856258	True	3247	175	3072	UNIFORM	0.5433947172619047	0.08401798176674515	True	0.004590773809523774	0.9293163018710402	0.3527251893187271	0.5643603029099633	False
SunshineHein2023	ATF6		NONZERORATE	0.5465875720301419	0.09328768285898657	True	3213	141	3072	CORRELATION	0.5417070681885343	0.11103267895892459	False	0.004880503841607542	1.1983488319048863	0.23078124351280782	0.5214332314973646	False
TianKampmann2021_CRISPRa	PPARGC1A		UNIFORM	0.584032875557585	0.01160771470092008	True	543	142	401	SPECIFICITY	0.5799058691299919	0.01852209284120417	True	0.004127006427593116	0.25247634963881993	0.8006728923573868	0.8006728923573868	False
TianKampmann2021_CRISPRi	PARP1		CORRELATION	0.5559688027472207	0.06829321012866592	True	622	207	415	NONZERORATE	0.5375763925266283	0.12702198792705532	False	0.01839241022059246	1.522224827368147	0.12795275626022434	0.2559055125204487	False
TianKampmann2021_CRISPRi	CREBBP		NONZERORATE	0.5523827795257462	0.04602197195643835	True	729	314	415	SPECIFICITY	0.5333051953035071	0.18487496248526425	False	0.019077584222239152	0.9287489824600915	0.35301918947548694	0.35301918947548694	False
WesselsSatija2023	MYB		NONZERORATE	0.7181917608457893	0.007362570847837013	True	435	13	422	SPECIFICITY	0.7129055778344878	0.01189601406240645	True	0.00528618301130146	0.08346185169897241	0.9334843094565455	0.971237949149227	False
WesselsSatija2023	EP300		NONZERORATE	0.6833705045999443	3.5414962547940417e-08	True	524	102	422	UNIFORM	0.6030341046371155	0.002463156915813945	True	0.08033639996282882	3.6666550910842113	0.0002457438989913271	0.0014744633939479627	True
WesselsSatija2023	SUPT5H		NONZERORATE	0.6123465791712238	0.002093900603319744	True	500	78	422	UNIFORM	0.6083363713695467	0.003066642019499133	True	0.004010207801677157	0.3214811642733384	0.7478457840653094	0.971237949149227	False
WesselsSatija2023	SUPT16H		UNIFORM	0.5986577909627003	0.002463156915813945	True	553	131	422	NONZERORATE	0.5982960095510292	0.001308793506320376	True	0.00036178141167109157	0.03605569557290884	0.971237949149227	0.971237949149227	False
WesselsSatija2023	HDAC3		CORRELATION	0.5896188363416356	0.008716043076672285	True	516	94	422	SPECIFICITY	0.43773318543914486	0.9706332345838774	False	0.15188565090249073	2.503180504127818	0.01230827527521252	0.03692482582563756	True
WesselsSatija2023	FLI1		CORRELATION	0.5427472792697912	0.05817541513159408	True	638	216	422	SPECIFICITY	0.5305039933298228	0.16028621358804845	False	0.012243285939968374	2.0550520948897586	0.03987397325579221	0.07974794651158441	True
