Dataset	TF	Top_Weight	Top_ROC_AUC	Top_MWU_Adjusted_P_Value	Top_MWU_Significant_FDR_BH	Top_N_Cells	Top_N_Pos	Top_N_Control	Second_Weight	Second_ROC_AUC	Second_MWU_Adjusted_P_Value	Second_MWU_Significant_FDR_BH	AUC_Diff	DeLong_Z	DeLong_P_Value	DeLong_P_Value_FDR_BH	DeLong_Significant_FDR_BH
FrangiehIzar2021_RNA	STAT1	CORRELATION	0.7550073187636518	1.8294740800443833e-119	True	56968	707	56261	NONZERORATE	0.7046933484162656	2.7446255944386803e-77	True	0.05031397034738616	6.155194434339089	7.498544176909734e-10	6.748689759218761e-09	True
FrangiehIzar2021_RNA	MYC	NONZERORATE	0.6314558066002227	1.723350497022842e-09	True	56446	185	56261	UNIFORM	0.6189287668429526	8.12170506538235e-08	True	0.012527039757270098	1.66482843677883	0.09594698884799394	0.17086421879090194	False
FrangiehIzar2021_RNA	JAK2	CORRELATION	0.6146339294221551	1.0256733051591067e-37	True	57348	1087	56261	UNIFORM	0.5813454744297208	1.9317562588909927e-19	True	0.03328845499243427	4.2343545724761675	2.292090557343458e-05	6.876271672030374e-05	True
FrangiehIzar2021_RNA	SMAD4	NONZERORATE	0.5815773521203553	6.924315461882796e-12	True	56889	628	56261	UNIFORM	0.5466486129195174	0.00012422000514481039	True	0.034928739200837944	4.851423496143386	1.2257849225598493e-06	5.516032151519322e-06	True
FrangiehIzar2021_RNA	JAK1	SPECIFICITY	0.5578061681854718	1.4883387577916618e-09	True	57251	990	56261	UNIFORM	0.547346117185793	8.380739998494768e-07	True	0.010460050999678838	2.9733478630484793	0.0029457039620411555	0.0066278339145926	True
FrangiehIzar2021_RNA	TP53	UNIFORM	0.5469747554314439	0.00027524302905136374	True	56809	548	56261	NONZERORATE	0.5443341039423013	0.0006353682507616839	True	0.002640651489142609	0.4155383526641878	0.6777478450679337	0.6807440307682568	False
FrangiehIzar2021_RNA	SMAD3	CORRELATION	0.5385812722205335	0.001094660694036595	True	56972	711	56261	UNIFORM	0.5254279638167211	0.02694212994736366	True	0.013153308403812458	1.5808625045920808	0.11390947919393463	0.17086421879090194	False
FrangiehIzar2021_RNA	CDKN2A	UNIFORM	0.5340472095733007	0.000905990785940061	True	57126	865	56261	CORRELATION	0.5223098825221386	0.04416520141393714	True	0.011737327051162039	0.9006171046867736	0.36779193698497925	0.4728753475521162	False
FrangiehIzar2021_RNA	TSC22D3	CORRELATION	0.5287988192989503	0.022444083212423107	True	56932	671	56261	NONZERORATE	0.5233225197941752	0.052849396688074333	True	0.005476299504775128	0.41144804459521084	0.6807440307682568	0.6807440307682568	False
GasperiniShendure2019_lowMOI	MAX	NONZERORATE	0.7416440831074976	0.056028944562922046	True	378	9	369	UNIFORM	0.718458295694068	0.08184343795999877	True	0.02318578741342958	1.1141565338119819	0.26521203889723743	0.5304240777944749	False
GasperiniShendure2019_lowMOI	BTF3	NONZERORATE	0.6807588075880759	0.056028944562922046	True	384	15	369	UNIFORM	0.6794941282746161	0.08184343795999877	True	0.00126467931345986	0.05441688006041123	0.9566030304371136	0.9566030304371136	False
NadigOConner2024_hepg2	RUVBL2	NONZERORATE	0.9485315233912599	1.097489314061736e-15	True	4952	29	4923	CORRELATION	0.9456667156976052	9.74636275763235e-16	True	0.002864807693654714	0.3391553059938538	0.7344927365735805	0.8474916191233621	False
NadigOConner2024_hepg2	RUVBL1	CORRELATION	0.8767598799286794	4.13959177305059e-17	True	4968	45	4923	NONZERORATE	0.8756223621549643	8.290480087419293e-17	True	0.0011375177737151798	0.11710707437699515	0.906775203770793	0.9489507946438531	False
NadigOConner2024_hepg2	MYC	NONZERORATE	0.8753847716370569	4.901498892994657e-19	True	4975	52	4923	CORRELATION	0.8628377005890717	4.17450337054089e-18	True	0.012547071047985137	1.1555365784613145	0.24787076248158135	0.41913299823568223	False
NadigOConner2024_hepg2	SSRP1	CORRELATION	0.829256260700502	0.00436707939899776	True	4930	7	4923	SPECIFICITY	0.6873857404021937	0.11406315016133932	False	0.14187052029830827	1.1028140342893054	0.27010793219632856	0.41913299823568223	False
NadigOConner2024_hepg2	POLR2A	CORRELATION	0.7989954388491866	3.7563755415675102e-06	True	4945	22	4923	NONZERORATE	0.7870939744797149	1.2060242930697232e-05	True	0.011901464369471704	1.1671814893842338	0.24313708458221828	0.41913299823568223	False
NadigOConner2024_hepg2	TRRAP	SPECIFICITY	0.7937054163530128	7.475110784099517e-05	True	4940	17	4923	NONZERORATE	0.7559355247278681	0.0006588221552102463	True	0.03776989162514477	2.5049495730824054	0.012246885263351758	0.052156953513327005	True
NadigOConner2024_hepg2	POLR2H	CORRELATION	0.7777285345841105	1.686016319242548e-07	True	4956	33	4923	UNIFORM	0.7209141998904339	3.503297730245914e-05	True	0.05681433469367658	3.0543173815429245	0.0022557330126186776	0.01691799759464008	True
NadigOConner2024_hepg2	POLR2G	CORRELATION	0.7722076223847247	4.022819262439583e-07	True	4955	32	4923	UNIFORM	0.7358095927280114	1.4066682437255663e-05	True	0.03639802965671335	2.6960247585791355	0.007017245073245685	0.03508622536622842	True
NadigOConner2024_hepg2	POLR2C	CORRELATION	0.7710605392002352	8.056606445434767e-12	True	4981	58	4923	UNIFORM	0.7159147422023296	8.236306178923075e-08	True	0.05514579699790556	2.7733537470731693	0.005548177314606471	0.03508622536622842	True
NadigOConner2024_hepg2	KAT5	NONZERORATE	0.7621707630848399	0.03772059079481509	True	4929	6	4923	CORRELATION	0.7523190466517706	0.03963030854616565	True	0.009851716433069257	0.059853256907041325	0.9522725086924314	0.9739150657081685	False
NadigOConner2024_hepg2	SUPT5H	NONZERORATE	0.7564851656689489	0.0006588221552102463	True	4940	17	4923	UNIFORM	0.7475116798699979	0.0009816956460125144	True	0.008973485798950964	0.5123322727442288	0.6084184822477121	0.7204955710828169	False
NadigOConner2024_hepg2	ATF4	CORRELATION	0.754842760327221	9.030064547743517e-05	True	4945	22	4923	SPECIFICITY	0.6035030376895094	0.1200840475857436	False	0.15133972263771156	2.490691480896082	0.012749477525479934	0.052156953513327005	True
NadigOConner2024_hepg2	POLR2I	CORRELATION	0.7531534503534889	7.536936760582356e-22	True	5056	133	4923	UNIFORM	0.6949870104878284	1.6456223226952084e-13	True	0.0581664398656605	3.891474282502663	9.963695158891173e-05	0.0037167751067969995	True
NadigOConner2024_hepg2	MAX	NONZERORATE	0.7497641456203309	4.8881356541556914e-08	True	4968	45	4923	UNIFORM	0.7271898345633871	6.059863723615837e-07	True	0.02257431105694374	1.5107845890003477	0.13084334238385867	0.28593502870786386	False
NadigOConner2024_hepg2	MED1	CORRELATION	0.728897752663749	0.01320961126661769	True	4934	11	4923	SPECIFICITY	0.6587077354901852	0.10333575518566154	False	0.07019001717356377	1.115228416303806	0.2647525518641527	0.41913299823568223	False
NadigOConner2024_hepg2	POLR2E	CORRELATION	0.716901349484349	2.1471469552521537e-16	True	5054	131	4923	UNIFORM	0.673355941033907	1.0261349944959474e-10	True	0.04354540845044208	2.1365267648548363	0.03263650178400935	0.10490304144860148	False
NadigOConner2024_hepg2	SUPT4H1	SPECIFICITY	0.7132990917268797	0.08444028609040763	True	4930	7	4923	UNIFORM	0.7063056788833754	0.08258454355760486	True	0.006993412843504299	0.7864529170064883	0.4316021923746586	0.5885484441472617	False
NadigOConner2024_hepg2	POLR2K	CORRELATION	0.7096316237084062	3.9562971178270695e-11	True	5014	91	4923	UNIFORM	0.6789815912302201	2.909471120222812e-08	True	0.030650032478186096	1.5426300520074325	0.122920562181596	0.28593502870786386	False
NadigOConner2024_hepg2	GTF2H1	CORRELATION	0.7076308483986729	9.69167816669627e-06	True	4965	42	4923	UNIFORM	0.7031862104988248	1.770886001681173e-05	True	0.0044446378998480585	1.0283097511092494	0.3038041456378707	0.4427238739406418	False
NadigOConner2024_hepg2	POLR2F	UNIFORM	0.7012138836821223	5.969947240434988e-09	True	5002	79	4923	CORRELATION	0.6969430495452758	9.54005752702771e-09	True	0.004270834136846591	0.20560796947150334	0.8370971517977921	0.9187651666073328	False
NadigOConner2024_hepg2	NELFA	UNIFORM	0.6736745886654478	0.0003964919105846446	True	4963	40	4923	NONZERORATE	0.6735222425350396	0.0004269508108362563	True	0.00015234613040826517	0.02387170801417815	0.9809549415838945	0.9809549415838945	False
NadigOConner2024_hepg2	NRF1	UNIFORM	0.6711625702484936	0.002714610929126955	True	4953	30	4923	SPECIFICITY	0.6468616697135893	0.011197587255460342	True	0.0243009005349043	0.8560916625935556	0.3919470799585544	0.5511755811917171	False
NadigOConner2024_hepg2	ATR	CORRELATION	0.6562472069876093	3.469047556064671e-07	True	5023	100	4923	UNIFORM	0.6534257566524477	6.059863723615837e-07	True	0.0028214503351615683	1.0257964121872487	0.3049875576035532	0.4427238739406418	False
NadigOConner2024_hepg2	POLR2D	CORRELATION	0.6434357396590419	2.1313494203658425e-05	True	5005	82	4923	UNIFORM	0.602344396387291	0.003096140268801869	True	0.0410913432717509	3.156702321778601	0.00159564148751215	0.014360773387609351	True
NadigOConner2024_hepg2	POLR2B	UNIFORM	0.6418989185594912	6.059863723615837e-07	True	5040	117	4923	SPECIFICITY	0.6380707337441036	1.4065023711649148e-06	True	0.003828184815387603	2.7225183284088836	0.006478643961054867	0.03508622536622842	True
NadigOConner2024_hepg2	SRF	NONZERORATE	0.640552886545829	0.0033306260251614226	True	4966	43	4923	UNIFORM	0.6092428043025381	0.02335548556263616	True	0.031310082243290904	2.004835328489854	0.04498065434131498	0.12650809033494836	False
NadigOConner2024_hepg2	BRCA1	CORRELATION	0.6300085140957987	0.0037585460003540785	True	4970	47	4923	SPECIFICITY	0.4274551497313954	0.9970974545388351	False	0.2025533643644033	3.7670468584468573	0.0001651900047465333	0.0037167751067969995	True
NadigOConner2024_hepg2	CDC6	CORRELATION	0.6260839462940553	0.00057839866366366	True	4994	71	4923	UNIFORM	0.5608597757579398	0.10298108548791834	False	0.06522417053611551	3.308446644902871	0.0009381505888857325	0.011059123900983316	True
NadigOConner2024_hepg2	MYBL2	CORRELATION	0.6243711988146874	2.3543807517784013e-06	True	5059	136	4923	SPECIFICITY	0.6192795521621202	7.517378970989349e-06	True	0.005091646652567228	0.5596764757511631	0.5757001308506561	0.7001758348183655	False
NadigOConner2024_hepg2	DNMT1	CORRELATION	0.6121961128203603	0.0009771115078302858	True	5005	82	4923	UNIFORM	0.535408708748879	0.25918467423583275	False	0.07678740407148132	2.3608078162121404	0.018235177897618294	0.0683819171160686	True
NadigOConner2024_hepg2	NELFCD	CORRELATION	0.6087419733280272	0.01320961126661769	True	4972	49	4923	SPECIFICITY	0.5715778084542775	0.11406315016133932	False	0.03716416487374963	1.1173577257398593	0.2638414027357381	0.41913299823568223	False
NadigOConner2024_hepg2	NFYC	CORRELATION	0.5996669464469816	0.0009289058041332594	True	5029	106	4923	UNIFORM	0.5773477592662858	0.011908238048307129	True	0.02231918718069581	1.657102399540468	0.09749877410320607	0.25808499027319254	False
NadigOConner2024_hepg2	GTF2F2	NONZERORATE	0.5976139210508498	0.00780141896704236	True	4998	75	4923	UNIFORM	0.5933834382828899	0.010579653266321735	True	0.004230482767959898	0.7598089354270123	0.4473688010240887	0.592105766061294	False
NadigOConner2024_hepg2	NELFE	CORRELATION	0.595880259703132	0.022218472297381123	True	4977	54	4923	UNIFORM	0.580875106266128	0.06077435742243858	True	0.015005153437003926	1.2203199248281307	0.22234361943823078	0.4168942864466827	False
NadigOConner2024_hepg2	NELFB	CORRELATION	0.595835682596092	0.0012499727761415718	True	5030	107	4923	UNIFORM	0.5829171104162988	0.006696810956741345	True	0.012918572179793197	1.500687735429922	0.13343634673033647	0.28593502870786386	False
NadigOConner2024_hepg2	TGS1	NONZERORATE	0.5914340096749197	0.0343924305300174	True	4977	54	4923	UNIFORM	0.5611603885014407	0.14396452153520414	False	0.030273621173478982	2.070885082724682	0.038369536534872295	0.11510860960461688	False
NadigOConner2024_hepg2	MCM5	CORRELATION	0.5827654977563571	0.0654796151587206	True	4967	44	4923	UNIFORM	0.5641608036489206	0.15143483218285983	False	0.01860469410743648	0.7010441549264692	0.48327545984732734	0.6213541626608494	False
NadigOConner2024_hepg2	SUPT16H	CORRELATION	0.5787576961062431	0.04872112716560632	True	4981	58	4923	UNIFORM	0.5567533113394553	0.14975706885365453	False	0.022004384766787788	2.2790879769751746	0.022661836076033726	0.0784448171862706	True
NadigOConner2024_hepg2	CHEK1	CORRELATION	0.5755459472705055	0.04872112716560632	True	4986	63	4923	UNIFORM	0.5000467517225592	0.6611133781044023	False	0.07549919554794626	3.2953381163067745	0.0009830332356429614	0.011059123900983316	True
NadigOConner2024_hepg2	SP1	NONZERORATE	0.5740323052937313	0.0391634635816334	True	5000	77	4923	UNIFORM	0.5599294063645069	0.0964102251713083	True	0.014102898929224339	1.2274991191452527	0.219635052682993	0.4168942864466827	False
NadigOConner2024_hepg2	NFYB	NONZERORATE	0.5728116845575713	0.020478559848993258	True	5027	104	4923	UNIFORM	0.5628720761261895	0.04494838658622053	True	0.009939608431381752	1.3134934730337042	0.1890167188378966	0.38662510671387945	False
NadigOConner2024_hepg2	CDK9	NONZERORATE	0.5711625702484935	0.07057445982902105	True	4986	63	4923	UNIFORM	0.5695214235738306	0.08258454355760486	True	0.0016411466746628633	0.28665404061172617	0.7743772315639689	0.871174385509465	False
NadigOConner2024_hepg2	ZBTB17	UNIFORM	0.5630872923334309	0.025068174319809268	True	5050	127	4923	NONZERORATE	0.5566351738025433	0.0421782705787698	True	0.006452118530887563	0.5756574258606798	0.564846757425622	0.7001758348183655	False
NadigOConner2024_hepg2	CCNK	CORRELATION	0.5604087899894941	0.05369001869121878	True	5016	93	4923	NONZERORATE	0.529937379733924	0.31777060857237044	False	0.030471410255570097	1.572413331385943	0.11585472451027612	0.28593502870786386	False
NadigOConner2024_hepg2	ELL	SPECIFICITY	0.5509002353051147	0.017910734032772668	True	5149	226	4923	UNIFORM	0.5494612609406092	0.021222640678995403	True	0.0014389743645054631	0.14066561988305137	0.888134106343055	0.9489507946438531	False
NadigOConner2024_jurkat	MYC	NONZERORATE	0.9338959745863165	2.82425998373854e-56	True	12036	115	11921	CORRELATION	0.9303815335013477	2.108909402387391e-55	True	0.003514441084968789	0.40666791539881403	0.6842519084789086	0.8268043894120146	False
NadigOConner2024_jurkat	ACTL6A	UNIFORM	0.9268238123199956	7.870749788839348e-05	True	11930	9	11921	CORRELATION	0.919190224533736	0.0001317169717140785	True	0.007633587786259555	1.6690714266178468	0.0951032252192383	0.29155787717014103	False
NadigOConner2024_jurkat	MAX	NONZERORATE	0.8982258199815452	8.781625608351599e-32	True	11997	76	11921	UNIFORM	0.8710789010106005	1.2109570180635558e-27	True	0.027146918970944678	3.6344161218004447	0.0002786108785113249	0.008079715476828422	True
NadigOConner2024_jurkat	TRRAP	SPECIFICITY	0.8982252207988304	3.9030300786750535e-15	True	11956	35	11921	NONZERORATE	0.8981437319496207	5.276278873821926e-15	True	8.148884920966548e-05	0.00848573986996477	0.9932294404263586	0.9932294404263586	False
NadigOConner2024_jurkat	NRF1	SPECIFICITY	0.7694523928620621	8.029709833127337e-16	True	12002	81	11921	NONZERORATE	0.7512554357338072	6.244808517509982e-14	True	0.018196957128254976	1.0143520609173533	0.31041479052946885	0.5656817055228172	False
NadigOConner2024_jurkat	POLR2H	CORRELATION	0.768262858691514	0.0039822383905652155	True	11934	13	11921	UNIFORM	0.5989623999019185	0.27091037338185103	False	0.16930045878959554	2.853748313438138	0.004320674684570004	0.06264978292626507	True
NadigOConner2024_jurkat	CDK7	CORRELATION	0.7382350473953527	0.0039822383905652155	True	11937	16	11921	SPECIFICITY	0.677265959231608	0.042829441147195925	True	0.06096908816374469	2.2499756354043416	0.024450492000050523	0.16240769611169315	False
NadigOConner2024_jurkat	MYB	NONZERORATE	0.7381608409206765	0.008359914322004412	True	11934	13	11921	UNIFORM	0.6369625676730786	0.14847209892415245	False	0.10119827324759789	2.0911359184921205	0.03651588171240243	0.17649342827661174	False
NadigOConner2024_jurkat	POLR2F	CORRELATION	0.6678090109480911	0.0013987063015365678	True	11962	41	11921	NONZERORATE	0.5812186324195261	0.12261240692686116	False	0.08659037852856499	1.5100471661625603	0.13103138941003287	0.3166591910742461	False
NadigOConner2024_jurkat	HSF1	NONZERORATE	0.6663424838520259	0.004817382328587181	True	11953	32	11921	CORRELATION	0.6374150658501804	0.017739397043883356	True	0.028927418001845506	0.7112660486280584	0.4769193863497102	0.6915331102070797	False
NadigOConner2024_jurkat	SSRP1	NONZERORATE	0.6643466546924114	0.042499368554912396	True	11938	17	11921	UNIFORM	0.6489610524186187	0.07120297817291037	True	0.015385602273792709	1.3647577938687407	0.17232918825613663	0.35696760424485446	False
NadigOConner2024_jurkat	CDK12	CORRELATION	0.662066940692895	0.0039822383905652155	True	11957	36	11921	UNIFORM	0.6545754923617519	0.007105715370536107	True	0.0074914483311430136	0.5786431446643691	0.5628299864673836	0.7419122548888238	False
NadigOConner2024_jurkat	KAT5	NONZERORATE	0.655232733140232	0.005696759841576825	True	11955	34	11921	UNIFORM	0.6273284416526446	0.028987322840464267	True	0.02790429148758744	1.5757873739368717	0.115074813157723	0.30337905287036065	False
NadigOConner2024_jurkat	SUPT5H	NONZERORATE	0.6504403992953611	0.0029416422805352816	True	11966	45	11921	UNIFORM	0.6300058719906048	0.010871619010521505	True	0.020434527304756367	2.1972677859319103	0.028001326915809165	0.16240769611169315	False
NadigOConner2024_jurkat	GTF2H1	SPECIFICITY	0.6422881797923286	0.005152313409523677	True	11967	46	11921	CORRELATION	0.6402329830806432	0.0039822383905652155	True	0.002055196711685303	0.3076288068962896	0.7583647977798871	0.8797031654246691	False
NadigOConner2024_jurkat	NFYB	SPECIFICITY	0.6256987287521638	0.09526907861667418	True	11943	22	11921	NONZERORATE	0.6242497960055212	0.08077168590792855	True	0.001448932746642595	0.055653990354904155	0.9556174530339595	0.9932294404263586	False
NadigOConner2024_jurkat	ELL	NONZERORATE	0.600921191321125	0.004446901427374555	True	12013	92	11921	CORRELATION	0.5862694806023714	0.014152839705181887	True	0.014651710718753597	0.5176863810549908	0.6046771018220443	0.7624189544712732	False
NadigOConner2024_jurkat	CCNH	CORRELATION	0.5963400594955315	3.987777843871412e-05	True	12120	199	11921	SPECIFICITY	0.5922431552106645	6.638774995087343e-05	True	0.004096904284866976	0.734391017136206	0.4627104599766272	0.6915331102070797	False
NadigOConner2024_jurkat	MNAT1	CORRELATION	0.5946473196606341	0.0013987063015365678	True	12050	129	11921	SPECIFICITY	0.580652083581251	0.008495583097121182	True	0.013995236079383133	1.642254853683893	0.10053719902418656	0.29155787717014103	False
NadigOConner2024_jurkat	GTF2H2	CORRELATION	0.5888441499128523	0.020249844101699683	True	11993	72	11921	SPECIFICITY	0.5323204149540027	0.37441712578377756	False	0.05652373495884955	2.369934733433187	0.017791225553021473	0.16240769611169315	False
NadigOConner2024_jurkat	NELFA	CORRELATION	0.5849061879596231	0.004837702368055405	True	12041	120	11921	NONZERORATE	0.5803169476833598	0.007363799703053392	True	0.0045892402762632845	0.6297488034378671	0.5288589465931444	0.7303290214857708	False
NadigOConner2024_jurkat	GTF2F2	CORRELATION	0.5781858399511998	0.017739397043883356	True	12024	103	11921	SPECIFICITY	0.5590126911552836	0.09526907861667418	True	0.01917314879591614	1.6878117548295	0.09144737040305792	0.29155787717014103	False
NadigOConner2024_jurkat	GABPA	UNIFORM	0.5771271985012443	0.012718219474425044	True	12041	120	11921	SPECIFICITY	0.5769587282946061	0.01332716925974373	True	0.00016847020663812717	0.016054352154404903	0.9871910305200499	0.9932294404263586	False
NadigOConner2024_jurkat	TGS1	NONZERORATE	0.5768694228345264	0.004817382328587181	True	12075	154	11921	SPECIFICITY	0.5669714690979685	0.013830313003475671	True	0.009897953736557885	0.947450513741518	0.34340926141072936	0.5858157988771266	False
NadigOConner2024_jurkat	POLR2I	NONZERORATE	0.5723359945729677	0.01768811864345305	True	12036	115	11921	UNIFORM	0.5655748168194235	0.04075069913698576	True	0.006761177753544234	1.0108248831891946	0.3121002513229336	0.5656817055228172	False
NadigOConner2024_jurkat	NELFCD	CORRELATION	0.5637569977192618	0.04523279853716587	True	12027	106	11921	NONZERORATE	0.5621117324271581	0.055514335210783076	True	0.001645265292103737	0.0802820752774415	0.9360129140495388	0.9932294404263586	False
NadigOConner2024_jurkat	ATR	CORRELATION	0.563111249588894	0.03044289742123861	True	12047	126	11921	UNIFORM	0.5589495927554815	0.05134959594209332	True	0.004161656833412519	0.7736787396611114	0.43912079557131	0.6915331102070797	False
NadigOConner2024_jurkat	CCNK	NONZERORATE	0.554055407664452	0.011182950665191076	True	12158	237	11921	UNIFORM	0.5486308068200039	0.028987322840464267	True	0.00542460084444818	1.3819787926919127	0.16697821284881564	0.35696760424485446	False
NadigOConner2024_jurkat	ZBTB17	CORRELATION	0.5290670838409246	0.08368192078218058	True	12323	402	11921	UNIFORM	0.489083293372914	0.9162195972960104	False	0.039983790468010594	1.7603775664243848	0.07834381042687935	0.29155787717014103	False
NormanWeissman2019_filtered	IRF1	CORRELATION	0.9465283512248832	4.330485304336302e-212	True	12184	420	11764	SPECIFICITY	0.9307682032350513	1.8244177516898235e-197	True	0.01576014798983194	3.016633537876376	0.002555986083346927	0.005963967527809497	True
NormanWeissman2019_filtered	CEBPA	CORRELATION	0.846118339162434	3.34449339774308e-137	True	12215	451	11764	UNIFORM	0.8258777012208315	8.791366502762143e-122	True	0.02024063794160247	2.514243216250634	0.01192881363713179	0.01855593232442723	True
NormanWeissman2019_filtered	SPI1	CORRELATION	0.7983960503857579	1.0432397038722842e-135	True	12371	607	11764	UNIFORM	0.7061243443964134	1.5579287001259218e-65	True	0.09227170598934453	7.330147649028316	2.298993046593321e-13	3.2185902652306497e-12	True
NormanWeissman2019_filtered	TP73	UNIFORM	0.782181686998781	1.0657842549966781e-51	True	12010	246	11764	CORRELATION	0.7604590828295226	2.3221484911256985e-44	True	0.02172260416925842	2.101060805111137	0.03563562895876858	0.045354436856614555	True
NormanWeissman2019_filtered	CEBPB	CORRELATION	0.6985364955230646	4.6463130905654e-49	True	12244	480	11764	UNIFORM	0.6963015697608523	4.3195094840876357e-48	True	0.002234925762212292	0.24870459704103692	0.8035892926306348	0.8035892926306348	False
NormanWeissman2019_filtered	HNF4A	CORRELATION	0.6452430708074243	3.090293098544368e-14	True	11997	233	11764	UNIFORM	0.5425116708719262	0.023010681125363627	True	0.10273139993549807	3.461627329783456	0.0005369200697277724	0.0015033761952377627	True
NormanWeissman2019_filtered	AHR	CORRELATION	0.5978668908644393	7.099802725456727e-15	True	12321	557	11764	UNIFORM	0.5288087168533523	0.021355298415479472	True	0.06905817401108705	4.100436912342174	4.123708460789118e-05	0.00014432979612761913	True
NormanWeissman2019_filtered	JUN	CORRELATION	0.5838477478460029	2.6037243883858994e-06	True	12029	265	11764	SPECIFICITY	0.5302743258935159	0.09136796545921932	True	0.053573421952487044	2.6726920868323587	0.0075245281669656106	0.013167924292189818	True
NormanWeissman2019_filtered	FOXA1	CORRELATION	0.5766176928699553	1.2570491345978694e-13	True	12599	835	11764	SPECIFICITY	0.4923993224024579	0.8787184989177828	False	0.08421837046749747	6.755943148626356	1.4190905918559839e-11	9.933634142991888e-11	True
NormanWeissman2019_filtered	EGR1	CORRELATION	0.5740163080670917	5.4963726395775655e-06	True	12080	316	11764	UNIFORM	0.5303010902173118	0.04769641696122575	True	0.04371521784977994	2.3102676886373263	0.020873338623235278	0.02922267407252939	True
NormanWeissman2019_filtered	SNAI1	NONZERORATE	0.5725976675483646	1.5260202847250002e-07	True	12226	462	11764	SPECIFICITY	0.5647722304896736	2.558192991016791e-06	True	0.007825437058690987	1.7052557799880388	0.08814673089204983	0.09492724865297673	True
NormanWeissman2019_filtered	MAML2	NONZERORATE	0.5651697555959637	6.094095844772057e-08	True	12385	621	11764	UNIFORM	0.531543873308727	0.00888019058255365	True	0.03362588228723673	4.947709812979492	7.509174412867028e-07	3.50428139267128e-06	True
NormanWeissman2019_filtered	ETS2	SPECIFICITY	0.5420158514950228	2.6472192261911744e-07	True	12959	1195	11764	UNIFORM	0.5380388220782786	3.328538554910768e-06	True	0.003977029416744271	1.9870601589942993	0.046915730610131975	0.054735019045153974	True
NormanWeissman2019_filtered	MAPK1	CORRELATION	0.5295617307712175	0.003704379423183432	True	12521	757	11764	SPECIFICITY	0.5040257270125772	0.4685822451844757	False	0.02553600375864029	2.8672523625833017	0.004140526999873159	0.008281053999746319	True
PapalexiSatija2021_eccite_RNA	STAT1	CORRELATION	0.869324060019785	1.5962883001391918e-134	True	2830	444	2386	NONZERORATE	0.828871306344064	6.221860599043296e-107	True	0.04045275367572099	5.518046764000937	3.4278822621637204e-08	1.3711529048654881e-07	True
PapalexiSatija2021_eccite_RNA	JAK2	CORRELATION	0.7188920231297151	3.6417419977365547e-91	True	3410	1024	2386	SPECIFICITY	0.6152740759901509	2.919387641007954e-26	True	0.10361794713956418	11.951611106348286	6.367865404075164e-33	5.094292323260131e-32	True
PapalexiSatija2021_eccite_RNA	IRF1	CORRELATION	0.6262595803885511	2.035359396767003e-32	True	3459	1073	2386	UNIFORM	0.5957976359456257	4.412636798395474e-19	True	0.03046194444292538	5.191422651895481	2.086932829823849e-07	5.565154212863597e-07	True
PapalexiSatija2021_eccite_RNA	SPI1	SPECIFICITY	0.6026997764738753	0.012247345715542769	True	2434	48	2386	NONZERORATE	0.5953303995529478	0.019609827338611614	True	0.0073693769209275395	0.26335874326116837	0.7922740865490036	0.8697401762628325	False
PapalexiSatija2021_eccite_RNA	MYC	CORRELATION	0.5972492444458116	0.0005845118124053575	True	2495	109	2386	NONZERORATE	0.5854872074870998	0.0025045489649811654	True	0.011762036958711808	0.44995709572112463	0.6527413771731541	0.8697401762628325	False
PapalexiSatija2021_eccite_RNA	SMAD4	UNIFORM	0.585728967790106	1.8828584059062765e-11	True	3045	659	2386	CORRELATION	0.5834769590440951	6.287365565411064e-11	True	0.0022520087460108362	0.1639885262448797	0.8697401762628325	0.8697401762628325	False
PapalexiSatija2021_eccite_RNA	STAT3	CORRELATION	0.533839214212725	0.014862928105742752	True	2879	493	2386	UNIFORM	0.5142174857051529	0.19973780856355108	False	0.019621728507572045	1.4766596872871045	0.1397668833904676	0.2795337667809352	False
PapalexiSatija2021_eccite_RNA	NFKBIA	UNIFORM	0.5262213611590696	0.022626419218303922	True	3173	787	2386	SPECIFICITY	0.5170605533549688	0.10756216815818329	False	0.009160807804100779	1.2695485394035215	0.20424548998550596	0.32679278397680955	False
ReplogleWeissman2022_K562_essential	GATA1	CORRELATION	0.9075825483302469	9.834963665018483e-46	True	10751	105	10646	NONZERORATE	0.8005626973690096	3.2161029329626853e-25	True	0.10701985096123723	5.018985155211746	5.194516327837566e-07	4.675064695053809e-06	True
ReplogleWeissman2022_K562_essential	MAX	NONZERORATE	0.9027730811781159	2.508523652863592e-75	True	10826	180	10646	SPECIFICITY	0.8778294403740582	2.55272727216583e-66	True	0.024943640804057754	3.4358084356445264	0.0005907885493544497	0.002658548472095024	True
ReplogleWeissman2022_K562_essential	RUVBL1	NONZERORATE	0.8429880012943927	2.887877630903253e-58	True	10837	191	10646	CORRELATION	0.8384433649095647	1.7873292555678244e-56	True	0.004544636384827938	5.635934413606175	1.7411163998993254e-08	4.0735310170460433e-07	True
ReplogleWeissman2022_K562_essential	RUVBL2	SPECIFICITY	0.7708126459300609	0.0017407214558981198	True	10660	14	10646	UNIFORM	0.7480945224229085	0.003885211709518615	True	0.02271812350715241	0.9659070302721829	0.3340907041594299	0.5011360562391448	False
ReplogleWeissman2022_K562_essential	ATF4	CORRELATION	0.7058193479032293	1.4832018008427802e-08	True	10718	72	10646	UNIFORM	0.613776431419208	0.0027573904852817676	True	0.0920429164840213	3.1424144521796995	0.0016756066983990763	0.006463054408110723	True
ReplogleWeissman2022_K562_essential	MYC	NONZERORATE	0.6730175845838298	1.6077775074065992e-06	True	10719	73	10646	CORRELATION	0.6728232868991891	1.770963642597459e-06	True	0.0001942976846406319	0.012385610861141266	0.9901179649746525	0.9901179649746525	False
ReplogleWeissman2022_K562_essential	NRF1	UNIFORM	0.6692069144837688	1.0117622181269094e-05	True	10715	69	10646	SPECIFICITY	0.6651242761110522	1.6793763669821197e-05	True	0.004082638372716607	0.21669834051694914	0.8284434413537112	0.8603066506365463	False
ReplogleWeissman2022_K562_essential	TRRAP	SPECIFICITY	0.6673589113560989	3.4948653124365396e-29	True	11050	404	10646	CORRELATION	0.6288939926305237	1.520857684301772e-17	True	0.038464918725575226	3.923523800518298	8.726314011460511e-05	0.0005890261957735845	True
ReplogleWeissman2022_K562_essential	MYBL2	NONZERORATE	0.6515624629515804	6.279185936119326e-07	True	10749	103	10646	UNIFORM	0.6382724538502085	1.0117622181269094e-05	True	0.013290009101371902	1.846501779053532	0.0648193812992901	0.14584360792340273	False
ReplogleWeissman2022_K562_essential	CDK7	CORRELATION	0.6429092395928877	0.07846307475811368	True	10663	17	10646	SPECIFICITY	0.6344332585560994	0.0963485713455032	True	0.00847598103678826	0.23258475601317966	0.8160838656602112	0.8603066506365463	False
ReplogleWeissman2022_K562_essential	NELFA	NONZERORATE	0.6056950859531721	0.0019878661940993143	True	10733	87	10646	CORRELATION	0.6006929373937867	0.0035845211358553155	True	0.005002148559385411	0.2524937558059426	0.8006594399393151	0.8603066506365463	False
ReplogleWeissman2022_K562_essential	CHEK1	UNIFORM	0.6051198726642459	1.0681195765068281e-08	True	10938	292	10646	SPECIFICITY	0.6035291407924771	1.4314130868896605e-08	True	0.0015907318717688357	1.2839586674087728	0.19915641791195582	0.3840873774016291	False
ReplogleWeissman2022_K562_essential	POLR2I	CORRELATION	0.6032591255605584	1.770963642597459e-06	True	10855	209	10646	NONZERORATE	0.5890183162892458	4.327138172276204e-05	True	0.014240809271312549	0.8760570878676214	0.3809989996570964	0.540181936566166	False
ReplogleWeissman2022_K562_essential	TFDP1	CORRELATION	0.6027817700475653	2.902547529427643e-05	True	10809	163	10646	NONZERORATE	0.5920925397251653	0.00018555224614666426	True	0.01068923032239999	0.8413805683784927	0.4001347678267896	0.540181936566166	False
ReplogleWeissman2022_K562_essential	SUPT16H	CORRELATION	0.5916984991754858	0.006464478238676069	True	10736	90	10646	NONZERORATE	0.5690066169870792	0.053342320244035124	True	0.022691882188406565	2.4802677867560616	0.013128374509702861	0.04430826397024716	True
ReplogleWeissman2022_K562_essential	SUPT5H	NONZERORATE	0.5871462355372358	2.738594873967802e-07	True	10986	340	10646	UNIFORM	0.5708211313832314	4.658753387105649e-05	True	0.016325104154004344	3.537096168864378	0.0004045523301337103	0.002184582582722036	True
ReplogleWeissman2022_K562_essential	MED1	NONZERORATE	0.5829731291351783	4.4602865528265634e-05	True	10884	238	10646	SPECIFICITY	0.5588882556592053	0.006496636367692258	True	0.02408487347597299	1.9270627255700357	0.05397181331028378	0.1324762690343329	False
ReplogleWeissman2022_K562_essential	CDK9	NONZERORATE	0.5794824695068919	0.004066111762010523	True	10781	135	10646	CORRELATION	0.5765900599077379	0.005631512960518468	True	0.0028924095991539334	0.34300230099527357	0.7315967291098379	0.8603066506365463	False
ReplogleWeissman2022_K562_essential	POLR2C	CORRELATION	0.570278548794249	0.006690783376773931	True	10797	151	10646	NONZERORATE	0.5093515208896044	0.6470020724117637	False	0.06092702790464455	2.3131818583219927	0.020712642574237737	0.06213792772271321	True
ReplogleWeissman2022_K562_essential	ZBTB17	NONZERORATE	0.5618382668306636	0.0176532814289804	True	10805	159	10646	UNIFORM	0.5585134287304293	0.026902333812611805	True	0.0033248381002343175	0.268936994372549	0.7879781679669631	0.8603066506365463	False
ReplogleWeissman2022_K562_essential	POLR2F	CORRELATION	0.5595648524661694	0.001120070158227829	True	10956	310	10646	NONZERORATE	0.5350998103179749	0.06783684957216929	True	0.02446504214819445	1.3178789082026772	0.18754418735289202	0.3840873774016291	False
ReplogleWeissman2022_K562_essential	ATR	NONZERORATE	0.5515053622916138	0.0683945519379487	True	10784	138	10646	CORRELATION	0.541873248985126	0.14802974279786776	False	0.009632113306487833	1.1234803317571578	0.26123354922864916	0.45217342010287676	False
ReplogleWeissman2022_K562_essential	SSRP1	CORRELATION	0.5498318019252189	0.00035729182975416087	True	11180	534	10646	SPECIFICITY	0.5296624569654267	0.04385888449611795	True	0.020169344959792168	2.036515009574181	0.041698667465972686	0.11258640215812626	False
ReplogleWeissman2022_K562_essential	RAD51	SPECIFICITY	0.5491886574541973	0.02276146311722564	True	10883	237	10646	NONZERORATE	0.5399119813626243	0.06783684957216929	True	0.00927667609157301	1.1077851397483134	0.26795461932022324	0.45217342010287676	False
ReplogleWeissman2022_K562_essential	CCND1	UNIFORM	0.5480362423085139	0.0980367341733798	True	10792	146	10646	SPECIFICITY	0.5413844417737448	0.14288978133500882	False	0.006651800534769103	0.595433875790369	0.5515534871042638	0.709140197705482	False
ReplogleWeissman2022_K562_essential	STAT5A	CORRELATION	0.5448398019932091	0.05673139334461363	True	10849	203	10646	NONZERORATE	0.4353137097214523	0.9992179015690525	False	0.10952609227175686	5.540422336254973	3.017430382997069e-08	4.0735310170460433e-07	True
ReplogleWeissman2022_K562_essential	POLR2A	NONZERORATE	0.5337097825990738	0.053342320244035124	True	11028	382	10646	SPECIFICITY	0.5292976837649124	0.09407390085141626	True	0.004412098834161382	1.0340392442099178	0.3011178171837613	0.478245944938915	False
ReplogleWeissman2022_K562_gwps	SREBF2	NONZERORATE	0.8102561945647231	5.605746798961128e-47	True	74803	188	74615	CORRELATION	0.8102068633167993	4.570566910607775e-47	True	4.933124792383392e-05	0.009270024469445977	0.992603696529243	0.992603696529243	False
ReplogleWeissman2022_K562_gwps	MAX	NONZERORATE	0.7612046784338231	3.0371908817940263e-37	True	74824	209	74615	UNIFORM	0.7317864238978591	2.569851587355145e-29	True	0.029418254535964028	5.156221079707371	2.519833678180044e-07	1.033131808053818e-05	True
ReplogleWeissman2022_K562_gwps	GATA1	CORRELATION	0.7399395156003719	2.7722494191592433e-07	True	74661	46	74615	NONZERORATE	0.6834926535927908	0.0001846940969815791	True	0.05644686200758109	2.1573181486854502	0.030980883874254964	0.3175540597111134	False
ReplogleWeissman2022_K562_gwps	ATR	UNIFORM	0.6822991355625545	1.5894789647849053e-06	True	74689	74	74615	SPECIFICITY	0.6812832902593674	1.505888888439519e-06	True	0.0010158453031871018	0.46829765805699114	0.6395717429725557	0.819451295683587	False
ReplogleWeissman2022_K562_gwps	RUVBL1	UNIFORM	0.6804489501132267	1.3317526627233034e-05	True	74678	63	74615	SPECIFICITY	0.6794274099105567	1.538221674373279e-05	True	0.0010215402026699794	0.4237609571177478	0.6717401544849888	0.8345862525419557	False
ReplogleWeissman2022_K562_gwps	MYC	CORRELATION	0.6742022655071545	5.281100767272031e-08	True	74713	98	74615	NONZERORATE	0.6569508511036928	1.6953568327698934e-06	True	0.017251414403461673	0.8714444110351528	0.38351154569773116	0.7810987875378399	False
ReplogleWeissman2022_K562_gwps	LIN52	UNIFORM	0.6685152672608278	0.09951314216135795	True	74630	15	74615	SPECIFICITY	0.6440367218387724	0.17721286015198473	False	0.02447854542205541	1.1548941285777525	0.2481337840947353	0.6782323431922765	False
ReplogleWeissman2022_K562_gwps	STAT5B	CORRELATION	0.6606542154488277	1.2846010237382993e-08	True	74741	126	74615	UNIFORM	0.632974666781542	5.397747279071537e-06	True	0.027679548667285725	1.6532652222624118	0.09827689762668528	0.4029352802694096	False
ReplogleWeissman2022_K562_gwps	ESRRA	NONZERORATE	0.6403368336545904	1.541367536339147e-10	True	74819	204	74615	SPECIFICITY	0.6241716957506047	2.4019323911192985e-08	True	0.01616513790398566	1.7651404036970355	0.07754017167485926	0.3973933798336537	False
ReplogleWeissman2022_K562_gwps	TRRAP	SPECIFICITY	0.6396908894228468	1.3288934533945653e-15	True	74923	308	74615	CORRELATION	0.6188990932675178	2.4263648795707946e-11	True	0.020791796155329	1.9008092950237097	0.057326996150699756	0.3357724060255271	False
ReplogleWeissman2022_K562_gwps	ATF4	CORRELATION	0.6202203024067234	0.00019451694319267256	True	74718	103	74615	SPECIFICITY	0.5756066903958117	0.05252394630601726	True	0.04461361201091174	1.9505545204948813	0.05111006179564193	0.3357724060255271	False
ReplogleWeissman2022_K562_gwps	SPI1	CORRELATION	0.611560890620633	0.0032142554508347676	True	74697	82	74615	SPECIFICITY	0.5884794792128046	0.039112516978912076	True	0.02308141140782838	0.6615882945664301	0.5082351113402092	0.7810987875378399	False
ReplogleWeissman2022_K562_gwps	MYB	CORRELATION	0.603217770188996	1.5335547521652845e-05	True	74796	181	74615	UNIFORM	0.5931024933516915	0.00016566111557292436	True	0.01011527683730451	0.5255631655110105	0.5991917550139712	0.7924794179217037	False
ReplogleWeissman2022_K562_gwps	LIN9	UNIFORM	0.6024564191420723	0.04463071995212281	True	74671	56	74615	NONZERORATE	0.6011619168876423	0.03956854597058534	True	0.0012945022544299523	0.11302141714133335	0.9100135755819899	0.9628002848056976	False
ReplogleWeissman2022_K562_gwps	CTNNB1	NONZERORATE	0.6004020639281646	0.09936587518706343	True	74654	39	74615	CORRELATION	0.5988298908757261	0.1213579415153624	False	0.001572173052438508	0.035958812317206705	0.9713152007077006	0.992603696529243	False
ReplogleWeissman2022_K562_gwps	ATF6	NONZERORATE	0.5947121206445054	0.0019170162935635664	True	74742	127	74615	UNIFORM	0.5720636801723915	0.031019797256197943	True	0.022648440472113895	1.9185986840875495	0.05503514227012706	0.3357724060255271	False
ReplogleWeissman2022_K562_gwps	POLR2I	NONZERORATE	0.5938805231936639	0.005450262471388765	True	74720	105	74615	SPECIFICITY	0.5863291244260218	0.022568732613071477	True	0.0075513987676421035	0.9859387121151684	0.3241631887236428	0.7383717076482975	False
ReplogleWeissman2022_K562_gwps	GTF2F2	NONZERORATE	0.5877238677671062	0.06885533285221934	True	74676	61	74615	CORRELATION	0.5756610710939105	0.1394408331157635	False	0.012062796673195653	0.7642149134546595	0.44473918067154183	0.7810987875378399	False
ReplogleWeissman2022_K562_gwps	ARNT	SPECIFICITY	0.5867418338870719	0.028479439835828978	True	74708	93	74615	UNIFORM	0.5852882070614819	0.029299563353892447	True	0.0014536268255900264	0.1056823088169779	0.9158344172542001	0.9628002848056976	False
ReplogleWeissman2022_K562_gwps	SP1	NONZERORATE	0.5854863085667169	0.0003401595679123871	True	74812	197	74615	UNIFORM	0.5627271091433487	0.020170648459246696	True	0.022759199423368237	2.4056955677509553	0.016141709689294133	0.2206033657536865	False
ReplogleWeissman2022_K562_gwps	TFDP1	CORRELATION	0.5843423116974013	2.541463971308484e-06	True	74930	315	74615	UNIFORM	0.5780680721885574	2.6973582631372903e-05	True	0.006274239508843871	0.631117801242555	0.527963502536729	0.7810987875378399	False
ReplogleWeissman2022_K562_gwps	CARM1	NONZERORATE	0.5822242349436786	0.00298653476422167	True	74770	155	74615	UNIFORM	0.5699894728423109	0.020719069415355316	True	0.012234762101367647	1.1100436648568042	0.2669802110419156	0.6841367907949087	False
ReplogleWeissman2022_K562_gwps	NELFE	CORRELATION	0.5819010006763737	0.005288268574368825	True	74754	139	74615	NONZERORATE	0.580310485914023	0.006238252230454528	True	0.0015905147623507254	0.18738964905341424	0.8513551377163997	0.9433935309830375	False
ReplogleWeissman2022_K562_gwps	HIF1A	NONZERORATE	0.5810874422860395	0.0028669629840441103	True	74777	162	74615	SPECIFICITY	0.5689101172024623	0.022651329931105208	True	0.012177325083577162	0.7107858739943297	0.4772169355355217	0.7810987875378399	False
ReplogleWeissman2022_K562_gwps	CTDP1	NONZERORATE	0.579200367194667	0.0201357100042218	True	74728	113	74615	UNIFORM	0.5717396499671766	0.04463071995212281	True	0.007460717227490421	0.94076241886697	0.3468266237115779	0.7484153459039312	False
ReplogleWeissman2022_K562_gwps	YY1	UNIFORM	0.5769328004970973	0.0038929057101053533	True	74791	176	74615	NONZERORATE	0.560074899636315	0.031335560447223895	True	0.016857900860782316	1.2746585231956944	0.20243013350711758	0.6384334979839862	False
ReplogleWeissman2022_K562_gwps	CEBPA	SPECIFICITY	0.5716930241908463	0.09366308164902787	True	74703	88	74615	UNIFORM	0.560719724890803	0.17376485158709748	False	0.010973299300043315	0.5833693406055738	0.5596446926280865	0.7810987875378399	False
ReplogleWeissman2022_K562_gwps	SUPT5H	NONZERORATE	0.5690164550116957	0.03273861958302971	True	74744	129	74615	UNIFORM	0.5624054643292934	0.06397992010969994	True	0.00661099068240234	0.995704078556079	0.31939394785315023	0.7383717076482975	False
ReplogleWeissman2022_K562_gwps	NCOA6	UNIFORM	0.5640292156262732	0.003387803217026946	True	74878	263	74615	NONZERORATE	0.5600575985878332	0.005033245675559421	True	0.003971617038439956	0.5809126048216999	0.5612993566440678	0.7810987875378399	False
ReplogleWeissman2022_K562_gwps	CREBBP	NONZERORATE	0.5618649201957806	0.04102085058301355	True	74762	147	74615	SPECIFICITY	0.549247133015238	0.14142273768346136	False	0.012617787180542628	0.5657912458040419	0.5715356981984194	0.7810987875378399	False
ReplogleWeissman2022_K562_gwps	TFAP2A	NONZERORATE	0.5604670405005743	0.00315470882289597	True	74897	282	74615	CORRELATION	0.5562822013522846	0.0064294940902143854	True	0.00418483914828971	0.22457469719707882	0.8223101508164332	0.9365198939853823	False
ReplogleWeissman2022_K562_gwps	SSRP1	CORRELATION	0.5602406365414649	0.0016623727182604377	True	74929	314	74615	NONZERORATE	0.5331985508625807	0.13556560292897735	False	0.02704208567888422	4.251967527136629	2.1190059150037233e-05	0.0004343962125757633	True
ReplogleWeissman2022_K562_gwps	RAD51	SPECIFICITY	0.5573272786356295	0.022568732613071477	True	74854	239	74615	NONZERORATE	0.5508388528336675	0.03273861958302971	True	0.006488425801961961	0.7964403463125737	0.42577613537597614	0.7810987875378399	False
ReplogleWeissman2022_K562_gwps	EPAS1	NONZERORATE	0.5475443240212036	0.05451245011506845	True	74843	228	74615	UNIFORM	0.5354251532133961	0.18855231038493642	False	0.012119170807807444	1.2242572814174206	0.2208551865203895	0.6467901890954263	False
ReplogleWeissman2022_K562_gwps	RBL1	UNIFORM	0.5462011977691014	0.056716789155597504	True	74868	253	74615	NONZERORATE	0.536279541964959	0.1443162568102797	False	0.009921655804142393	1.554489986873276	0.12006758328424989	0.4475246286049314	False
ReplogleWeissman2022_K562_gwps	FOXM1	SPECIFICITY	0.5456712944630924	0.09366308164902787	True	74835	220	74615	UNIFORM	0.5397543145723807	0.16128136391166234	False	0.0059169798907117155	0.68588149138127	0.49278784254198604	0.7810987875378399	False
ReplogleWeissman2022_K562_gwps	E2F3	SPECIFICITY	0.5455563842443156	0.022568732613071477	True	75000	385	74615	CORRELATION	0.5438561585837602	0.016390877726170244	True	0.0017002256605553878	0.284310517659446	0.7761724266582717	0.9092305569425468	False
ReplogleWeissman2022_K562_gwps	HSF1	NONZERORATE	0.5426117030385609	0.08809129475198041	True	74849	234	74615	UNIFORM	0.5200297996954165	0.49526750067396075	False	0.02258190334314436	1.6713454413720301	0.09465346567718658	0.4029352802694096	False
ReplogleWeissman2022_K562_gwps	ERCC3	NONZERORATE	0.54175353581594	0.06896568320324928	True	74882	267	74615	CORRELATION	0.5385325570136439	0.1213579415153624	False	0.003220978802296104	0.824325666753353	0.40975453848661714	0.7810987875378399	False
ReplogleWeissman2022_K562_gwps	WT1	CORRELATION	0.5408202437995471	0.0800348034220334	True	74896	281	74615	NONZERORATE	0.5018541919695481	0.787374778840435	False	0.038966051829999016	1.402339932815169	0.16081376115368973	0.5494470172751066	False
ReplogleWeissman2022_K562_gwps	E2F6	NONZERORATE	0.5407137780959804	0.057007884435130385	True	74919	304	74615	UNIFORM	0.5384271276764584	0.08929772170116544	True	0.0022866504195220294	0.3649925556880729	0.7151169631868917	0.8623469261959577	False
ReplogleWeissman2022_rpe1	RUVBL2	CORRELATION	0.9289611262011157	3.3418728076675004e-29	True	11473	60	11413	NONZERORATE	0.8986229153888841	1.2831396922701952e-25	True	0.030338210812231647	3.529530363359609	0.0004162979314918258	0.004283530866990592	True
ReplogleWeissman2022_rpe1	TRRAP	SPECIFICITY	0.9212685095943223	1.7315707456233158e-08	True	11429	16	11413	NONZERORATE	0.9108308507841936	3.567242381751339e-08	True	0.010437658810128703	1.60495148606108	0.10850448161140537	0.24152609468836936	False
ReplogleWeissman2022_rpe1	RUVBL1	NONZERORATE	0.8933735277378492	1.1762505547217384e-44	True	11524	111	11413	CORRELATION	0.8919905623664494	2.1717717204835742e-44	True	0.0013829653713998136	0.43814280147373824	0.6612827690281482	0.8168787146818302	False
ReplogleWeissman2022_rpe1	CDK7	UNIFORM	0.8452787756651772	0.03710875121582073	True	11416	3	11413	SPECIFICITY	0.8387365285201086	0.043520728288501405	True	0.006542247145068569	1.2699908377387406	0.20408789383643644	0.37816286210869104	False
ReplogleWeissman2022_rpe1	MYC	NONZERORATE	0.840845506653979	1.5645647943869492e-26	True	11499	86	11413	UNIFORM	0.8099892207784268	3.7692469753857234e-22	True	0.030856285875552114	3.264250438088542	0.0010975410500466932	0.006285916922994698	True
ReplogleWeissman2022_rpe1	NPM1	CORRELATION	0.8265829052549214	5.275531435375041e-13	True	11456	43	11413	SPECIFICITY	0.38635868114492045	0.997037330607116	False	0.44022422411000095	8.905464514912962	5.316295881568065e-19	3.349266405387881e-17	True
ReplogleWeissman2022_rpe1	POLR2K	CORRELATION	0.8180517830544116	1.6958172020904403e-06	True	11433	20	11413	SPECIFICITY	0.8089437483571367	4.245595116467652e-06	True	0.009108034697274947	0.2444971789963645	0.8068457865251079	0.8970777764920813	False
ReplogleWeissman2022_rpe1	SRF	SPECIFICITY	0.8132471281594857	9.103008239017154e-25	True	11508	95	11413	NONZERORATE	0.7600178927999925	1.449385030159255e-17	True	0.0532292353594932	2.4658124808152184	0.01367028793451664	0.0506604788161499	True
ReplogleWeissman2022_rpe1	BRCA1	CORRELATION	0.8090898849682693	9.24264921814427e-05	True	11427	14	11413	SPECIFICITY	0.49608842047289436	0.6256706568784203	False	0.3130014644953749	2.9124777695507698	0.0035857372258298725	0.015060096348485465	True
ReplogleWeissman2022_rpe1	SUPT5H	NONZERORATE	0.8063298744539436	0.0056893957599791585	True	11420	7	11413	UNIFORM	0.7994079433227772	0.006742653107124164	True	0.006921931131166348	0.1928616739564115	0.8470673012199801	0.9044955928281143	False
ReplogleWeissman2022_rpe1	POLR2C	CORRELATION	0.7841496539034435	4.972530199085115e-05	True	11431	18	11413	SPECIFICITY	0.7521977861502964	0.0003758592533360774	True	0.03195186775314707	1.800307552978371	0.07181208895352632	0.18850673350300662	False
ReplogleWeissman2022_rpe1	SUPT4H1	UNIFORM	0.7821398843424165	0.00017221640323212395	True	11429	16	11413	SPECIFICITY	0.7807817839306054	0.00021271959453958794	True	0.0013581004118111695	0.6142750454037049	0.5390335898782826	0.7807464541343401	False
ReplogleWeissman2022_rpe1	MAX	NONZERORATE	0.7738896257645294	8.82081187607882e-18	True	11500	87	11413	UNIFORM	0.744860418296941	1.8016341180944305e-14	True	0.029029207467588303	3.115129123061224	0.001838644039129279	0.009035207560935584	True
ReplogleWeissman2022_rpe1	NELFE	CORRELATION	0.7731368593367	7.574349314543447e-17	True	11495	82	11413	UNIFORM	0.7641740377361717	1.0699166458256112e-15	True	0.008962821600528303	0.6583274825923435	0.5103277220420808	0.7654915830631212	False
ReplogleWeissman2022_rpe1	SUPT16H	CORRELATION	0.7719403463080516	8.893795613596559e-07	True	11442	29	11413	NONZERORATE	0.697472936185898	0.0003979320608787068	True	0.07446741012215363	3.1110224079722704	0.0018644079093994063	0.009035207560935584	True
ReplogleWeissman2022_rpe1	SSRP1	CORRELATION	0.7668119688075001	0.008750063080643905	True	11421	8	11413	UNIFORM	0.5366358538508718	0.5084033482992326	False	0.23017611495662837	2.339737276694576	0.019297309293266438	0.06754058252643254	True
ReplogleWeissman2022_rpe1	ATR	CORRELATION	0.7606509837395387	6.9546297393893085e-28	True	11568	155	11413	NONZERORATE	0.7520411076220382	3.4745754009530225e-26	True	0.008609876117500415	1.5929175952608448	0.11117867850734461	0.24152609468836936	False
ReplogleWeissman2022_rpe1	MNAT1	CORRELATION	0.7562758882264757	1.7316647154489444e-13	True	11486	73	11413	UNIFORM	0.7365687290028554	1.1712333617032527e-11	True	0.01970715922362032	3.0333111104385098	0.002418860872504484	0.010884873926270178	True
ReplogleWeissman2022_rpe1	ELL	NONZERORATE	0.7528388145311402	1.85915788424503e-27	True	11577	164	11413	SPECIFICITY	0.7496935992973353	8.719517623716815e-27	True	0.0031452152338049544	0.40554192843554515	0.6850792050406243	0.8190019032299992	False
ReplogleWeissman2022_rpe1	GTF2H4	CORRELATION	0.7502409532988698	3.467115569421327e-10	True	11469	56	11413	UNIFORM	0.7231618705486225	2.1585234335217623e-08	True	0.027079082750247285	3.3089132614803574	0.0009365884825769677	0.006180840636334061	True
ReplogleWeissman2022_rpe1	NELFCD	CORRELATION	0.7432322452803484	7.574349314543447e-17	True	11517	104	11413	NONZERORATE	0.6912250874508826	6.532159068808479e-11	True	0.052007157829465744	1.9679738857158127	0.04907104249166732	0.1405216216806837	False
ReplogleWeissman2022_rpe1	NELFA	NONZERORATE	0.7307296335487871	2.5978825305068115e-08	True	11465	52	11413	CORRELATION	0.7262357702754618	4.223019394565482e-08	True	0.004493863273325238	0.519433976268433	0.603458143202084	0.8168787146818302	False
ReplogleWeissman2022_rpe1	CCNH	CORRELATION	0.7278308832881574	1.876809805702032e-09	True	11475	62	11413	NONZERORATE	0.7219858226188021	4.85724168689913e-09	True	0.0058450606693553064	0.7254713854851609	0.46816289319036997	0.7373565567748327	False
ReplogleWeissman2022_rpe1	POLR2I	CORRELATION	0.7252561632830365	2.337981753100575e-19	True	11555	142	11413	UNIFORM	0.6799766883082425	6.675141594529073e-13	True	0.04527947497479401	3.458129217402509	0.0005439404275543609	0.004283530866990592	True
ReplogleWeissman2022_rpe1	GTF2F2	CORRELATION	0.7219312748045441	5.947318179085525e-09	True	11474	61	11413	UNIFORM	0.7187970864401108	1.0354549200586723e-08	True	0.0031341883644333546	0.4002103376713868	0.6890016011299993	0.8190019032299992	False
ReplogleWeissman2022_rpe1	YBX1	CORRELATION	0.7060309326629947	0.00017692127209473953	True	11442	29	11413	NONZERORATE	0.39896427848460764	0.9999999948166662	False	0.307066654178387	3.4787856253373057	0.0005036913471281578	0.004283530866990592	True
ReplogleWeissman2022_rpe1	NELFB	CORRELATION	0.7060236814038439	7.574349314543447e-17	True	11558	145	11413	NONZERORATE	0.7015424032485641	3.1476286821141975e-16	True	0.0044812781552797665	0.4410189953572306	0.6591992453466591	0.8168787146818302	False
ReplogleWeissman2022_rpe1	CHEK1	CORRELATION	0.7028874568872816	4.6319071622166017e-07	True	11468	55	11413	NONZERORATE	0.6596385302247039	7.884577142790563e-05	True	0.043248926662577736	2.0724156147199713	0.038226698402417617	0.11468009520725285	False
ReplogleWeissman2022_rpe1	GTF2H1	CORRELATION	0.7027351081638207	0.0022696898064132384	True	11432	19	11413	NONZERORATE	0.7010565052779149	0.002976047357037785	True	0.0016786028859058222	0.09123164778452705	0.9273085285073792	0.9422651176768532	False
ReplogleWeissman2022_rpe1	POLR2H	SPECIFICITY	0.7000905400274541	0.008302607789333486	True	11428	15	11413	UNIFORM	0.6924033996319986	0.0104436849212182	True	0.007687140395455483	2.1446098397120514	0.031984054920144736	0.10074977299845593	False
ReplogleWeissman2022_rpe1	POLR2B	CORRELATION	0.6996140937679762	0.0011132032774111241	True	11436	23	11413	SPECIFICITY	0.688334050796384	0.002387554846832775	True	0.011280042971592241	1.0471405858245009	0.29503474298880683	0.5023564542782386	False
ReplogleWeissman2022_rpe1	ERCC3	NONZERORATE	0.698240755202877	0.0013726519048775085	True	11436	23	11413	CORRELATION	0.6974331330786022	0.0011940406991615001	True	0.000807622124274765	0.10123479800213904	0.9193640737917997	0.9422651176768532	False
ReplogleWeissman2022_rpe1	RBMX	CORRELATION	0.697226359804122	0.0005215766665172123	True	11440	27	11413	SPECIFICITY	0.6054856223085435	0.05724701864009516	True	0.09174073749557843	1.6903433682706053	0.09096228268336129	0.2265876852212757	False
ReplogleWeissman2022_rpe1	GTF2H2	NONZERORATE	0.684917847306085	2.8050140203727308e-05	True	11459	46	11413	UNIFORM	0.6779902018674356	6.061049557644073e-05	True	0.006927645438649321	0.5675754480974587	0.5703232823108411	0.7984525952351774	False
ReplogleWeissman2022_rpe1	NFYB	NONZERORATE	0.6781296478477242	1.081712962340513e-07	True	11492	79	11413	CORRELATION	0.602466430131307	0.001852455953955282	True	0.07566321771641726	4.168082833239366	3.071723154989126e-05	0.0005717679314243753	True
ReplogleWeissman2022_rpe1	NRF1	UNIFORM	0.6772746735351445	1.7356516929383628e-05	True	11466	53	11413	SPECIFICITY	0.6411969799417744	0.000622901807906893	True	0.0360776935933701	1.5340306988016654	0.1250221006437325	0.26254641135183826	False
ReplogleWeissman2022_rpe1	CTDP1	NONZERORATE	0.670234027195387	0.0071518984091551744	True	11434	21	11413	UNIFORM	0.6665790472852595	0.008915923140297483	True	0.0036549799101275315	0.2199871947223235	0.8258811275641383	0.8970777764920813	False
ReplogleWeissman2022_rpe1	DNMT1	CORRELATION	0.6693964276326494	1.9768054199078986e-09	True	11525	112	11413	UNIFORM	0.5476078344244032	0.07804814406343878	True	0.1217885932082462	3.295895270215943	0.0009810858152911207	0.006180840636334061	True
ReplogleWeissman2022_rpe1	POLR2E	CORRELATION	0.6574627136790951	1.6958172020904403e-06	True	11495	82	11413	NONZERORATE	0.6536469964717171	3.448677984932244e-06	True	0.0038157172073780554	0.11872875367396017	0.9054902555306582	0.9422651176768532	False
ReplogleWeissman2022_rpe1	GTF2H3	CORRELATION	0.6446781846326227	7.492697069958902e-05	True	11479	66	11413	UNIFORM	0.6270627062706271	0.0005536245305100469	True	0.017615478361995618	2.6613996976462655	0.007781652174038374	0.030640255435276098	True
ReplogleWeissman2022_rpe1	HDAC3	UNIFORM	0.644523714408339	0.00021626341806814175	True	11472	59	11413	NONZERORATE	0.604893022675599	0.005978979164839967	True	0.03963069173274003	1.593056777435678	0.11114745446937228	0.24152609468836936	False
ReplogleWeissman2022_rpe1	NF1	SPECIFICITY	0.6366723271568624	0.000332951743398376	True	11476	63	11413	NONZERORATE	0.6275487852198621	0.0006947178030336823	True	0.009123541937000268	0.31285159743099455	0.7543934124917447	0.8641233633996349	False
ReplogleWeissman2022_rpe1	LIN54	CORRELATION	0.6334418688941944	1.5181107274577717e-08	True	11574	161	11413	SPECIFICITY	0.47039036339186047	0.9910143192664128	False	0.16305150550233394	4.6674004108835785	3.0503451742763204e-06	9.60858729897041e-05	True
ReplogleWeissman2022_rpe1	CDK9	NONZERORATE	0.6272606611693617	0.02183369542402521	True	11440	27	11413	UNIFORM	0.6151399800747037	0.03710875121582073	True	0.012120681094658026	1.1351123813646724	0.2563282345065019	0.46139082211170335	False
ReplogleWeissman2022_rpe1	CDK12	CORRELATION	0.6242613959957943	0.0007391386827120081	True	11477	64	11413	UNIFORM	0.6134390333391746	0.0021749570384517396	True	0.010822362656619733	1.4534059068866134	0.1461110874027756	0.2876562033242145	False
ReplogleWeissman2022_rpe1	RBBP4	CORRELATION	0.6216221917176967	0.0021143091041859246	True	11467	54	11413	NONZERORATE	0.5274913922070673	0.342611750310104	False	0.09413079951062941	1.6771539667996418	0.09351237802782807	0.2265876852212757	False
ReplogleWeissman2022_rpe1	POLR2F	CORRELATION	0.6154362591758543	0.0006061156777352156	True	11490	77	11413	SPECIFICITY	0.607420792648165	0.001630062963499028	True	0.008015466527689363	0.4497201419184734	0.6529122460483463	0.8168787146818302	False
ReplogleWeissman2022_rpe1	ERCC2	SPECIFICITY	0.61536303319656	0.00023075507909904195	True	11507	94	11413	UNIFORM	0.5995272281888328	0.00125181249286731	True	0.0158358050077273	0.4887978208171027	0.6249848409694696	0.8168787146818302	False
ReplogleWeissman2022_rpe1	YY1	NONZERORATE	0.6129383261437895	0.00047853693666661536	True	11499	86	11413	UNIFORM	0.5959279401906027	0.0025070212478252715	True	0.017010385953186824	1.0674909947655804	0.2857501779442563	0.5000628114024486	False
ReplogleWeissman2022_rpe1	ATF4	CORRELATION	0.6129190307508265	0.006292418146948381	True	11462	49	11413	SPECIFICITY	0.5505429719421283	0.18988217779895003	False	0.06237605880869823	1.2727114035630642	0.20312046955211338	0.37816286210869104	False
ReplogleWeissman2022_rpe1	HSF1	UNIFORM	0.6075297329453485	0.09140724274073254	True	11432	19	11413	NONZERORATE	0.5990952145983113	0.11772838912951447	False	0.008434518347037234	0.22767627876067134	0.8198979149518228	0.8970777764920813	False
ReplogleWeissman2022_rpe1	TFDP1	NONZERORATE	0.6056314602897946	5.66977051140512e-06	True	11580	167	11413	CORRELATION	0.5993648381848412	1.8299440167679275e-05	True	0.006266622104953434	0.3621052763678758	0.7172733608604998	0.8368189210039164	False
ReplogleWeissman2022_rpe1	GABPB1	NONZERORATE	0.6001891118315372	0.016609539769056	True	11461	48	11413	CORRELATION	0.5747174274949619	0.05769106616705383	True	0.025471684336575318	0.7838089914106324	0.4331521971454402	0.6997073953887879	False
ReplogleWeissman2022_rpe1	CDC6	CORRELATION	0.5981603059168117	0.002054603971949395	True	11497	84	11413	UNIFORM	0.570697888372908	0.02560267272393005	True	0.02746241754390366	1.8202063766463847	0.06872758240666119	0.18825381267911542	False
ReplogleWeissman2022_rpe1	GABPA	NONZERORATE	0.5968638800216041	0.006700810275484557	True	11480	67	11413	UNIFORM	0.5883530302574571	0.012932705830930475	True	0.008510849764146955	0.4682334970208926	0.6396176201804529	0.8168787146818302	False
ReplogleWeissman2022_rpe1	CLOCK	NONZERORATE	0.5965735307363276	2.2526075793519413e-17	True	12128	715	11413	UNIFORM	0.5696012215244669	1.3707675962989926e-09	True	0.026972309211860668	4.129832732492596	3.630272580472224e-05	0.0005717679314243753	True
ReplogleWeissman2022_rpe1	ELOB	NONZERORATE	0.5916369291796437	0.00047099989530262457	True	11545	132	11413	UNIFORM	0.5871550650640286	0.0008302167630020204	True	0.004481864115615131	0.691880524668505	0.48901236198188136	0.7514092391428908	False
ReplogleWeissman2022_rpe1	HMGA1	CORRELATION	0.5854123888725925	0.01297898649935694	True	11482	69	11413	SPECIFICITY	0.41731270087378114	0.997037330607116	False	0.16809968799881136	3.4716731645916425	0.0005172256292261325	0.004283530866990592	True
ReplogleWeissman2022_rpe1	KAT5	UNIFORM	0.5836831470757695	0.08750882152528874	True	11446	33	11413	NONZERORATE	0.5657025879579108	0.1640716684535121	False	0.017980559117858674	1.0002776916234317	0.3171761400352854	0.5258446532163942	False
ReplogleWeissman2022_rpe1	NFYC	NONZERORATE	0.5836466733337966	0.002419847834444626	True	11529	116	11413	CORRELATION	0.5535932255111382	0.038091695351106514	True	0.030053447822658397	2.185685583444522	0.028838616343348045	0.0956227805068909	True
ReplogleWeissman2022_rpe1	TGS1	CORRELATION	0.5833587151382648	0.019373554701743886	True	11476	63	11413	SPECIFICITY	0.5674217232089833	0.062412397101781494	True	0.01593699192928144	0.6048431228560942	0.5452832378081105	0.7807464541343401	False
ReplogleWeissman2022_rpe1	TNRC6A	CORRELATION	0.5646035065118566	0.016853724530928427	True	11524	111	11413	NONZERORATE	0.49053908021751713	0.7272221099351224	False	0.07406442629433951	1.4883146120587976	0.13666794322815323	0.2777445297862469	False
ReplogleWeissman2022_rpe1	MYBL2	UNIFORM	0.5323611528816119	0.0017426923866694453	True	12301	888	11413	NONZERORATE	0.5323529632322237	0.0016962445996687285	True	8.189649388201659e-06	0.007744314670735041	0.9938209926540028	0.9938209926540028	False
SunshineHein2023	IRF9	NONZERORATE	0.7833162633384146	1.6228543119584243e-33	True	3236	164	3072	SPECIFICITY	0.7804858199949186	7.282450729360197e-33	True	0.0028304433434960252	0.272914256030766	0.7849191276454495	0.9676794325137003	False
SunshineHein2023	ATF4	CORRELATION	0.7007315300371003	1.0694430625747936e-15	True	3218	146	3072	SPECIFICITY	0.6681749875142694	2.910980137216795e-11	True	0.03255654252283091	1.9416190072040274	0.052183240147638664	0.22352409170548743	False
SunshineHein2023	SREBF2	CORRELATION	0.6537574404761906	2.5038071082960688e-05	True	3142	70	3072	NONZERORATE	0.6510649181547619	3.5641311961730374e-05	True	0.002692522321428692	0.42309138326142876	0.6722285889201955	0.9676794325137003	False
SunshineHein2023	STAT1	CORRELATION	0.6443255726575456	2.091558332223372e-11	True	3273	201	3072	NONZERORATE	0.6295815842661693	2.2385005644141754e-09	True	0.014743988391376361	1.0102018117020786	0.3123986114669539	0.7759954165012067	False
SunshineHein2023	SREBF1	SPECIFICITY	0.6097093186936937	0.04102472206880242	True	3109	37	3072	NONZERORATE	0.6079849380630631	0.03758375800004037	True	0.0017243806306306286	0.050105683989875055	0.9600381702607587	0.9863164672267138	False
SunshineHein2023	BTF3	CORRELATION	0.5759562174479167	0.026372318450842012	True	3152	80	3072	UNIFORM	0.47185058593749996	0.9580959476207855	False	0.10410563151041674	1.8737773760842555	0.060961115919678385	0.22352409170548743	False
SunshineHein2023	NFKBIA	CORRELATION	0.5662075308866279	0.006511661967417466	True	3244	172	3072	NONZERORATE	0.4989931564922481	0.7567352169449862	False	0.06721437439437977	1.9606074238148217	0.049924835704007825	0.22352409170548743	False
SunshineHein2023	RELA	NONZERORATE	0.5623361323696144	0.020048723210137755	True	3219	147	3072	CORRELATION	0.562141262755102	0.017095195953907336	True	0.00019486961451242735	0.0171506058253263	0.9863164672267138	0.9863164672267138	False
SunshineHein2023	HDAC2	NONZERORATE	0.5531554291213768	0.0864099191823532	True	3164	92	3072	SPECIFICITY	0.5392075690670289	0.2104269970850511	False	0.013947860054347894	0.6397819793205703	0.5223143498651669	0.9575763080861394	False
SunshineHein2023	JAK1	CORRELATION	0.5479854910714285	0.03851288969992258	True	3247	175	3072	UNIFORM	0.5433947172619047	0.07201541294292439	True	0.004590773809523774	0.929316301871034	0.3527251893187303	0.7759954165012067	False
SunshineHein2023	ATF6	NONZERORATE	0.5467122395833333	0.08162672250161324	True	3213	141	3072	UNIFORM	0.5447429539745864	0.08546587431206476	True	0.0019692856087468735	0.264054767458037	0.7917377175112094	0.9676794325137003	False
TianKampmann2021_CRISPRa	SPI1	UNIFORM	0.6478802992518703	0.007405293215155963	True	436	35	401	SPECIFICITY	0.6401140007125045	0.011919881649483786	True	0.007766298539365835	0.34367361942541613	0.7310917526882281	0.800672892357387	False
TianKampmann2021_CRISPRa	PPARGC1A	UNIFORM	0.584032875557585	0.007405293215155963	True	543	142	401	SPECIFICITY	0.5799058691299919	0.011919881649483786	True	0.004127006427593116	0.2524763496388197	0.800672892357387	0.800672892357387	False
TianKampmann2021_CRISPRi	CREBBP	NONZERORATE	0.5523827795257462	0.04602197195643835	True	729	314	415	SPECIFICITY	0.5333051953035071	0.18487496248526422	False	0.019077584222239152	0.9287489824600922	0.3530191894754866	0.6660902606482138	False
TianKampmann2021_CRISPRi	PARP1	NONZERORATE	0.5489144985740062	0.0698373877032449	True	622	207	415	UNIFORM	0.5433967755078284	0.13824618725622767	False	0.005517723066177815	0.43152007274724663	0.6660902606482138	0.6660902606482138	False
WesselsSatija2023	MYB	CORRELATION	0.7123587313160773	0.012132118344631291	True	435	13	422	NONZERORATE	0.6449143273787824	0.06011799898818435	True	0.0674444039372949	1.6720654401834831	0.09451141857516103	0.22052664334204242	False
WesselsSatija2023	EP300	NONZERORATE	0.6823715268097761	4.2607557109085914e-08	True	524	102	422	UNIFORM	0.596691757271629	0.0024251605944117	True	0.08567976953814704	3.6725784691795957	0.000240115385326004	0.001680807697282028	True
WesselsSatija2023	SUPT5H	NONZERORATE	0.6123465791712238	0.002093900603319744	True	500	78	422	UNIFORM	0.6083363713695467	0.0024251605944117	True	0.004010207801677157	0.32148116427334017	0.7478457840653081	0.8724867480761929	False
WesselsSatija2023	HDAC3	UNIFORM	0.6028284763537359	0.0024251605944117	True	516	94	422	SPECIFICITY	0.5850307552687305	0.013161781795006782	True	0.017797721085005436	0.9904536359674653	0.3219524403043583	0.5634167705326271	False
WesselsSatija2023	SUPT16H	UNIFORM	0.5986577909627003	0.0024251605944117	True	553	131	422	NONZERORATE	0.5982960095510292	0.0013087935063203758	True	0.00036178141167109157	0.03605569557290903	0.9712379491492268	0.9712379491492268	False
WesselsSatija2023	GATA2	SPECIFICITY	0.5768629625894927	0.08377993819958886	True	469	47	422	NONZERORATE	0.5603761218110316	0.1162791391309308	False	0.016486840778461076	0.6223429456340986	0.5337163879107192	0.7472029430750068	False
WesselsSatija2023	FLI1	CORRELATION	0.5480132087063367	0.04383262955272089	True	638	216	422	SPECIFICITY	0.5380627962085308	0.0838562495648918	True	0.009950412497805927	1.8265303808889954	0.0677704092921689	0.22052664334204242	False
