Dataset	TF	Mode	Top_Method	Top_ROC_AUC	Top_MWU_Adjusted_P_Value	Top_MWU_Significant_FDR_BH	Top_N_Cells	Top_N_Pos	Top_N_Control	Second_Method	Second_ROC_AUC	Second_MWU_Adjusted_P_Value	Second_MWU_Significant_FDR_BH	AUC_Diff	DeLong_Z	DeLong_P_Value	DeLong_P_Value_FDR_BH	DeLong_Significant_FDR_BH
FrangiehIzar2021_RNA	STAT1	CRISPRi	viper	0.6704925243976178	7.295274551344055e-54	True	56968	707	56261	z-aggregate	0.6650515264945077	1.5799571048742026e-50	True	0.005440997903110034	0.577506578644149	0.5635972958376498	0.7749462817767685	False
FrangiehIzar2021_RNA	MYC	CRISPRi	zscore	0.6267241913533306	9.19227980893801e-09	True	56446	185	56261	ulm	0.622810386149111	2.7899793813001696e-08	True	0.003913805204219578	0.8202239757876979	0.4120884364112375	0.6475675429319446	False
FrangiehIzar2021_RNA	JAK2	CRISPRi	z-aggregate	0.6161416546128721	1.0927735141144597e-38	True	57348	1087	56261	zscore	0.5904374877065848	7.966641636096075e-24	True	0.025704166906287296	4.726709182909583	2.281877069245721e-06	1.2550323880851466e-05	True
FrangiehIzar2021_RNA	SMAD4	CRISPRi	viper	0.5662329925686437	3.956307247193504e-08	True	56889	628	56261	zscore	0.5484260572624609	6.397229111931919e-05	True	0.017806935306182825	3.1588159813773213	0.0015841147997839684	0.005808420932541218	True
FrangiehIzar2021_RNA	JAK1	CRISPRi	ulm	0.5491265007839544	3.047656388023169e-07	True	57251	990	56261	zscore	0.5491265007839544	3.047656388023169e-07	True	0.0	0.0	1.0	1.0	False
FrangiehIzar2021_RNA	SMAD3	CRISPRi	z-aggregate	0.5456203457609202	7.756786709733619e-05	True	56972	711	56261	viper	0.5257447263758717	0.024918611420330247	True	0.01987561938504856	2.3429182303265135	0.019133575969899563	0.042093867133779043	True
FrangiehIzar2021_RNA	TP53	CRISPRi	ulm	0.545056071435568	0.000507632840514176	True	56809	548	56261	viper	0.5431860721608115	0.0009018997676928595	True	0.0018699992747565064	0.32814208037097115	0.7428042383428453	0.8170846621771298	False
FrangiehIzar2021_RNA	CDKN2A	CRISPRi	zscore	0.5388371681817803	0.00015787699349080974	True	57126	865	56261	ulm	0.5334011496582864	0.0011511716112078993	True	0.005436018523493846	2.894519627366092	0.0037973916850260513	0.010442827133821641	True
FrangiehIzar2021_RNA	TSC22D3	CRISPRi	z-aggregate	0.5279405801113615	0.023264863010700496	True	56932	671	56261	ulm	0.5046120075183973	0.49923911557145173	False	0.02332857259296417	1.3627117386336818	0.17297337681965408	0.31711785750269916	False
FrangiehIzar2021_RNA	KLF4	CRISPRi	zscore	0.5207648839884701	0.07649023554193417	True	56978	717	56261	ulm	0.5196213791088292	0.08619602376984009	True	0.0011435048796408775	0.46195908903778976	0.644110658757993	0.7872463607042136	False
FrangiehIzar2021_RNA	CDKN1A	CRISPRi	zscore	0.5153920307579147	0.09792155653367066	True	57297	1036	56261	ulm	0.5106057852676291	0.2654128728581746	False	0.004786245490285612	4.7401673679224485	2.135417522445844e-06	1.2550323880851466e-05	True
GasperiniShendure2019_lowMOI	BTF3	CRISPRi	zscore	0.6938179815503235	0.06131201009061858	True	4857	15	4842	ulm	0.6595897012253891	0.13463682159286855	False	0.03422828032493441	1.840544274539746	0.06568837040264935	0.06568837040264935	True
NadigOConner2024_hepg2	RUVBL2	CRISPRi	viper	0.9245694032934781	4.3146962045796476e-14	True	4952	29	4923	z-aggregate	0.9183354696813689	3.258141093199405e-13	True	0.0062339336121092215	0.4496175267084289	0.6529862481715345	0.7530990036036215	False
NadigOConner2024_hepg2	MYC	CRISPRi	ulm	0.8458061844716324	3.8440500468417705e-16	True	4975	52	4923	zscore	0.8355872748011688	3.395627194661412e-15	True	0.010218909670463572	1.1551408342955838	0.2480327586758284	0.41812551886160054	False
NadigOConner2024_hepg2	RUVBL1	CRISPRi	viper	0.8437944342880357	4.131177274981891e-14	True	4968	45	4923	ulm	0.8340894215361003	2.4684446039909765e-13	True	0.00970501275193536	1.0914325909983855	0.2750825781984214	0.41812551886160054	False
NadigOConner2024_hepg2	POLR2A	CRISPRi	z-aggregate	0.7856997765590088	1.3456403026713227e-05	True	4945	22	4923	ulm	0.7351393274610825	0.0003883326883977592	True	0.05056044909792634	2.5737231522733732	0.010061074284182982	0.03823208227989534	True
NadigOConner2024_hepg2	KAT5	CRISPRi	viper	0.755433678651229	0.04615166157184085	True	4929	6	4923	ulm	0.7289254519601868	0.07852893722626515	True	0.026508226691042247	0.7101126721980681	0.47763426862711345	0.5854871679945262	False
NadigOConner2024_hepg2	TRRAP	CRISPRi	ulm	0.7543463454851776	0.0007193791181180186	True	4940	17	4923	zscore	0.7543463454851776	0.0007193791181180186	True	0.0	0.0	1.0	1.0	False
NadigOConner2024_hepg2	SUPT5H	CRISPRi	z-aggregate	0.7475116798699979	0.0010362342930132096	True	4940	17	4923	ulm	0.658302565389349	0.04003371529141914	True	0.08920911448064894	5.814209508220031	6.092107670196791e-09	1.1575004573373904e-07	True
NadigOConner2024_hepg2	POLR2G	CRISPRi	z-aggregate	0.7358095927280114	1.4066682437255663e-05	True	4955	32	4923	ulm	0.7045754621165956	0.00020758357219422208	True	0.031234130611415778	2.3562938370725557	0.018458310417898468	0.05845131632334515	True
NadigOConner2024_hepg2	MAX	CRISPRi	ulm	0.7284808269573656	8.092964843423875e-07	True	4968	45	4923	viper	0.7191459588778297	3.602733216010852e-06	True	0.009334868079535874	0.7822620367108105	0.4340605926560993	0.5687690524459232	False
NadigOConner2024_hepg2	POLR2H	CRISPRi	z-aggregate	0.7209141998904339	3.503297730245915e-05	True	4956	33	4923	ulm	0.6832185351380965	0.0007193791181180186	True	0.03769566475233743	3.5188650721867925	0.0004333970673371828	0.004117272139703237	True
NadigOConner2024_hepg2	POLR2C	CRISPRi	z-aggregate	0.7159147422023296	8.236306178923073e-08	True	4981	58	4923	ulm	0.6982881198035961	1.1204787193059467e-06	True	0.017626622398733582	1.8715405941664336	0.061270188705110945	0.15521781138628105	False
NadigOConner2024_hepg2	SUPT4H1	CRISPRi	z-aggregate	0.7063056788833754	0.07594396729163515	True	4930	7	4923	ulm	0.6749659034850991	0.14605159212262153	False	0.03133977539827626	1.1121080412527125	0.2660916997240309	0.41812551886160054	False
NadigOConner2024_hepg2	GTF2H1	CRISPRi	z-aggregate	0.7031862104988248	1.770886001681173e-05	True	4965	42	4923	ulm	0.6746225201435438	0.0002847848277647733	True	0.028563690355280946	2.465856884304919	0.013668593487624722	0.047218777502703584	True
NadigOConner2024_hepg2	POLR2F	CRISPRi	z-aggregate	0.7012138836821223	7.163936688521984e-09	True	5002	79	4923	ulm	0.6802094020060836	2.7845702395680516e-07	True	0.021004481676038744	2.76125767949819	0.0057579227255340724	0.027350132946286847	True
NadigOConner2024_hepg2	POLR2I	CRISPRi	z-aggregate	0.6949870104878284	3.291244645390417e-13	True	5056	133	4923	ulm	0.651230452731463	2.8196948281081442e-08	True	0.043756557756365444	6.724126995674097	1.766483166735824e-11	6.712636033596131e-10	True
NadigOConner2024_hepg2	NRF1	CRISPRi	ulm	0.6805538628207732	0.0015107966713738888	True	4953	30	4923	zscore	0.6805538628207732	0.0015107966713738888	True	0.0	0.0	1.0	1.0	False
NadigOConner2024_hepg2	POLR2K	CRISPRi	z-aggregate	0.6789815912302201	2.9094711202228124e-08	True	5014	91	4923	ulm	0.6521084034795187	3.1770580357401975e-06	True	0.026873187750701355	3.3031997140738842	0.0009558828416206715	0.006053924663597586	True
NadigOConner2024_hepg2	ATF4	CRISPRi	z-aggregate	0.6765091500009234	0.008633104327168848	True	4945	22	4923	viper	0.609273724447399	0.11407857417506612	False	0.06723542555352435	1.6640704972659317	0.09609834206032578	0.21480805872308115	False
NadigOConner2024_hepg2	NELFA	CRISPRi	z-aggregate	0.6736745886654478	0.0004212726549961848	True	4963	40	4923	ulm	0.651599634369287	0.0021173711960205833	True	0.022074954296160798	2.074196294669875	0.03806108422396789	0.10330865717934141	False
NadigOConner2024_hepg2	POLR2E	CRISPRi	z-aggregate	0.673355941033907	1.282668743119934e-10	True	5054	131	4923	ulm	0.6443628830555439	1.456608638928416e-07	True	0.028993057978363046	4.386180292396023	1.1535851471158958e-05	0.0001461207853013468	True
NadigOConner2024_hepg2	ATR	CRISPRi	z-aggregate	0.6534257566524477	6.569257823933221e-07	True	5023	100	4923	ulm	0.6425655088360757	4.5680179837668e-06	True	0.01086024781637207	1.5014931806664162	0.13322804917478975	0.2750413268447447	False
NadigOConner2024_hepg2	SRF	CRISPRi	viper	0.64939132406502	0.00218726026430998	True	4966	43	4923	ulm	0.615261066942543	0.01714854112238085	True	0.03413025712247697	2.9407090561011526	0.003274619482253064	0.01777650576080235	True
NadigOConner2024_hepg2	POLR2B	CRISPRi	z-aggregate	0.6418989185594912	6.569257823933221e-07	True	5040	117	4923	ulm	0.6194384981709784	3.988777801327666e-05	True	0.022460420388512814	3.394009971175459	0.00068877184685073	0.005234666036065548	True
NadigOConner2024_hepg2	MYBL2	CRISPRi	z-aggregate	0.6269327048308659	1.7339925847262823e-06	True	5059	136	4923	zscore	0.6086586371294403	5.598411914152672e-05	True	0.01827406770142559	0.8530658244922554	0.39362280216671675	0.5412670431409935	False
NadigOConner2024_hepg2	NFYC	CRISPRi	ulm	0.618941127323039	0.00010158330404327045	True	5029	106	4923	zscore	0.618941127323039	9.376920373224965e-05	True	0.0	0.0	1.0	1.0	False
NadigOConner2024_hepg2	NANOG	CRISPRi	zscore	0.6097109776268825	0.07492559020525835	True	4951	28	4923	ulm	0.5877803894257276	0.14605159212262153	False	0.0219305882011549	1.1088083468559096	0.267512868919473	0.41812551886160054	False
NadigOConner2024_hepg2	POLR2D	CRISPRi	z-aggregate	0.602344396387291	0.0032509472822419626	True	5005	82	4923	ulm	0.589309512839187	0.010695539475340786	True	0.013034883548104004	1.7687477227567312	0.07693598436268657	0.18272296286138062	False
NadigOConner2024_hepg2	GTF2F2	CRISPRi	z-aggregate	0.5933834382828899	0.010579653266321733	True	4998	75	4923	ulm	0.5752075292843117	0.040432379178477695	True	0.018175908998578127	2.5909313969785357	0.009571657033246654	0.03823208227989534	True
NadigOConner2024_hepg2	MCM5	CRISPRi	z-aggregate	0.5899857810278286	0.060713328761170395	True	4967	44	4923	ulm	0.5570974830572637	0.20523782460247028	False	0.03288829797056492	0.8847902026659954	0.37626979455462306	0.5412670431409935	False
NadigOConner2024_hepg2	NPM1	CRISPRi	z-aggregate	0.5890673823693389	0.05882683527367819	True	4970	47	4923	zscore	0.49339401247293424	0.7331120629995799	False	0.09567336989640463	1.3635506465703124	0.17270903413245686	0.31252110938254096	False
NadigOConner2024_hepg2	NFYB	CRISPRi	viper	0.587225972280817	0.0051651220009369956	True	5027	104	4923	ulm	0.5729698901545337	0.019350225472875113	True	0.014256082126283265	1.4321816712102964	0.15209183580417493	0.2889744880279324	False
NadigOConner2024_hepg2	NELFB	CRISPRi	ulm	0.5853261725906056	0.005337390195290636	True	5030	107	4923	zscore	0.5853261725906056	0.005337390195290636	True	0.0	0.0	1.0	1.0	False
NadigOConner2024_hepg2	NELFE	CRISPRi	z-aggregate	0.580875106266128	0.06077435742243857	True	4977	54	4923	viper	0.5711061457557497	0.11150979534506031	False	0.009768960510378344	0.8437156008993443	0.3988283475775741	0.5412670431409935	False
NadigOConner2024_hepg2	ZBTB17	CRISPRi	ulm	0.5723656115197666	0.010695539475340786	True	5050	127	4923	viper	0.5660558426540375	0.02044253933352079	True	0.006309768865729093	0.7174866201013647	0.47307388931050387	0.5854871679945262	False
NadigOConner2024_hepg2	CDK9	CRISPRi	z-aggregate	0.5695214235738306	0.07594396729163515	True	4986	63	4923	ulm	0.5598921808550084	0.14317725397944886	False	0.009629242718822262	1.485087437563311	0.13752066342237235	0.2750413268447447	False
NadigOConner2024_hepg2	TBP	CRISPRi	z-aggregate	0.5683309635046381	0.06086126571630711	True	4998	75	4923	zscore	0.488149502335974	0.7758203327691512	False	0.08018146116866409	2.181742194279178	0.029128564965336362	0.08514503605252167	True
NadigOConner2024_hepg2	CDC6	CRISPRi	ulm	0.5633516720881863	0.09959035701209064	True	4994	71	4923	zscore	0.5633516720881863	0.10302450725388686	False	0.0	0.0	1.0	1.0	False
NadigOConner2024_hepg2	ELL	CRISPRi	viper	0.5464803999288153	0.031448713541475735	True	5149	226	4923	ulm	0.5443349709418857	0.04003371529141914	True	0.0021454289869295984	0.44820254045365354	0.6540070294452502	0.7530990036036215	False
NadigOConner2024_jurkat	ACTL6A	CRISPRi	z-aggregate	0.9268238123199956	7.870749788839351e-05	True	11930	9	11921	ulm	0.8984332037767152	0.00029668655543911104	True	0.02839060854328035	1.9263228295569441	0.054064076553741784	0.39196455501462796	False
NadigOConner2024_jurkat	MYC	CRISPRi	z-aggregate	0.8937395826874752	2.2698904749419814e-46	True	12036	115	11921	ulm	0.8766976800166312	1.8689968601373594e-42	True	0.017041902670844045	1.1300457172522183	0.25845696104861104	0.576557836185363	False
NadigOConner2024_jurkat	TRRAP	CRISPRi	z-aggregate	0.8796673337567558	1.1196527124510268e-13	True	11956	35	11921	ulm	0.8709288530444474	4.5214240988337787e-13	True	0.008738480712308316	1.3302668883611677	0.18343035268108165	0.4835891116137607	False
NadigOConner2024_jurkat	MAX	CRISPRi	viper	0.8763769376465238	3.9708972385561763e-28	True	11997	76	11921	z-aggregate	0.8745226248239506	3.749300166293158e-28	True	0.0018543128225732008	0.10410272510521935	0.9170878282897146	0.9498409650143472	False
NadigOConner2024_jurkat	NRF1	CRISPRi	z-aggregate	0.7314056219908637	6.893585974161424e-12	True	12002	81	11921	ulm	0.724949539198903	2.936958420584777e-11	True	0.006456082791960638	0.5601310956637882	0.5753900217324377	0.8310858620345075	False
NadigOConner2024_jurkat	LIN52	CRISPRi	zscore	0.6734534095493747	0.031571342837803155	True	11942	21	11921	z-aggregate	0.5981920660219461	0.18794689656135666	False	0.07526134352742864	0.8937624316549668	0.3714490137841623	0.7181347599827137	False
NadigOConner2024_jurkat	CDK12	CRISPRi	viper	0.6659699503210953	0.003476708443580192	True	11957	36	11921	ulm	0.6602144674663758	0.005371826949736922	True	0.005755482854719496	0.4839946261546873	0.6283896829197999	0.8310858620345075	False
NadigOConner2024_jurkat	CDK7	CRISPRi	z-aggregate	0.664242722925929	0.051349595942093304	True	11937	16	11921	viper	0.6640697089170371	0.05454390874562475	True	0.0001730140088919141	0.014342472486612485	0.9885567549655503	0.9885567549655503	False
NadigOConner2024_jurkat	SSRP1	CRISPRi	z-aggregate	0.6489610524186187	0.06296437283239426	True	11938	17	11921	ulm	0.620225306799173	0.19280020800147674	False	0.028735745619445696	1.697107799262758	0.08967628196921917	0.433435362851226	False
NadigOConner2024_jurkat	NFYB	CRISPRi	viper	0.6460600468234057	0.04436473860982612	True	11943	22	11921	ulm	0.6366191060847548	0.09413811943775591	True	0.009440940738650871	0.48105286075671944	0.6304789298192816	0.8310858620345075	False
NadigOConner2024_jurkat	GTF2H1	CRISPRi	z-aggregate	0.6377182392781463	0.00631619144047654	True	11967	46	11921	viper	0.6236163438287567	0.014770796499018751	True	0.014101895449389557	1.3412016554822535	0.17985498903977737	0.4835891116137607	False
NadigOConner2024_jurkat	SUPT5H	CRISPRi	z-aggregate	0.6300058719906048	0.009965650759644716	True	11966	45	11921	viper	0.6284222986513063	0.01367845203227942	True	0.001583573339298483	0.11189142509944161	0.9109094956871104	0.9498409650143472	False
NadigOConner2024_jurkat	KAT5	CRISPRi	viper	0.6251276787873107	0.035250007489030975	True	11955	34	11921	ulm	0.6171708847954919	0.0848385448451114	True	0.007956793991818811	0.42576132833990316	0.6702817685926745	0.8451378821385895	False
NadigOConner2024_jurkat	ELL	CRISPRi	z-aggregate	0.6168384801391772	0.0006687903820415059	True	12013	92	11921	viper	0.5741256751877396	0.038740439130486914	True	0.04271280495143759	1.5902216105760982	0.11178486095073843	0.4371746141937528	False
NadigOConner2024_jurkat	CCNH	CRISPRi	viper	0.6023224924218441	6.0297880838320425e-06	True	12120	199	11921	z-aggregate	0.5893063168371006	0.00010658639115269732	True	0.01301617558474355	2.5121096491911823	0.012001179327596498	0.17401710025014921	False
NadigOConner2024_jurkat	POLR2F	CRISPRi	viper	0.5916470422149066	0.08587896122445003	True	11962	41	11921	z-aggregate	0.5686767152043637	0.19482328876241495	False	0.022970327010542912	1.5522605484922731	0.12059989357069043	0.4371746141937528	False
NadigOConner2024_jurkat	MNAT1	CRISPRi	viper	0.5815032946224141	0.007574965071952159	True	12050	129	11921	z-aggregate	0.5764669084392144	0.009965650759644716	True	0.0050363861831996815	0.8133161371934645	0.4160368272679348	0.7540667494231318	False
NadigOConner2024_jurkat	YY1	CRISPRi	z-aggregate	0.5796842030547256	0.05624012420689116	True	11986	65	11921	viper	0.5365424944990418	0.31247540775282195	False	0.04314170855568378	1.212425070864111	0.22534970879278038	0.5445951295825526	False
NadigOConner2024_jurkat	NELFA	CRISPRi	z-aggregate	0.5791229762603808	0.009965650759644716	True	12041	120	11921	viper	0.5766078069513183	0.014770796499018751	True	0.0025151693090624816	0.3842452439655289	0.700796687515084	0.8467959974140598	False
NadigOConner2024_jurkat	GTF2H2	CRISPRi	z-aggregate	0.5776244535786521	0.051349595942093304	True	11993	72	11921	viper	0.5336847207076215	0.31961222311495074	False	0.04393973287103059	1.975903794353657	0.04816567437949626	0.39196455501462796	False
NadigOConner2024_jurkat	GABPA	CRISPRi	z-aggregate	0.5771271985012443	0.01173989489946927	True	12041	120	11921	ulm	0.5518217151804938	0.13386735380115983	False	0.025305483320750444	2.924881774053093	0.0034458711049861926	0.09993026204459958	True
NadigOConner2024_jurkat	POLR2I	CRISPRi	viper	0.5709858014537736	0.028389598021779882	True	12036	115	11921	z-aggregate	0.5655748168194235	0.04075069913698576	True	0.005410984634350191	0.7494589852207304	0.45358061045606757	0.7737551590132918	False
NadigOConner2024_jurkat	TGS1	CRISPRi	z-aggregate	0.5655666579875958	0.015491927335203272	True	12075	154	11921	viper	0.5475745628417384	0.08587896122445003	True	0.017992095145857312	1.7446259854964588	0.08104999452005088	0.433435362851226	False
NadigOConner2024_jurkat	HDAC3	CRISPRi	viper	0.5646925593490479	0.038740439130486914	True	12041	120	11921	ulm	0.5616342309090401	0.0848385448451114	True	0.0030583284400078625	0.2571478715205165	0.7970646235788941	0.9128901801924298	False
NadigOConner2024_jurkat	GTF2F2	CRISPRi	viper	0.5620969114632495	0.06650403276269978	True	12024	103	11921	z-aggregate	0.5566720391444323	0.08372990109344276	True	0.005424872318817164	0.7018106459920059	0.48279725868869505	0.777840027887342	False
NadigOConner2024_jurkat	NELFCD	CRISPRi	z-aggregate	0.5603833729283823	0.06296437283239426	True	12027	106	11921	viper	0.5559675093738179	0.08855589421858706	True	0.004415863554564359	0.22953481420353475	0.8184532650001095	0.9128901801924298	False
NadigOConner2024_jurkat	ATR	CRISPRi	z-aggregate	0.5589495927554815	0.051349595942093304	True	12047	126	11921	viper	0.5511402447062206	0.08855589421858706	True	0.007809348049260922	1.0696776610611949	0.2847644248948211	0.589869165853558	False
NadigOConner2024_jurkat	CCNK	CRISPRi	viper	0.5509148306520033	0.02541756052691914	True	12158	237	11921	z-aggregate	0.5486308068200039	0.028987322840464274	True	0.0022840238319994377	0.48886762182135646	0.6249354198264124	0.8310858620345075	False
NadigOConner2024_jurkat	ZBTB17	CRISPRi	z-aggregate	0.5309563874278469	0.06296437283239426	True	12323	402	11921	viper	0.5002900521300886	0.6770166648554896	False	0.030666335297758307	1.3474683017118745	0.17782945574605313	0.4835891116137607	False
NormanWeissman2019_filtered	IRF1	CRISPRa	ulm	0.916396269490455	1.3818278902077855e-184	True	12184	420	11764	zscore	0.9098547222357151	7.215104736478996e-179	True	0.006541547254739988	4.66823201219674	3.0380271501232005e-06	1.0633095025431202e-05	True
NormanWeissman2019_filtered	CEBPA	CRISPRa	viper	0.8275913738859809	9.527239343071296e-123	True	12215	451	11764	zscore	0.819524747981553	3.947658893186259e-117	True	0.008066625904427971	2.067458919702648	0.038690931288148406	0.049243003457643424	True
NormanWeissman2019_filtered	TP73	CRISPRa	zscore	0.7980714208706182	1.6420211785214563e-57	True	12010	246	11764	ulm	0.7939237939642232	5.794158797610794e-56	True	0.00414762690639503	4.789257870249173	1.6739924989504087e-06	7.811964995101908e-06	True
NormanWeissman2019_filtered	SPI1	CRISPRa	zscore	0.7446658249247837	9.735691224839729e-92	True	12371	607	11764	ulm	0.7277421076895586	1.1051622663235111e-79	True	0.016923717235225122	9.76159210581222	1.6455136579593522e-22	1.1518595605715466e-21	True
NormanWeissman2019_filtered	CEBPB	CRISPRa	zscore	0.6960555862518417	5.648710436834309e-48	True	12244	480	11764	ulm	0.6958326249574974	7.201665547965143e-48	True	0.00022296129434429268	0.8658418201254457	0.38657691192276655	0.45100639724322766	False
NormanWeissman2019_filtered	ETS2	CRISPRa	viper	0.5733381325055236	7.868330829807683e-17	True	12959	1195	11764	ulm	0.5634790346835036	5.879576240535375e-13	True	0.009859097822019991	4.423960011106981	9.690796545118268e-06	2.261185860527596e-05	True
NormanWeissman2019_filtered	HNF4A	CRISPRa	zscore	0.5709285475583471	0.0002333917725904851	True	11997	233	11764	ulm	0.5686607720068354	0.0003707297373976474	True	0.002267775551511697	2.8588718992444866	0.004251504314607442	0.006613451156056021	True
NormanWeissman2019_filtered	FOXO4	CRISPRa	zscore	0.569321659299558	0.0004991208417394638	True	11978	214	11764	ulm	0.5635023849094497	0.0014276988975117665	True	0.00581927439010832	9.838925494300453	7.652373303013493e-23	1.0713322624218891e-21	True
NormanWeissman2019_filtered	EGR1	CRISPRa	zscore	0.5503114522314376	0.001985815864512531	True	12080	316	11764	ulm	0.5451500824226669	0.004861872561580795	True	0.005161369808770688	4.493208996226927	7.01578698639493e-06	1.9644203561905803e-05	True
NormanWeissman2019_filtered	JUN	CRISPRa	zscore	0.5424682273389233	0.010999535771252383	True	12029	265	11764	ulm	0.5339237712753331	0.03601617298903591	True	0.008544456063590222	3.740681132947677	0.0001835222311257563	0.0003670444622515126	True
NormanWeissman2019_filtered	AHR	CRISPRa	ulm	0.536639945254884	0.003043114539304678	True	12321	557	11764	zscore	0.536639945254884	0.00273880308537421	True	0.0	0.0	1.0	1.0	False
NormanWeissman2019_filtered	SNAI1	CRISPRa	zscore	0.5365341617466746	0.005083101730143351	True	12226	462	11764	ulm	0.5195966195201149	0.08706593756074814	True	0.016937542226559632	3.224703749383697	0.00126103087472102	0.002206804030761785	True
NormanWeissman2019_filtered	MAML2	CRISPRa	z-aggregate	0.531543873308727	0.007770166759734442	True	12385	621	11764	ulm	0.5241630761935894	0.028046995623131492	True	0.007380797115137616	2.3841218533041912	0.017119932573651724	0.023967905603112412	True
NormanWeissman2019_filtered	MAPK1	CRISPRa	viper	0.5302428383483723	0.005952780708137044	True	12521	757	11764	ulm	0.5289899956745092	0.005384833632488427	True	0.0012528426738630527	0.4484356185392646	0.6538388406422397	0.7041341360762582	False
PapalexiSatija2021_eccite_RNA	STAT1	CRISPRi	viper	0.8200293755616471	2.514017596116178e-101	True	2830	444	2386	ulm	0.8017432772252555	3.254421043942047e-90	True	0.01828609833639161	3.412510042878862	0.0006436755516528062	0.00514940441322245	True
PapalexiSatija2021_eccite_RNA	SPI1	CRISPRi	z-aggregate	0.6356436853869796	0.001271112181939878	True	2434	48	2386	viper	0.6072663453478625	0.010826348175495968	True	0.02837734003911707	0.885668169731244	0.37579636535956995	0.5010618204794266	False
PapalexiSatija2021_eccite_RNA	SMAD4	CRISPRi	zscore	0.6165568751454806	1.1435856238668064e-19	True	3045	659	2386	viper	0.6072893599105557	3.8263927204455185e-17	True	0.009267515234924972	1.6243678493982803	0.10429732448888084	0.2765364199386002	False
PapalexiSatija2021_eccite_RNA	JAK2	CRISPRi	z-aggregate	0.6129386754767393	2.9430988401608037e-25	True	3410	1024	2386	viper	0.603396112740989	1.5258145678483684e-21	True	0.00954256273575027	1.482270967815276	0.1382682099693001	0.2765364199386002	False
PapalexiSatija2021_eccite_RNA	IRF1	CRISPRi	viper	0.6019167417265519	1.5258145678483684e-21	True	3459	1073	2386	ulm	0.5975244690017647	9.850312164214363e-20	True	0.00439227272478715	1.251734296621252	0.21066669848291097	0.33706671757265755	False
PapalexiSatija2021_eccite_RNA	MYC	CRISPRi	z-aggregate	0.5835915931619462	0.0025991498740264743	True	2495	109	2386	viper	0.5690918738512885	0.012136559127367082	True	0.014499719310657744	0.6812062808760311	0.4957409743279787	0.5665611135176899	False
PapalexiSatija2021_eccite_RNA	NFKBIA	CRISPRi	ulm	0.5291130706333322	0.014167869989598136	True	3173	787	2386	zscore	0.5213001296210102	0.06945746694862455	True	0.007812941012321994	1.6502686670623605	0.09888799781220878	0.2765364199386002	False
PapalexiSatija2021_eccite_RNA	STAT3	CRISPRi	z-aggregate	0.528282799086626	0.03407258435103769	True	2879	493	2386	viper	0.5218022983971748	0.07933067140074512	True	0.006480500689451163	0.5402378844792982	0.5890329892680158	0.5890329892680158	False
ReplogleWeissman2022_K562_essential	MAX	CRISPRi	ulm	0.8711806207861064	5.1456250474803634e-64	True	10826	180	10646	viper	0.8671071033460664	1.2682754232168367e-62	True	0.00407351744003992	0.568581474620917	0.5696401997272749	0.7476527621420483	False
ReplogleWeissman2022_K562_essential	RUVBL1	CRISPRi	z-aggregate	0.82746512467382	7.405597912954735e-53	True	10837	191	10646	viper	0.8242763548091704	3.8794505460772194e-52	True	0.0031887698646496654	0.4727360957906333	0.6364014709515489	0.7745865625376936	False
ReplogleWeissman2022_K562_essential	RUVBL2	CRISPRi	ulm	0.7678604975711869	0.0022315326744080724	True	10660	14	10646	zscore	0.7678604975711869	0.0022315326744080724	True	0.0	0.0	1.0	1.0	False
ReplogleWeissman2022_K562_essential	NRF1	CRISPRi	z-aggregate	0.6692069144837688	7.850752672413988e-06	True	10715	69	10646	ulm	0.6565900780588477	3.8967780701413776e-05	True	0.012616836424921063	1.3827205820139097	0.1667505584670509	0.38908463642311875	False
ReplogleWeissman2022_K562_essential	MYC	CRISPRi	ulm	0.6527076862105261	3.8967780701413776e-05	True	10719	73	10646	zscore	0.6449113307718637	0.00010553407724814898	True	0.007796355438662417	0.8085707754235664	0.41876208049987207	0.5862669126998209	False
ReplogleWeissman2022_K562_essential	MYBL2	CRISPRi	zscore	0.6441445713691637	4.409378540676368e-06	True	10749	103	10646	ulm	0.6414023043433059	7.249135103832892e-06	True	0.002742267025857781	0.8397984261002129	0.4010214160795278	0.5862669126998209	False
ReplogleWeissman2022_K562_essential	TFDP1	CRISPRi	zscore	0.6096618563497451	1.1446300252220327e-05	True	10809	163	10646	ulm	0.6028716681515222	3.8967780701413776e-05	True	0.006790188198222968	2.439793551682229	0.014695657534730133	0.0771522020573332	True
ReplogleWeissman2022_K562_essential	ATF4	CRISPRi	viper	0.6085305905191308	0.004060779964878137	True	10718	72	10646	ulm	0.6082357484292482	0.005856847909703952	True	0.00029484208988261873	0.040589618553036645	0.9676230605320849	1.0	False
ReplogleWeissman2022_K562_essential	CHEK1	CRISPRi	z-aggregate	0.6051198726642459	1.0681195765068281e-08	True	10938	292	10646	viper	0.5731482529935998	0.00012453783153878277	True	0.0319716196706461	6.092488617375021	1.1116875130021894e-09	2.3345437773045978e-08	True
ReplogleWeissman2022_K562_essential	NELFA	CRISPRi	viper	0.6002243571056854	0.0037303511048758452	True	10733	87	10646	z-aggregate	0.5959801425606941	0.007041904285668157	True	0.004244214544991354	0.4344918121459357	0.6639313393180231	0.7745865625376936	False
ReplogleWeissman2022_K562_essential	GATA1	CRISPRi	viper	0.5920211481173345	0.0036990662209889094	True	10751	105	10646	ulm	0.5706645912169115	0.0372046871786217	True	0.02135655690042304	2.013943151290629	0.04401550238230916	0.1848651100056985	False
ReplogleWeissman2022_K562_essential	TRRAP	CRISPRi	zscore	0.5915646280014062	5.02033619953643e-09	True	11050	404	10646	viper	0.5877882828673624	2.5412029628328295e-08	True	0.0037763451340437904	0.8997824676667281	0.3682360263159792	0.5862669126998209	False
ReplogleWeissman2022_K562_essential	POLR2I	CRISPRi	viper	0.5822961113952542	0.0002462979518590744	True	10855	209	10646	z-aggregate	0.57656176545406	0.0007050218838902165	True	0.005734345941194152	0.9413608778260447	0.34651995498994603	0.5862669126998209	False
ReplogleWeissman2022_K562_essential	SUPT5H	CRISPRi	viper	0.579935297432894	4.820611448453601e-06	True	10986	340	10646	z-aggregate	0.5708211313832314	4.658753387105649e-05	True	0.009114166049662531	1.5449108676257264	0.1223678243992043	0.3650953536189257	False
ReplogleWeissman2022_K562_essential	CDK9	CRISPRi	z-aggregate	0.5707008718280557	0.015044792568188149	True	10781	135	10646	viper	0.5584145671126697	0.03946882527133997	True	0.012286304715386054	1.5724904507795074	0.11583685205065151	0.3650953536189257	False
ReplogleWeissman2022_K562_essential	ZBTB17	CRISPRi	viper	0.5678868373511414	0.007354406582599134	True	10805	159	10646	ulm	0.5624121972170136	0.021852724396756205	True	0.005474640134127795	0.8775231334014708	0.3802025594002153	0.5862669126998209	False
ReplogleWeissman2022_K562_essential	MED1	CRISPRi	viper	0.5557857371767042	0.007354406582599134	True	10884	238	10646	z-aggregate	0.5440335818715989	0.05487013692153122	True	0.011752155305105316	1.479210948741413	0.13908394423578122	0.3650953536189257	False
ReplogleWeissman2022_K562_essential	CCND1	CRISPRi	zscore	0.5537072255577373	0.07032434082708723	True	10792	146	10646	ulm	0.5497041785582855	0.09337811374816633	True	0.004003046999451865	1.0886288152381756	0.2763176044629747	0.5802669693722469	False
ReplogleWeissman2022_K562_essential	RAD51	CRISPRi	ulm	0.5446101663745658	0.0512318362828722	True	10883	237	10646	zscore	0.5446101663745658	0.0597704756633509	True	0.0	0.0	1.0	1.0	False
ReplogleWeissman2022_K562_essential	POLR2A	CRISPRi	viper	0.5444177839328096	0.007354406582599134	True	11028	382	10646	z-aggregate	0.5292780121432921	0.12336344611469795	False	0.015139771789517531	3.6944540372664503	0.00022035974736920563	0.0023137773473766595	True
ReplogleWeissman2022_K562_essential	POLR2F	CRISPRi	viper	0.5404180276705473	0.03230164220026125	True	10956	310	10646	z-aggregate	0.5266410828237775	0.22133952185581765	False	0.013776944846769723	2.9239769538193094	0.003455903322241848	0.024191323255692936	True
ReplogleWeissman2022_K562_gwps	SREBF2	CRISPRi	ulm	0.802787999674927	9.915286140692314e-45	True	74803	188	74615	zscore	0.802787999674927	9.915286140692314e-45	True	0.0	0.0	1.0	1.0	False
ReplogleWeissman2022_K562_gwps	MAX	CRISPRi	ulm	0.7255387865043748	9.403289997786597e-28	True	74824	209	74615	viper	0.7141084360643009	5.304483381174327e-25	True	0.0114303504400739	1.62016619417012	0.10519658118710624	0.36983892057664025	False
ReplogleWeissman2022_K562_gwps	LIN52	CRISPRi	zscore	0.6826268176640086	0.07020006732403046	True	74630	15	74615	viper	0.6561826263709263	0.145911515891935	False	0.026444191293082286	0.8466390545633756	0.3971963384212941	0.8440422191452499	False
ReplogleWeissman2022_K562_gwps	ATR	CRISPRi	z-aggregate	0.6822991355625545	1.2715831718279246e-06	True	74689	74	74615	viper	0.6426600694375271	0.00034657385039279744	True	0.03963906612502743	3.85261758986456	0.0001168618247301033	0.003973302040823512	True
ReplogleWeissman2022_K562_gwps	RUVBL1	CRISPRi	z-aggregate	0.6804489501132267	1.3317526627233032e-05	True	74678	63	74615	ulm	0.6642995950641866	7.929056705611811e-05	True	0.016149355049040137	2.1530079246179215	0.03131805573772369	0.2662034737706514	False
ReplogleWeissman2022_K562_gwps	MYC	CRISPRi	viper	0.6462013847956928	1.2279603829649947e-05	True	74713	98	74615	ulm	0.6395470900281308	3.263921899549966e-05	True	0.0066542947675619635	0.5779200284273942	0.5633181125877263	0.9381327511294181	False
ReplogleWeissman2022_K562_gwps	STAT5B	CRISPRi	z-aggregate	0.6433740821933545	7.184791512126826e-07	True	74741	126	74615	ulm	0.6166138558888005	7.929056705611811e-05	True	0.02676022630455399	1.8142181672083997	0.06964414429127645	0.36983892057664025	False
ReplogleWeissman2022_K562_gwps	ESRRA	CRISPRi	viper	0.6225778604680496	5.239946773237717e-08	True	74819	204	74615	zscore	0.6205965787775943	7.186684841411459e-08	True	0.0019812816904553054	0.31943306817368705	0.7493981384534826	0.9933796819984156	False
ReplogleWeissman2022_K562_gwps	LIN9	CRISPRi	zscore	0.6215640286805602	0.014187419578039708	True	74671	56	74615	ulm	0.6023685873196696	0.047492896169201645	True	0.019195441360890575	1.6114669309176723	0.10707798928226274	0.36983892057664025	False
ReplogleWeissman2022_K562_gwps	MYB	CRISPRi	viper	0.6063261760277343	1.4029565290445436e-05	True	74796	181	74615	ulm	0.5989042091946764	6.697200403577786e-05	True	0.007421966833057958	0.9342976474443893	0.3501503775237027	0.7936741890537261	False
ReplogleWeissman2022_K562_gwps	TRRAP	CRISPRi	z-aggregate	0.6011358305970649	3.190899222283009e-08	True	74923	308	74615	viper	0.5949544893222438	2.3647629870697997e-07	True	0.006181341274821062	0.6387849532773217	0.5229628380854008	0.935828236573875	False
ReplogleWeissman2022_K562_gwps	SPI1	CRISPRi	z-aggregate	0.600153389023001	0.01591248111888134	True	74697	82	74615	ulm	0.5442832556717981	0.3931165815696233	False	0.05587013335120283	1.6037183324027426	0.10877615311077654	0.36983892057664025	False
ReplogleWeissman2022_K562_gwps	TFDP1	CRISPRi	zscore	0.598092430029708	6.644876250036103e-08	True	74930	315	74615	ulm	0.5936890003605813	2.5511321163824553e-07	True	0.004403429669126768	1.6472385633941105	0.09950902022624974	0.36983892057664025	False
ReplogleWeissman2022_K562_gwps	ATF4	CRISPRi	z-aggregate	0.5925076883340956	0.011854947313357666	True	74718	103	74615	zscore	0.5731522787851424	0.06048268460115235	True	0.019355409548953206	0.7991226620783909	0.4242192902984352	0.8484385805968704	False
ReplogleWeissman2022_K562_gwps	ARNT	CRISPRi	ulm	0.5859682571249258	0.027275995463938836	True	74708	93	74615	zscore	0.585168884863446	0.029668338266010567	True	0.0007993722614798582	0.3059492505177481	0.7596432862340825	0.9933796819984156	False
ReplogleWeissman2022_K562_gwps	HIF1A	CRISPRi	zscore	0.5850763962828114	0.002022309083771781	True	74777	162	74615	ulm	0.5815890294458054	0.003352897212281677	True	0.003487366837006012	1.189470229267991	0.23425467930162414	0.6637215913546016	False
ReplogleWeissman2022_K562_gwps	POLR2I	CRISPRi	z-aggregate	0.5833322803087595	0.025161235493044345	True	74720	105	74615	viper	0.5746526135750823	0.05082750288551081	True	0.00867966673367715	0.9862986573400041	0.32398657844601997	0.7936741890537261	False
ReplogleWeissman2022_K562_gwps	CARM1	CRISPRi	viper	0.5816091635989478	0.004501482897584305	True	74770	155	74615	ulm	0.572019117491294	0.015448846101984803	True	0.009590046107653794	0.9630350634400604	0.3355299273624246	0.7936741890537261	False
ReplogleWeissman2022_K562_gwps	ATF6	CRISPRi	viper	0.5804206475128759	0.01206271234646208	True	74742	127	74615	ulm	0.5790356902968045	0.015448846101984803	True	0.0013849572160714585	0.16420566767797415	0.8695692395096812	1.0	False
ReplogleWeissman2022_K562_gwps	SP1	CRISPRi	z-aggregate	0.5746831025320843	0.0036090830749614736	True	74812	197	74615	viper	0.5656903407032582	0.010729090389696485	True	0.008992761828826135	0.5307494581210257	0.5955924081476409	0.9381327511294181	False
ReplogleWeissman2022_K562_gwps	YY1	CRISPRi	viper	0.5741727991568841	0.005757826679935997	True	74791	176	74615	ulm	0.5714536895457287	0.009239482230599288	True	0.0027191096111554014	0.33259426941358755	0.7394405696842424	0.9933796819984156	False
ReplogleWeissman2022_K562_gwps	CTDP1	CRISPRi	z-aggregate	0.5717396499671766	0.04928386579803577	True	74728	113	74615	viper	0.567916247355896	0.0723017723052668	True	0.0038234026112806685	0.5143217261954917	0.6070270742602117	0.9381327511294181	False
ReplogleWeissman2022_K562_gwps	NELFE	CRISPRi	viper	0.568576631022462	0.03416623032793491	True	74754	139	74615	z-aggregate	0.5675434617125705	0.03888087937182914	True	0.0010331693098915018	0.15288744448079566	0.8784870373551296	1.0	False
ReplogleWeissman2022_K562_gwps	NCOA6	CRISPRi	z-aggregate	0.5640292156262732	0.00372658353872964	True	74878	263	74615	viper	0.5591571333606302	0.007331520129923646	True	0.004872082265642952	0.688084409923413	0.4913996274095874	0.9281992962181096	False
ReplogleWeissman2022_K562_gwps	SUPT5H	CRISPRi	z-aggregate	0.5624054643292934	0.07270445467011358	True	74744	129	74615	viper	0.5310545555037824	0.46812808149381757	False	0.03135090882551095	3.3811556052316787	0.0007218165402305874	0.012270881183919986	True
ReplogleWeissman2022_K562_gwps	NFE2L2	CRISPRi	ulm	0.5604828045357053	0.07313741696547071	True	74754	139	74615	zscore	0.5604828045357053	0.06981298892158569	True	0.0	0.0	1.0	1.0	False
ReplogleWeissman2022_K562_gwps	RBL1	CRISPRi	ulm	0.5526479405877709	0.026695411985978138	True	74868	253	74615	viper	0.5452561621329411	0.0723017723052668	True	0.007391778454829745	1.3410808833101862	0.17989419326749367	0.5560365973722532	False
ReplogleWeissman2022_K562_gwps	FOXM1	CRISPRi	ulm	0.5472294749410611	0.07894766090674302	True	74835	220	74615	zscore	0.5472294749410611	0.07245368886700454	True	0.0	0.0	1.0	1.0	False
ReplogleWeissman2022_K562_gwps	AR	CRISPRi	zscore	0.54496356769783	0.06272659085298017	True	74880	265	74615	ulm	0.5285526330762063	0.31014135713734053	False	0.016410934621623796	2.203012213861383	0.027593887794248977	0.2662034737706514	False
ReplogleWeissman2022_K562_gwps	WT1	CRISPRi	z-aggregate	0.5434235004219763	0.06372392870153189	True	74896	281	74615	ulm	0.500786552463977	0.7755956558742291	False	0.04263694795799933	1.6262633269190565	0.1038936496949903	0.36983892057664025	False
ReplogleWeissman2022_K562_gwps	TFAP2A	CRISPRi	viper	0.5403354714959963	0.0955403448544701	True	74897	282	74615	ulm	0.5383083279035694	0.11004628619162524	False	0.002027143592426839	0.38574393544851826	0.6996863205794852	0.9933796819984156	False
ReplogleWeissman2022_K562_gwps	E2F3	CRISPRi	z-aggregate	0.5386859645748608	0.04928386579803577	True	75000	385	74615	zscore	0.5372054120241482	0.06272659085298017	True	0.001480552550712666	0.17155511632946158	0.86378729616958	1.0	False
ReplogleWeissman2022_K562_gwps	E2F6	CRISPRi	ulm	0.5386453090778276	0.09341130410247275	True	74919	304	74615	zscore	0.5376842793004087	0.10246545627019851	False	0.0009610297774188536	0.13630283879585622	0.8915818797956789	1.0	False
ReplogleWeissman2022_K562_gwps	USF2	CRISPRi	z-aggregate	0.5333730929884517	0.099867424467081	True	75020	405	74615	ulm	0.5326071032948559	0.10572344457775555	False	0.0007659896935957589	0.0871559569846649	0.9305475473166608	1.0	False
ReplogleWeissman2022_rpe1	TRRAP	CRISPRi	zscore	0.8883893367212827	2.0989801484308185e-07	True	11429	16	11413	ulm	0.8862700429334969	2.3241210403040728e-07	True	0.0021192937877858586	0.8028165572046707	0.4220807707777279	0.655335933575946	False
ReplogleWeissman2022_rpe1	RUVBL1	CRISPRi	viper	0.8651348272832544	1.7283205466538254e-38	True	11524	111	11413	ulm	0.8480379968157065	5.631659878924035e-35	True	0.017096830467547952	2.327008079359428	0.019964835241599282	0.07362032995339736	True
ReplogleWeissman2022_rpe1	RUVBL2	CRISPRi	viper	0.852396390081486	3.629002660323147e-20	True	11473	60	11413	z-aggregate	0.8395674523204533	1.5063051204072701e-18	True	0.012828937761032777	1.2936750802927346	0.1957776764688789	0.3557162981029309	False
ReplogleWeissman2022_rpe1	CDK7	CRISPRi	ulm	0.8479511667980957	0.03356988000049705	True	11416	3	11413	zscore	0.8479511667980957	0.034388657561484785	True	0.0	0.0	1.0	1.0	False
ReplogleWeissman2022_rpe1	MYC	CRISPRi	ulm	0.8123763395067641	2.330851187573432e-22	True	11499	86	11413	viper	0.8016460217744352	5.2817201944284e-21	True	0.010730317732328909	0.9808218486263851	0.32668060194530446	0.5446974353244312	False
ReplogleWeissman2022_rpe1	POLR2K	CRISPRi	z-aggregate	0.8073271707701744	5.76910629679766e-06	True	11433	20	11413	ulm	0.8013318145973889	6.903904170516989e-06	True	0.00599535617278546	0.3128173947148027	0.7544193990911607	0.8559758566611247	False
ReplogleWeissman2022_rpe1	SUPT5H	CRISPRi	z-aggregate	0.7994079433227772	0.007097529586446489	True	11420	7	11413	ulm	0.7173523926349651	0.04530713682011615	True	0.08205555068781212	1.7350960681676444	0.08272379062683138	0.1877193710378097	False
ReplogleWeissman2022_rpe1	SUPT4H1	CRISPRi	z-aggregate	0.7821398843424165	0.0001968187465509988	True	11429	16	11413	ulm	0.7677484009462893	0.00037297471442979374	True	0.01439148339612728	1.0722888897094391	0.28359029546985026	0.4921125715506225	False
ReplogleWeissman2022_rpe1	NELFE	CRISPRi	z-aggregate	0.7641740377361717	1.604874968738417e-15	True	11495	82	11413	ulm	0.7258816967386358	8.233213053030913e-12	True	0.03829234099753587	5.119280242592343	3.0670392329938073e-07	3.619106294932693e-06	True
ReplogleWeissman2022_rpe1	POLR2C	CRISPRi	z-aggregate	0.7509954535276536	0.00043796731989919436	True	11431	18	11413	ulm	0.7416980636116709	0.0006367710941456806	True	0.009297389915982723	0.5191423034220979	0.6036615100221063	0.7662879779595535	False
ReplogleWeissman2022_rpe1	ELL	CRISPRi	viper	0.749709894365219	8.651085543788999e-27	True	11577	164	11413	zscore	0.7439056446115149	1.4257489724069234e-25	True	0.005804249753704083	0.9690411266535739	0.33252466990392826	0.5446974353244312	False
ReplogleWeissman2022_rpe1	MNAT1	CRISPRi	ulm	0.7471976801268441	1.6891435985041774e-12	True	11486	73	11413	zscore	0.7471976801268441	1.6891435985041774e-12	True	0.0	0.0	1.0	1.0	False
ReplogleWeissman2022_rpe1	CCNH	CRISPRi	viper	0.7471785145971064	7.890425644926257e-11	True	11475	62	11413	ulm	0.7444142644352931	1.1987451211501496e-10	True	0.002764250161813253	0.4910080869663922	0.6234207278315012	0.7662879779595535	False
ReplogleWeissman2022_rpe1	MAX	CRISPRi	ulm	0.7460478119829073	1.5152585539491843e-14	True	11500	87	11413	viper	0.7417615121292416	3.983635019168861e-14	True	0.004286299853665687	0.7052182744863066	0.4806744104448196	0.7006059802186967	False
ReplogleWeissman2022_rpe1	LIN52	CRISPRi	z-aggregate	0.7453488711703028	2.280741579484388e-05	True	11440	27	11413	zscore	0.5159580854840646	0.5220092400848304	False	0.22939078568623816	3.7560549481747785	0.00017261281031826197	0.0010184155808777456	True
ReplogleWeissman2022_rpe1	SRF	CRISPRi	viper	0.7432447762708267	1.8263000042923923e-15	True	11508	95	11413	z-aggregate	0.7329914640276324	3.510510282344049e-14	True	0.010253312243194368	0.4912101354209971	0.6232778311146627	0.7662879779595535	False
ReplogleWeissman2022_rpe1	ATR	CRISPRi	z-aggregate	0.7381763297654345	3.80633124807749e-23	True	11568	155	11413	viper	0.7118351172827816	8.497315096934697e-19	True	0.026341212482652865	3.404604386922196	0.0006625997015948109	0.0035539438540085314	True
ReplogleWeissman2022_rpe1	GTF2H4	CRISPRi	ulm	0.7248047339500069	1.9494620011542407e-08	True	11469	56	11413	zscore	0.7248047339500069	1.9494620011542407e-08	True	0.0	0.0	1.0	1.0	False
ReplogleWeissman2022_rpe1	NELFA	CRISPRi	z-aggregate	0.7246771562792765	6.724150528649442e-08	True	11465	52	11413	ulm	0.6792456645256085	1.679551217849012e-05	True	0.04543149175366801	5.138870041692482	2.7639546273091713e-07	3.619106294932693e-06	True
ReplogleWeissman2022_rpe1	GTF2F2	CRISPRi	z-aggregate	0.7187970864401108	1.5531823800880087e-08	True	11474	61	11413	ulm	0.709018907113401	5.050882857213663e-08	True	0.009778179326709768	1.2845203057170282	0.1989599633457071	0.3557162981029309	False
ReplogleWeissman2022_rpe1	SUPT16H	CRISPRi	z-aggregate	0.6965635074340514	0.000442240653325971	True	11442	29	11413	ulm	0.6488366261099714	0.00668332743394263	True	0.047726881324079984	2.3876329181823053	0.01695726962468182	0.06669859385708184	True
ReplogleWeissman2022_rpe1	GTF2H1	CRISPRi	z-aggregate	0.693876327548917	0.004124948830414947	True	11432	19	11413	ulm	0.6426881626215719	0.03356988000049705	True	0.051188164927345126	2.8787229170070225	0.003992889791181255	0.016827178405692433	True
ReplogleWeissman2022_rpe1	ERCC3	CRISPRi	ulm	0.6929093063211669	0.0019014829924786536	True	11436	23	11413	zscore	0.6929093063211669	0.001962821153526352	True	0.0	0.0	1.0	1.0	False
ReplogleWeissman2022_rpe1	POLR2H	CRISPRi	z-aggregate	0.6924033996319986	0.01096586916727911	True	11428	15	11413	ulm	0.6763398463740179	0.020104453830658092	True	0.0160635532579807	0.6953088282544632	0.4868617828638401	0.7006059802186967	False
ReplogleWeissman2022_rpe1	HDAC3	CRISPRi	ulm	0.6919762922744952	8.632464621290747e-07	True	11472	59	11413	viper	0.6684779622405018	1.8221614199317095e-05	True	0.023498330033993375	1.947736113810798	0.051446546549054235	0.1319715759301826	False
ReplogleWeissman2022_rpe1	NELFB	CRISPRi	z-aggregate	0.6912407810814649	1.9344655462594375e-14	True	11558	145	11413	ulm	0.6494638600265276	2.15975828424171e-09	True	0.041776921054937355	7.575355272485607	3.5814617248372714e-14	2.11306241765399e-12	True
ReplogleWeissman2022_rpe1	POLR2B	CRISPRi	z-aggregate	0.6876102385151943	0.0023714761974906293	True	11436	23	11413	ulm	0.6792673495899032	0.0036210168722336684	True	0.008342888925291114	0.46714545177936107	0.640395817328259	0.7710888412728016	False
ReplogleWeissman2022_rpe1	YBX1	CRISPRi	z-aggregate	0.6829477576991755	0.0010289880321848652	True	11442	29	11413	viper	0.4054118564129834	0.9999993961427562	False	0.2775359012861921	3.151863084238408	0.001622323246525752	0.007362851657309182	True
ReplogleWeissman2022_rpe1	POLR2I	CRISPRi	z-aggregate	0.6799766883082425	9.535916563612961e-13	True	11555	142	11413	ulm	0.6494811328322163	2.9668216735949506e-09	True	0.030495555476026226	5.125048399765252	2.9746132383799325e-07	3.619106294932693e-06	True
ReplogleWeissman2022_rpe1	NRF1	CRISPRi	z-aggregate	0.6772746735351445	1.9183518711424012e-05	True	11466	53	11413	ulm	0.6341279143776792	0.0011749230444617414	True	0.04314675915746524	4.18400373131836	2.864194055053033e-05	0.0002112343115601612	True
ReplogleWeissman2022_rpe1	CHEK1	CRISPRi	zscore	0.673711795958357	1.722358615643582e-05	True	11468	55	11413	ulm	0.6722350111117306	2.052988746822575e-05	True	0.0014767848466263889	0.49920507659389096	0.6176349185808017	0.7662879779595535	False
ReplogleWeissman2022_rpe1	GTF2H2	CRISPRi	ulm	0.672869229978019	9.369669425216348e-05	True	11459	46	11413	viper	0.6726311338328909	9.59589526262935e-05	True	0.0002380961451281527	0.0293752081869915	0.976565345270772	1.0	False
ReplogleWeissman2022_rpe1	CTDP1	CRISPRi	z-aggregate	0.6665790472852595	0.009373149968005045	True	11434	21	11413	ulm	0.6564694396114705	0.014930141573840096	True	0.01010960767378899	0.5530872119418233	0.5802036928954944	0.7662879779595535	False
ReplogleWeissman2022_rpe1	POLR2E	CRISPRi	viper	0.6582341916470946	1.9865878972882917e-06	True	11495	82	11413	ulm	0.6565159969482811	2.338491331567983e-06	True	0.0017181946988135133	0.3289114513044112	0.7422226185724211	0.8559758566611247	False
ReplogleWeissman2022_rpe1	NELFCD	CRISPRi	ulm	0.6562144046263033	1.0967673966680477e-07	True	11517	104	11413	zscore	0.640980427178184	1.7639203376490654e-06	True	0.015233977448119274	4.658055153859042	3.1921070100749786e-06	2.6904901942060533e-05	True
ReplogleWeissman2022_rpe1	BRCA1	CRISPRi	z-aggregate	0.6511622085090937	0.04859669179374973	True	11427	14	11413	viper	0.3954888535629796	0.9899569824621623	False	0.2556733549461141	2.2675619022862366	0.023355921949780725	0.0800721154132103	True
ReplogleWeissman2022_rpe1	RBBP4	CRISPRi	z-aggregate	0.6339213567374435	0.0010289880321848652	True	11467	54	11413	viper	0.5482393372080571	0.18176899919956288	False	0.08568201952938648	1.6533786101478953	0.09825383331383658	0.19989572984539167	False
ReplogleWeissman2022_rpe1	LIN54	CRISPRi	z-aggregate	0.6317302977480731	3.0401483875035414e-08	True	11574	161	11413	viper	0.45700799948625653	0.9999993961427562	False	0.17472229826181657	5.049646652853423	4.426280237823304e-07	4.352508900526249e-06	True
ReplogleWeissman2022_rpe1	CDK12	CRISPRi	ulm	0.6312387737667572	0.0004913940362762609	True	11477	64	11413	zscore	0.6312387737667572	0.0005110497977273113	True	0.0	0.0	1.0	1.0	False
ReplogleWeissman2022_rpe1	CDK9	CRISPRi	viper	0.6306907976933386	0.020912097155940414	True	11440	27	11413	ulm	0.6181190390425473	0.034887087330866595	True	0.012571758650791298	1.6844563029237942	0.09209351755474532	0.19989572984539167	False
ReplogleWeissman2022_rpe1	GTF2H3	CRISPRi	z-aggregate	0.6270627062706271	0.0006175042840304369	True	11479	66	11413	ulm	0.6147415626518404	0.0018423489558652406	True	0.012321143618786667	1.5817298349195146	0.11371125874082592	0.22363214219029098	False
ReplogleWeissman2022_rpe1	CLOCK	CRISPRi	viper	0.6211716610735273	1.9592528758067238e-26	True	12128	715	11413	zscore	0.6140051309419573	1.874365524325658e-23	True	0.007166530131569981	1.9956436784842388	0.04597272161244864	0.12994815052639233	False
ReplogleWeissman2022_rpe1	TFDP1	CRISPRi	zscore	0.612825693570364	1.3956005898367628e-06	True	11580	167	11413	ulm	0.5975122391683818	2.840091537247349e-05	True	0.015313454401982174	2.2503177657138	0.024428780973521788	0.0800721154132103	True
ReplogleWeissman2022_rpe1	NFYB	CRISPRi	viper	0.6098120397902902	0.0012421926950982646	True	11492	79	11413	ulm	0.5547116490522134	0.08447821335126059	True	0.05510039073807682	5.903506057905592	3.558565514083659e-09	1.0497768266546794e-07	True
ReplogleWeissman2022_rpe1	NF1	CRISPRi	ulm	0.6095221405832113	0.0033996785501296824	True	11476	63	11413	viper	0.6037072733822054	0.005524898502879356	True	0.00581486720100588	0.5388173895255322	0.5900128634728993	0.7662879779595535	False
ReplogleWeissman2022_rpe1	POLR2F	CRISPRi	ulm	0.6082116429089179	0.0015499383417889355	True	11490	77	11413	zscore	0.6082116429089179	0.001603384491505795	True	0.0	0.0	1.0	1.0	False
ReplogleWeissman2022_rpe1	ERCC2	CRISPRi	ulm	0.5922175346888859	0.0026760047196495006	True	11507	94	11413	zscore	0.5897819023099824	0.003606104804928069	True	0.0024356323789035406	1.8237379330477914	0.06819170117922886	0.16598208645057863	False
ReplogleWeissman2022_rpe1	GABPB1	CRISPRi	viper	0.5907079646017699	0.030872871884461903	True	11461	48	11413	z-aggregate	0.5680820847571483	0.08966991690980106	True	0.02262587984462161	1.3654087940952204	0.17212460143206798	0.32759198337071	False
ReplogleWeissman2022_rpe1	YY1	CRISPRi	viper	0.5888348456166875	0.005524898502879356	True	11499	86	11413	ulm	0.579457534146088	0.012875490625362217	True	0.009377311470599503	0.9510284830352419	0.34158991706786357	0.5446974353244312	False
ReplogleWeissman2022_rpe1	GABPA	CRISPRi	z-aggregate	0.5883530302574571	0.013563569530000253	True	11480	67	11413	ulm	0.5611289038030735	0.07784007947815597	True	0.027224126454383657	3.196226769390787	0.001392376317686854	0.006845850228627031	True
ReplogleWeissman2022_rpe1	ELOB	CRISPRi	z-aggregate	0.5871550650640286	0.0009224630700022449	True	11545	132	11413	ulm	0.5779308019297504	0.0026760047196495006	True	0.009224263134278154	1.9930795990965975	0.04625273154329219	0.12994815052639233	False
ReplogleWeissman2022_rpe1	KAT5	CRISPRi	ulm	0.5840469002652477	0.08447821335126059	True	11446	33	11413	zscore	0.5803748516444565	0.09812936311361563	True	0.0036720486207912906	0.7115203479003168	0.4767618462045904	0.7006059802186967	False
ReplogleWeissman2022_rpe1	NPM1	CRISPRi	z-aggregate	0.5707241232458293	0.09138390025258689	True	11456	43	11413	zscore	0.3280327003682052	0.9999999911216608	False	0.24269142287762413	3.8275500672091938	0.0001294250634195018	0.000848453193527845	True
ReplogleWeissman2022_rpe1	CDC6	CRISPRi	z-aggregate	0.570697888372908	0.026821847615545766	True	11497	84	11413	ulm	0.5595571883357742	0.05764051773152807	True	0.011140700037133855	1.6667876634944971	0.09555663413633454	0.19989572984539167	False
ReplogleWeissman2022_rpe1	NFYC	CRISPRi	viper	0.5689821347102668	0.012237058026144818	True	11529	116	11413	ulm	0.553632125495125	0.04598658398506749	True	0.015350009215141847	1.9627886051134968	0.049670742396707324	0.1319715759301826	False
ReplogleWeissman2022_rpe1	TGS1	CRISPRi	z-aggregate	0.5628863771332886	0.07535099881002869	True	11476	63	11413	viper	0.5190627785913864	0.42466618064737643	False	0.04382359854190221	1.809770447720451	0.0703313925638045	0.16598208645057863	False
ReplogleWeissman2022_rpe1	STAT5A	CRISPRi	z-aggregate	0.5533099374213155	0.06773912353985526	True	11508	95	11413	viper	0.5405654678183235	0.15361089269773864	False	0.012744469602992026	0.4023284369478503	0.6874423291252028	0.8111819483677393	False
ReplogleWeissman2022_rpe1	DNMT1	CRISPRi	ulm	0.5475163034634689	0.07784007947815597	True	11525	112	11413	zscore	0.5417905333516917	0.11114357103817583	False	0.0057257701117772175	0.5665560598303118	0.5710158353469675	0.7662879779595535	False
ReplogleWeissman2022_rpe1	MYBL2	CRISPRi	zscore	0.5355496892669415	0.0006730072506122809	True	12301	888	11413	ulm	0.5333396679778	0.0014067760846929627	True	0.002210021289141495	2.1302437322136885	0.03315149628708658	0.10294412004937412	False
SunshineHein2023	IRF9	CRISPRi	viper	0.7800471608231707	9.711141889814708e-33	True	3236	164	3072	zscore	0.778689500762195	1.981532549156012e-32	True	0.0013576600609757072	0.12470789969749908	0.9007548031744697	1.0	False
SunshineHein2023	SREBF2	CRISPRi	zscore	0.6785249255952381	9.919257064612584e-07	True	3142	70	3072	ulm	0.6703404017857143	2.509512088925986e-06	True	0.008184523809523836	1.8497683257395652	0.06434694790056172	0.45042863530393207	False
SunshineHein2023	ATF4	CRISPRi	viper	0.672550567208904	8.16628382015064e-12	True	3218	146	3072	z-aggregate	0.6648774168807077	7.430975875184117e-11	True	0.0076731503281963764	0.43287718181789525	0.6651039979067777	0.9311455970694887	False
SunshineHein2023	STAT1	CRISPRi	viper	0.6247586935116087	9.299531816608331e-09	True	3273	201	3072	ulm	0.6186256218905473	5.281749127436583e-08	True	0.00613307162106147	0.6305200512620347	0.5283543881442452	0.9311455970694887	False
SunshineHein2023	RELA	CRISPRi	viper	0.5913849914965986	0.00042186134975490846	True	3219	147	3072	zscore	0.5735854237528344	0.004823676319806319	True	0.017799567743764233	1.3206381712370348	0.18662203888243845	0.6531771360885346	False
SunshineHein2023	JAK1	CRISPRi	ulm	0.5507477678571429	0.03755726620902578	True	3247	175	3072	zscore	0.5507477678571429	0.03755726620902578	True	0.0	0.0	1.0	1.0	False
SunshineHein2023	ATF6	CRISPRi	viper	0.5505088283096926	0.06687723456354687	True	3213	141	3072	zscore	0.5453028036347518	0.09294338041387398	True	0.005206024674940801	0.5238397055675322	0.6003900343303575	0.9311455970694887	False
TianKampmann2021_CRISPRa	SPI1	CRISPRa	ulm	0.6406840042750267	0.016402231094285076	True	436	35	401	zscore	0.6292839330245814	0.014892546917404116	True	0.011400071250445287	0.8233364553360532	0.4103166880284774	0.4103166880284774	False
TianKampmann2021_CRISPRa	TP53	CRISPRa	zscore	0.5854114713216958	0.014892546917404116	True	509	108	401	ulm	0.5188186940057264	0.5482655930353233	False	0.06659277731596935	3.212086073389642	0.0013177488841651524	0.0039532466524954575	True
TianKampmann2021_CRISPRa	PPARGC1A	CRISPRa	z-aggregate	0.584032875557585	0.01160771470092008	True	543	142	401	zscore	0.5746549120157354	0.014892546917404116	True	0.00937796354184961	0.9320884628226099	0.3512908099137928	0.4103166880284774	False
WesselsSatija2023	MYB	CRISPRi	z-aggregate	0.7081662413415968	0.010564237607346011	True	435	13	422	ulm	0.6073641997812614	0.14996184955576125	False	0.10080204156033534	1.4936446936238241	0.13526851118119756	0.3381712779529939	False
WesselsSatija2023	SUPT5H	CRISPRi	viper	0.6122250577226881	0.004529796649756975	True	500	78	422	z-aggregate	0.6083363713695467	0.003066642019499133	True	0.003888686353141435	0.3869241590979514	0.6988123551392084	0.6988123551392084	False
WesselsSatija2023	HDAC3	CRISPRi	ulm	0.6103912473530302	0.003240956297607838	True	516	94	422	viper	0.594232126651205	0.005667295750329628	True	0.016159120701825236	1.012564593024636	0.31126817918124094	0.516757698011433	False
WesselsSatija2023	EP300	CRISPRi	z-aggregate	0.6030341046371155	0.002463156915813945	True	524	102	422	viper	0.5802434717963014	0.011849340929673269	True	0.022790632840814062	0.8179142402912445	0.4134061584091464	0.516757698011433	False
WesselsSatija2023	SUPT16H	CRISPRi	z-aggregate	0.5986577909627003	0.002463156915813945	True	553	131	422	ulm	0.5901378387178466	0.003631460535211317	True	0.00851995224485369	1.5215763747664997	0.12811526095016496	0.3381712779529939	False
