Dataset	TF	Top_Method	Top_ROC_AUC	Top_MWU_Adjusted_P_Value	Top_MWU_Significant_FDR_BH	Top_N_Cells	Top_N_Pos	Top_N_Control	Second_Method	Second_ROC_AUC	Second_MWU_Adjusted_P_Value	Second_MWU_Significant_FDR_BH	AUC_Diff	DeLong_Z	DeLong_P_Value	DeLong_P_Value_FDR_BH	DeLong_Significant_FDR_BH
FrangiehIzar2021_RNA	STAT1	ulm	0.684074026875197	1.1713496824871354e-62	True	56968	707	56261	zscore	0.6797277198182737	9.032040671745448e-60	True	0.004346307056923293	2.4798788728146577	0.013142702069027946	0.05914215931062576	True
FrangiehIzar2021_RNA	MYC	z-aggregate	0.6189287668429526	8.12170506538235e-08	True	56446	185	56261	zscore	0.61372435516514	1.940361419511954e-07	True	0.005204411677812604	0.6141743066815818	0.5391001498203478	0.8086502247305217	False
FrangiehIzar2021_RNA	JAK2	zscore	0.5918427858253686	1.5237173104060315e-24	True	57348	1087	56261	ulm	0.591041748564856	3.923897638671709e-24	True	0.0008010372605126159	3.325095831603941	0.0008838814849725276	0.00795493336475275	True
FrangiehIzar2021_RNA	SMAD4	ulm	0.585956382542375	4.277628338138422e-13	True	56889	628	56261	zscore	0.5856096138368752	5.360189604813571e-13	True	0.00034676870549987804	0.3263524656964519	0.7441576972516438	0.8371774094080994	False
FrangiehIzar2021_RNA	JAK1	ulm	0.5513511072761708	7.928950630647309e-08	True	57251	990	56261	zscore	0.5513511072761708	7.928950630647309e-08	True	0.0	0.0	1.0	1.0	False
FrangiehIzar2021_RNA	TP53	ulm	0.5488920447284469	0.00014594938485477758	True	56809	548	56261	z-aggregate	0.5469747554314439	0.00027524302905136374	True	0.0019172892970029665	0.3374573836062478	0.735772132876378	0.8371774094080994	False
FrangiehIzar2021_RNA	CDKN2A	z-aggregate	0.5340472095733007	0.000905990785940061	True	57126	865	56261	viper	0.5314775386763159	0.002293628110950302	True	0.002569670896984788	0.7628550889850139	0.4455498227881297	0.8019896810186334	False
FrangiehIzar2021_RNA	SMAD3	ulm	0.5291336682751785	0.011772148821637993	True	56972	711	56261	zscore	0.5280565355795651	0.013770914225483908	True	0.0010771326956133809	1.0486357585017176	0.29434579152225093	0.6622780309250647	False
FrangiehIzar2021_RNA	STAT3	ulm	0.5268473761090761	0.04084206434228116	True	56789	528	56261	zscore	0.5243109024336251	0.06611412056562935	True	0.0025364736754509565	1.3809408604824305	0.1672971451361056	0.5018914354083168	False
GasperiniShendure2019_lowMOI	MAX	ulm	0.7482685937970491	0.06697257438627742	True	378	9	369	zscore	0.7434507678410117	0.04095105386694521	True	0.004817825956037414	0.358118458909291	0.7202546657156994	0.7202546657156994	False
GasperiniShendure2019_lowMOI	BTF3	zscore	0.7000903342366758	0.04095105386694521	True	384	15	369	z-aggregate	0.6794941282746161	0.08184343795999877	True	0.020596205962059688	0.9422807855722221	0.3460489028478475	0.692097805695695	False
NadigOConner2024_hepg2	RUVBL2	ulm	0.9467103742461493	1.4607466079916256e-15	True	4952	29	4923	zscore	0.9467103742461493	1.4607466079916256e-15	True	0.0	0.0	1.0	1.0	False
NadigOConner2024_hepg2	RUVBL1	ulm	0.8734285778770848	1.7365828300088603e-16	True	4968	45	4923	zscore	0.8728598189902272	1.451838710670094e-16	True	0.0005687588868575899	0.384998409260111	0.7002385940933167	0.8735763333563776	False
NadigOConner2024_hepg2	MYC	zscore	0.857556368068251	2.9020909744566325e-17	True	4975	52	4923	ulm	0.8462749417959655	1.7365828300088603e-16	True	0.011281426272285455	1.3093951121223053	0.19040054632443892	0.38080109264887785	False
NadigOConner2024_hepg2	POLR2A	z-aggregate	0.7856997765590088	1.3456403026713224e-05	True	4945	22	4923	ulm	0.7324247964101712	0.000494492981748419	True	0.05327498014883758	2.0356457431315538	0.04178594095879052	0.12915345217504295	False
NadigOConner2024_hepg2	KAT5	viper	0.755433678651229	0.04615166157184099	True	4929	6	4923	z-aggregate	0.7496783803913603	0.04928917164871523	True	0.005755298259868757	0.11463614910247875	0.9087335257367605	0.965529371095308	False
NadigOConner2024_hepg2	TRRAP	z-aggregate	0.7496743974859902	0.0009289851276037145	True	4940	17	4923	ulm	0.7455640391439938	0.0013042431061899536	True	0.004110358341996356	0.23542336640274247	0.813880151894151	0.9223975054800378	False
NadigOConner2024_hepg2	SUPT5H	z-aggregate	0.7475116798699979	0.0009816956460125144	True	4940	17	4923	ulm	0.6163506231255451	0.12493977353296955	False	0.13116105674445278	5.170916798259117	2.329482759073037e-07	3.960120690424163e-06	True
NadigOConner2024_hepg2	POLR2G	z-aggregate	0.7358095927280114	1.4066682437255663e-05	True	4955	32	4923	ulm	0.7107899146861669	0.00012349106440574337	True	0.025019678041844462	1.4017031672299547	0.16100390446160817	0.3518850695027405	False
NadigOConner2024_hepg2	MAX	ulm	0.7330760376464215	7.881744824325031e-07	True	4968	45	4923	z-aggregate	0.7271898345633871	6.059863723615837e-07	True	0.005886203083034336	0.35923966771926674	0.7194158039405463	0.8735763333563776	False
NadigOConner2024_hepg2	POLR2H	z-aggregate	0.7209141998904339	3.503297730245914e-05	True	4956	33	4923	ulm	0.6669128826350033	0.0022092258730851628	True	0.05400131725543067	3.1970107962678025	0.0013885972914627915	0.009442461581946981	True
NadigOConner2024_hepg2	POLR2C	z-aggregate	0.7159147422023296	8.236306178923075e-08	True	4981	58	4923	ulm	0.6909720033341038	3.090134367496219e-06	True	0.024942738868225844	1.901545694500386	0.05723057327127936	0.13898853508739273	False
NadigOConner2024_hepg2	SUPT4H1	z-aggregate	0.7063056788833754	0.08258454355760486	True	4930	7	4923	ulm	0.685151330489539	0.11957459341500506	False	0.021154348393836342	0.554911539648705	0.5789551684175515	0.7989195921921385	False
NadigOConner2024_hepg2	GTF2H1	z-aggregate	0.7031862104988248	1.770886001681173e-05	True	4965	42	4923	ulm	0.6558380004449474	0.0013109156193988705	True	0.04734821005387735	2.8356209048361793	0.00457366996791144	0.022214968415569854	True
NadigOConner2024_hepg2	POLR2F	z-aggregate	0.7012138836821223	5.969947240434988e-09	True	5002	79	4923	ulm	0.6714234656751955	1.2330197852503475e-06	True	0.029790418006926833	2.54454628737972	0.010941980863271621	0.04650341866890439	True
NadigOConner2024_hepg2	POLR2I	z-aggregate	0.6949870104878284	1.6456223226952084e-13	True	5056	133	4923	ulm	0.6309542900517595	1.572251182941592e-06	True	0.06403272043606889	7.0607958089950165	1.6555171664334126e-12	5.628758365873603e-11	True
NadigOConner2024_hepg2	SRF	ulm	0.6847214545866814	0.0001020738503466821	True	4966	43	4923	zscore	0.6820949600593323	0.00012349106440574337	True	0.002626494527349088	0.6059492352790543	0.5445484636578704	0.7989195921921385	False
NadigOConner2024_hepg2	POLR2K	z-aggregate	0.6789815912302201	2.909471120222812e-08	True	5014	91	4923	ulm	0.6374965680267326	3.03316644282894e-05	True	0.04148502320348746	3.880093087966347	0.00010441649484010282	0.000887540206140874	True
NadigOConner2024_hepg2	NELFA	z-aggregate	0.6736745886654478	0.0003964919105846446	True	4963	40	4923	ulm	0.6490605321958155	0.0025767546635966083	True	0.02461405646963233	1.940243277209095	0.05235013129552097	0.13691572800367025	False
NadigOConner2024_hepg2	POLR2E	z-aggregate	0.673355941033907	1.0261349944959474e-10	True	5054	131	4923	ulm	0.6361602262630773	8.958650449841588e-07	True	0.03719571477082961	4.350034058733047	1.3611638893302579e-05	0.00015426524079076255	True
NadigOConner2024_hepg2	NRF1	z-aggregate	0.6711625702484936	0.002714610929126955	True	4953	30	4923	viper	0.6489538899045297	0.00947585583525682	True	0.022208680343963838	1.1361937121356742	0.2558755015294142	0.48332039177778235	False
NadigOConner2024_hepg2	ATR	z-aggregate	0.6534257566524477	6.059863723615837e-07	True	5023	100	4923	ulm	0.6412837700589071	6.3390916709848355e-06	True	0.012141986593540599	1.3865042812956156	0.16559297388364258	0.3518850695027405	False
NadigOConner2024_hepg2	POLR2B	z-aggregate	0.6418989185594912	6.059863723615837e-07	True	5040	117	4923	ulm	0.6140807755676739	9.807595330948815e-05	True	0.027818142991817285	3.007727398888064	0.002632091225512561	0.014915183611237844	True
NadigOConner2024_hepg2	NFYC	viper	0.6154745342424277	0.00017811651183893262	True	5029	106	4923	ulm	0.5948493593797309	0.0020451899775918137	True	0.02062517486269677	2.293373798203102	0.021826493796890948	0.07421007890942923	True
NadigOConner2024_hepg2	NANOG	zscore	0.609420794521343	0.0787937474699843	True	4951	28	4923	ulm	0.5967107744987087	0.11199052971960372	False	0.012710020022634327	0.7790930543462841	0.4359249013010086	0.7268546376853401	False
NadigOConner2024_hepg2	MYBL2	zscore	0.6090141114337265	5.726348497092709e-05	True	5059	136	4923	viper	0.6056684709227993	0.00011462133458038607	True	0.003345640510927228	0.5425482519401574	0.5874408766118666	0.7989195921921385	False
NadigOConner2024_hepg2	POLR2D	z-aggregate	0.602344396387291	0.003096140268801869	True	5005	82	4923	ulm	0.5799433222851424	0.025218473040606884	True	0.022401074102148533	1.9992291000888391	0.045583571355897516	0.12915345217504295	False
NadigOConner2024_hepg2	GTF2F2	z-aggregate	0.5933834382828899	0.010579653266321735	True	4998	75	4923	ulm	0.5700155731599973	0.06187315035746288	True	0.023367865122892573	2.3782359144567704	0.017395692454265668	0.06571706038278141	True
NadigOConner2024_hepg2	NFYB	viper	0.587225972280817	0.0051651220009369956	True	5027	104	4923	ulm	0.5794582727855123	0.01120381656488164	True	0.007767699495304647	0.7219622180885906	0.470317706737573	0.7268546376853401	False
NadigOConner2024_hepg2	NELFB	viper	0.5848572692359533	0.0056381403351876	True	5030	107	4923	ulm	0.5838568155197519	0.006332243847387064	True	0.0010004537162013882	0.1972429126155195	0.8436374507594463	0.9252797847039088	False
NadigOConner2024_hepg2	NELFE	z-aggregate	0.580875106266128	0.06077435742243858	True	4977	54	4923	ulm	0.5722007809149796	0.10810894316411851	False	0.008674325351148426	0.7280321043077247	0.4665939339768158	0.7268546376853401	False
NadigOConner2024_hepg2	CDK9	z-aggregate	0.5695214235738306	0.08258454355760486	True	4986	63	4923	ulm	0.5625263986019623	0.11948372224494606	False	0.006995024971868324	0.7363324845339612	0.46152838162905985	0.7268546376853401	False
NadigOConner2024_hepg2	ZBTB17	viper	0.5660558426540375	0.020442539333520783	True	5050	127	4923	z-aggregate	0.5630872923334309	0.025068174319809268	True	0.002968550320606611	0.2998522573627107	0.7642898526025609	0.8960639651202438	False
NadigOConner2024_hepg2	SP1	z-aggregate	0.5599294063645069	0.0964102251713083	True	5000	77	4923	viper	0.5583228471711104	0.1140785741750661	False	0.001606559193396584	0.06893290512915161	0.945043026300006	0.9736806937636426	False
NadigOConner2024_hepg2	ELL	z-aggregate	0.5494612609406092	0.021222640678995403	True	5149	226	4923	viper	0.5464803999288153	0.031448713541475735	True	0.002980861011793956	0.49968377140459824	0.6172977613000934	0.8072355340078144	False
NadigOConner2024_jurkat	ACTL6A	ulm	0.9316518934839545	6.228879601677207e-05	True	11930	9	11921	zscore	0.9316518934839545	6.228879601677207e-05	True	0.0	0.0	1.0	1.0	False
NadigOConner2024_jurkat	MYC	ulm	0.9226173759861114	2.1339346081233512e-53	True	12036	115	11921	z-aggregate	0.9109696808336039	1.670002265679695e-50	True	0.01164769515250752	3.0935987564017804	0.001977447273036668	0.01911532363935446	True
NadigOConner2024_jurkat	MAX	ulm	0.8834156000688745	1.7283650287080144e-29	True	11997	76	11921	viper	0.8763769376465238	3.970897238556177e-28	True	0.007038662422350739	0.982616033185969	0.3257964503672035	0.8068984517753006	False
NadigOConner2024_jurkat	TRRAP	ulm	0.8812995074718084	8.596926759802482e-14	True	11956	35	11921	zscore	0.8812995074718084	8.596926759802482e-14	True	0.0	0.0	1.0	1.0	False
NadigOConner2024_jurkat	NRF1	ulm	0.7334613365147716	4.309377605448255e-12	True	12002	81	11921	zscore	0.7334613365147716	4.309377605448255e-12	True	0.0	0.0	1.0	1.0	False
NadigOConner2024_jurkat	LIN52	zscore	0.6837713358978353	0.018922631661768493	True	11942	21	11921	z-aggregate	0.5913693721763514	0.2019633952994577	False	0.0924019637214839	3.7830773824331985	0.00015490123018430436	0.0022524160354129253	True
NadigOConner2024_jurkat	MYB	ulm	0.6744723274376827	0.07702686998619364	True	11934	13	11921	zscore	0.660244042510631	0.1001303641882763	False	0.014228284927051749	1.1765432099032125	0.23937787613130157	0.7713287119786384	False
NadigOConner2024_jurkat	CDK12	viper	0.6659699503210953	0.003476708443580193	True	11957	36	11921	ulm	0.661593919227507	0.004845794157890003	True	0.004376031093588306	0.39533848865137444	0.6925930981528814	1.0	False
NadigOConner2024_jurkat	CDK7	z-aggregate	0.664242722925929	0.05134959594209332	True	11937	16	11921	viper	0.6640697089170371	0.054543908745624745	True	0.0001730140088919141	0.014342472486612485	0.9885567549655503	1.0	False
NadigOConner2024_jurkat	SSRP1	z-aggregate	0.6489610524186187	0.07120297817291037	True	11938	17	11921	ulm	0.6317126968227103	0.11112476171866074	False	0.017248355595908427	0.9663101381812456	0.3338890145277106	0.8068984517753006	False
NadigOConner2024_jurkat	NFYB	viper	0.6460600468234057	0.04436473860982613	True	11943	22	11921	ulm	0.6323943232340179	0.07702686998619364	True	0.01366572358938778	0.8754887003245005	0.38130805582807925	0.8221148564516225	False
NadigOConner2024_jurkat	GTF2H1	z-aggregate	0.6377182392781463	0.007105715370536107	True	11967	46	11921	viper	0.6236163438287567	0.014770796499018747	True	0.014101895449389557	1.3412016554822481	0.17985498903977903	0.651974335269199	False
NadigOConner2024_jurkat	KAT5	ulm	0.631263662247048	0.034464258557742246	True	11955	34	11921	z-aggregate	0.6273284416526446	0.028987322840464267	True	0.003935220594403432	0.2594613384549316	0.7952793082730492	1.0	False
NadigOConner2024_jurkat	SUPT5H	z-aggregate	0.6300058719906048	0.010871619010521505	True	11966	45	11921	viper	0.6284222986513063	0.013678452032279418	True	0.001583573339298483	0.11189142509944186	0.9109094956871102	1.0	False
NadigOConner2024_jurkat	NFYC	ulm	0.6275438302155859	0.0955789839979001	True	11941	20	11921	zscore	0.6275438302155859	0.1001303641882763	False	0.0	0.0	1.0	1.0	False
NadigOConner2024_jurkat	HSF1	ulm	0.6272465606912172	0.04682894272008301	True	11953	32	11921	zscore	0.6163912423454408	0.0743730116164995	True	0.010855318345776355	2.0077032290702945	0.044674837302555497	0.2591140563548219	False
NadigOConner2024_jurkat	CCNH	viper	0.6023224924218441	6.029788083832046e-06	True	12120	199	11921	z-aggregate	0.5893063168371006	0.00010658639115269731	True	0.01301617558474355	2.512109649191162	0.012001179327597188	0.08700855012507962	True
NadigOConner2024_jurkat	POLR2F	viper	0.5916470422149066	0.08587896122445003	True	11962	41	11921	z-aggregate	0.5686767152043637	0.19482328876241498	False	0.022970327010542912	1.5522605484922762	0.12059989357068968	0.49962813050714294	False
NadigOConner2024_jurkat	MNAT1	viper	0.5815032946224141	0.00757496507195216	True	12050	129	11921	z-aggregate	0.5764669084392144	0.010871619010521505	True	0.0050363861831996815	0.8133161371934623	0.4160368272679359	0.8221148564516225	False
NadigOConner2024_jurkat	NELFA	z-aggregate	0.5791229762603808	0.010871619010521505	True	12041	120	11921	viper	0.5766078069513183	0.014770796499018747	True	0.0025151693090624816	0.3842452439655327	0.7007966875150812	1.0	False
NadigOConner2024_jurkat	GABPA	z-aggregate	0.5771271985012443	0.012718219474425044	True	12041	120	11921	ulm	0.5289971478902776	0.34200044708944344	False	0.048130050610966646	3.7823751093697466	0.00015533903692502933	0.0022524160354129253	True
NadigOConner2024_jurkat	ELL	viper	0.5741256751877396	0.0387404391304869	True	12013	92	11921	z-aggregate	0.5725359522654577	0.04090330634964516	True	0.0015897229222818776	0.19825510661795853	0.8428454741923135	1.0	False
NadigOConner2024_jurkat	HDAC3	ulm	0.573778066716998	0.026289637243985007	True	12041	120	11921	viper	0.5646925593490479	0.0387404391304869	True	0.009085507367950107	0.7645926110755303	0.4445141704073694	0.8221148564516225	False
NadigOConner2024_jurkat	POLR2I	viper	0.5709858014537736	0.028389598021779882	True	12036	115	11921	z-aggregate	0.5655748168194235	0.04075069913698576	True	0.005410984634350191	0.7494589852207304	0.45358061045606757	0.8221148564516225	False
NadigOConner2024_jurkat	TGS1	z-aggregate	0.5655666579875958	0.01668361405329583	True	12075	154	11921	ulm	0.5501439672650141	0.07702686998619364	True	0.015422690722581622	1.7967235624980225	0.07237951637845313	0.3498343291625235	False
NadigOConner2024_jurkat	GTF2F2	viper	0.5620969114632495	0.06650403276269978	True	12024	103	11921	z-aggregate	0.5566720391444323	0.09410255764659725	True	0.005424872318817164	0.7018106459920047	0.48279725868869583	0.8235953236454223	False
NadigOConner2024_jurkat	ATR	z-aggregate	0.5589495927554815	0.05134959594209332	True	12047	126	11921	viper	0.5511402447062206	0.08855589421858706	True	0.007809348049260922	1.0696776610612013	0.28476442489481824	0.8068984517753006	False
NadigOConner2024_jurkat	NELFCD	viper	0.5559675093738179	0.08855589421858706	True	12027	106	11921	z-aggregate	0.5555148437908052	0.09410255764659725	True	0.0004526655830127124	0.061005144645340674	0.9513551118546395	1.0	False
NadigOConner2024_jurkat	CCNK	viper	0.5509148306520033	0.025417560526919136	True	12158	237	11921	z-aggregate	0.5486308068200039	0.028987322840464267	True	0.0022840238319994377	0.488867621821354	0.6249354198264141	1.0	False
NormanWeissman2019_filtered	IRF1	z-aggregate	0.9178903353248814	6.635307740478895e-186	True	12184	420	11764	ulm	0.870507682841923	2.2134916799679815e-146	True	0.047382652482958365	9.009386245989697	2.0721287318695345e-19	9.669934082057828e-19	True
NormanWeissman2019_filtered	CEBPA	zscore	0.8485248693635588	8.598461474712931e-139	True	12215	451	11764	ulm	0.8479937288476777	1.1290911833962006e-138	True	0.0005311405158811011	1.091291647318321	0.2751445719369432	0.3501840006470186	False
NormanWeissman2019_filtered	TP73	zscore	0.8241693688613186	9.62992889530667e-68	True	12010	246	11764	ulm	0.8200327995289474	3.6753898415955113e-66	True	0.004136569332371276	3.9505893547336477	7.795898514438413e-05	0.00013642822400267225	True
NormanWeissman2019_filtered	SPI1	zscore	0.7435961890827123	5.966612299656849e-91	True	12371	607	11764	ulm	0.7211381776811057	3.26936528472342e-75	True	0.022458011401606637	9.79295588999945	1.207142866980758e-22	1.6900000137730613e-21	True
NormanWeissman2019_filtered	CEBPB	zscore	0.7335869318825797	1.9953568890103908e-67	True	12244	480	11764	ulm	0.7317747294004308	2.5921840688785174e-66	True	0.0018122024821489724	5.669770503164264	1.4298892508649995e-08	4.003689902421998e-08	True
NormanWeissman2019_filtered	JUN	zscore	0.5945061043285238	1.5584316960744164e-07	True	12029	265	11764	ulm	0.572262996157128	5.652289442203938e-05	True	0.022243108171395853	7.575501802943475	3.5774214235464965e-14	1.252097498241274e-13	True
NormanWeissman2019_filtered	ETS2	viper	0.5733381325055236	7.868330829807683e-17	True	12959	1195	11764	ulm	0.5638139334385168	4.4324583718157134e-13	True	0.009524199067006744	4.863936353808424	1.150739300634933e-06	2.685058368148177e-06	True
NormanWeissman2019_filtered	SNAI1	zscore	0.552488441514283	0.00011230948353247294	True	12226	462	11764	z-aggregate	0.5279482786283194	0.0329857538747303	True	0.024540162885963612	4.54354483335351	5.531603364173584e-06	1.1063206728347168e-05	True
NormanWeissman2019_filtered	FOXO4	zscore	0.5510709848198369	0.0075100948530748635	True	11978	214	11764	ulm	0.5441347275229037	0.019393334323425458	True	0.006936257296933146	9.026635247207627	1.7703131083451997e-19	9.669934082057828e-19	True
NormanWeissman2019_filtered	MAML2	ulm	0.5478652632201411	5.652289442203938e-05	True	12385	621	11764	zscore	0.5478652632201411	5.652289442203938e-05	True	0.0	0.0	1.0	1.0	False
NormanWeissman2019_filtered	HNF4A	viper	0.5474288328544348	0.0115701897978513	True	11997	233	11764	z-aggregate	0.5425116708719262	0.023010681125363627	True	0.004917161982508578	0.39949624924124455	0.6895275868729807	0.7425681704785946	False
NormanWeissman2019_filtered	EGR1	zscore	0.5449849142847305	0.005012563083543238	True	12080	316	11764	viper	0.5425958943612567	0.009643093371651526	True	0.002389019923473845	0.4095667025607309	0.6821238268800147	0.7425681704785946	False
NormanWeissman2019_filtered	MAPK1	viper	0.5302428383483723	0.005952780708137045	True	12521	757	11764	ulm	0.5240938366473719	0.019393334323425458	True	0.006149001701000412	3.254631265411584	0.0011353967649719088	0.0015895554709606722	True
NormanWeissman2019_filtered	AHR	z-aggregate	0.5288087168533523	0.021355298415479472	True	12321	557	11764	viper	0.5043051954751037	0.44979486234483973	False	0.024503521378248627	3.5868330234248202	0.00033471850703035	0.0005206732331583222	True
PapalexiSatija2021_eccite_RNA	STAT1	viper	0.8200293755616471	2.514017596116178e-101	True	2830	444	2386	z-aggregate	0.7933799264478224	2.387279229523312e-85	True	0.02664944911382472	4.503471225603165	6.685242307631906e-06	5.348193846105525e-05	True
PapalexiSatija2021_eccite_RNA	SMAD4	zscore	0.6107694479812055	4.714733708847278e-18	True	3045	659	2386	ulm	0.6082624108513623	2.6410738491902467e-17	True	0.002507037129843126	2.550930578533187	0.01074357233958037	0.04297428935832148	True
PapalexiSatija2021_eccite_RNA	SPI1	viper	0.6072663453478625	0.010826348175495968	True	2434	48	2386	ulm	0.5984300782341436	0.01614183939132645	True	0.008836267113718876	0.5446995485560406	0.5859601753863932	0.5859601753863932	False
PapalexiSatija2021_eccite_RNA	JAK2	viper	0.603396112740989	1.5258145678483693e-21	True	3410	1024	2386	zscore	0.5947191953059514	4.030313986447513e-18	True	0.008676917435037623	1.9399087668247297	0.052390778460777145	0.13970874256207239	False
PapalexiSatija2021_eccite_RNA	IRF1	viper	0.6019167417265519	1.5258145678483693e-21	True	3459	1073	2386	z-aggregate	0.5957976359456257	4.412636798395474e-19	True	0.006119105780926115	1.6583062764452432	0.09725566281883184	0.19451132563766368	False
PapalexiSatija2021_eccite_RNA	MYC	z-aggregate	0.5789006205926005	0.00527264145300706	True	2495	109	2386	ulm	0.5725601175050179	0.010297240542148598	True	0.006340503087582605	0.6564700529333579	0.5115217299333426	0.5859601753863932	False
PapalexiSatija2021_eccite_RNA	NFKBIA	z-aggregate	0.5262213611590696	0.022626419218303922	True	3173	787	2386	ulm	0.5231677585577026	0.03638101620493866	True	0.0030536026013670003	0.6097833013033989	0.5420053646317959	0.5859601753863932	False
PapalexiSatija2021_eccite_RNA	STAT3	viper	0.5218022983971748	0.07933067140074514	True	2879	493	2386	z-aggregate	0.5142174857051529	0.19973780856355108	False	0.007584812692021936	0.9340695584934486	0.3502680134910656	0.560428821585705	False
ReplogleWeissman2022_K562_essential	MAX	ulm	0.8805393783789425	2.8582519247851298e-67	True	10826	180	10646	zscore	0.877662972008266	2.918752196548067e-66	True	0.002876406370676432	0.7033323402432479	0.4818486609030569	0.7227729913545854	False
ReplogleWeissman2022_K562_essential	RUVBL1	ulm	0.8338470905179832	3.1397327309978846e-55	True	10837	191	10646	zscore	0.8338470905179832	3.1397327309978846e-55	True	0.0	0.0	1.0	1.0	False
ReplogleWeissman2022_K562_essential	RUVBL2	viper	0.7669547247792597	0.0020978973700728626	True	10660	14	10646	z-aggregate	0.7480945224229085	0.003885211709518615	True	0.01886020235635122	0.8726390900996358	0.38285982695755816	0.6700046971757269	False
ReplogleWeissman2022_K562_essential	GATA1	ulm	0.7133848617410519	6.17322761921927e-13	True	10751	105	10646	z-aggregate	0.6193571473300948	0.00011977686959501859	True	0.09402771441095703	6.219559062632639	4.985539319214607e-10	5.234816285175337e-09	True
ReplogleWeissman2022_K562_essential	NRF1	z-aggregate	0.6692069144837688	1.0117622181269094e-05	True	10715	69	10646	ulm	0.6545548848720483	5.970088957329456e-05	True	0.014652029611720518	1.248354305354629	0.21190133506789066	0.44499280364257043	False
ReplogleWeissman2022_K562_essential	MYC	ulm	0.6660009933629969	7.524459850660187e-06	True	10719	73	10646	zscore	0.6606700310618948	2.067846409649758e-05	True	0.005330962301102082	0.5444295762182424	0.5861458977454078	0.7303101967782134	False
ReplogleWeissman2022_K562_essential	MYBL2	zscore	0.6504088321608552	1.8263698438992152e-06	True	10749	103	10646	ulm	0.642210301877363	6.26716805378333e-06	True	0.008198530283492156	2.6688076177019697	0.0076121037059824065	0.03197083556512611	True
ReplogleWeissman2022_K562_essential	ATF4	z-aggregate	0.613776431419208	0.0027573904852817676	True	10718	72	10646	viper	0.6085305905191308	0.004060779964878136	True	0.005245840900077181	0.47631771709303405	0.6338480451314408	0.7394893859866809	False
ReplogleWeissman2022_K562_essential	CHEK1	z-aggregate	0.6051198726642459	1.0681195765068281e-08	True	10938	292	10646	viper	0.5731482529935998	0.00012453783153878277	True	0.0319716196706461	6.092488617375057	1.1116875130019342e-09	7.78181259101354e-09	True
ReplogleWeissman2022_K562_essential	TFDP1	zscore	0.602117330856141	5.696327212039501e-05	True	10809	163	10646	viper	0.588935156958632	0.00040584359852237833	True	0.013182173897509086	1.7572857938205797	0.07886910799859109	0.23660732399577328	False
ReplogleWeissman2022_K562_essential	NELFA	viper	0.6002243571056854	0.003730351104875846	True	10733	87	10646	ulm	0.597469018637403	0.007062088709553538	True	0.0027553384682824644	0.38172331131516374	0.7026666071895158	0.7766315132094648	False
ReplogleWeissman2022_K562_essential	TRRAP	viper	0.5877882828673624	2.54120296283283e-08	True	11050	404	10646	z-aggregate	0.5551171545860204	0.000614822607727487	True	0.032671128281342	6.328741558277601	2.4716868679624743e-10	5.190542422721196e-09	True
ReplogleWeissman2022_K562_essential	POLR2I	viper	0.5822961113952542	0.00024629795185907434	True	10855	209	10646	z-aggregate	0.57656176545406	0.000614822607727487	True	0.005734345941194152	0.9413608778260419	0.3465199549899475	0.6615380958898996	False
ReplogleWeissman2022_K562_essential	SUPT5H	viper	0.579935297432894	4.820611448453601e-06	True	10986	340	10646	z-aggregate	0.5708211313832314	4.658753387105649e-05	True	0.009114166049662531	1.5449108676257264	0.1223678243992043	0.3212155390479113	False
ReplogleWeissman2022_K562_essential	ZBTB17	ulm	0.5718662455677687	0.007062088709553538	True	10805	159	10646	viper	0.5678868373511414	0.007354406582599134	True	0.003979408216627234	0.6065894341210457	0.5441234139158316	0.7303101967782134	False
ReplogleWeissman2022_K562_essential	CDK9	z-aggregate	0.5707008718280557	0.012035834054550517	True	10781	135	10646	ulm	0.5677639315061821	0.020873877796422365	True	0.002936940321873638	0.5370928308769722	0.5912034926299823	0.7303101967782134	False
ReplogleWeissman2022_K562_essential	MED1	viper	0.5557857371767042	0.007354406582599134	True	10884	238	10646	z-aggregate	0.5440335818715989	0.045187171582437485	True	0.011752155305105316	1.4792109487414078	0.13908394423578263	0.32452920321682616	False
ReplogleWeissman2022_K562_essential	CCND1	zscore	0.5549682303984518	0.05725992886461966	True	10792	146	10646	ulm	0.5507116956912237	0.08426910996898224	True	0.004256534707228088	0.7691608999976959	0.44179779877906333	0.7136733672584868	False
ReplogleWeissman2022_K562_essential	RAD51	ulm	0.5506186432415338	0.020873877796422365	True	10883	237	10646	zscore	0.5506186432415338	0.020873877796422365	True	0.0	0.0	1.0	1.0	False
ReplogleWeissman2022_K562_essential	POLR2A	viper	0.5444177839328096	0.007354406582599134	True	11028	382	10646	z-aggregate	0.5292780121432921	0.10429356160926079	False	0.015139771789517531	3.6944540372664743	0.00022035974736918512	0.001156888673688222	True
ReplogleWeissman2022_K562_essential	POLR2F	viper	0.5404180276705473	0.03230164220026126	True	10956	310	10646	ulm	0.5291786101701078	0.1698166197384382	False	0.011239417500439441	2.4178679283599935	0.015611742064272217	0.054641097224952764	True
ReplogleWeissman2022_K562_gwps	SREBF2	ulm	0.8151585942590405	1.7525926461999392e-48	True	74803	188	74615	zscore	0.8151585942590405	1.7525926461999392e-48	True	0.0	0.0	1.0	1.0	False
ReplogleWeissman2022_K562_gwps	MAX	ulm	0.7374979119287621	8.787583998574034e-31	True	74824	209	74615	z-aggregate	0.7317864238978591	2.569851587355145e-29	True	0.005711488030903045	1.5215812132840836	0.12811404780533173	0.6286359597189439	False
ReplogleWeissman2022_K562_gwps	ATR	z-aggregate	0.6822991355625545	1.5894789647849053e-06	True	74689	74	74615	viper	0.6426600694375271	0.0003465738503927974	True	0.03963906612502743	3.85261758986456	0.0001168618247301033	0.003505854741903099	True
ReplogleWeissman2022_K562_gwps	RUVBL1	z-aggregate	0.6804489501132267	1.3317526627233034e-05	True	74678	63	74615	ulm	0.6747566609122597	2.944475051475373e-05	True	0.005692289200966982	0.7336074478047898	0.4631880204253854	0.9443843250080941	False
ReplogleWeissman2022_K562_gwps	LIN52	zscore	0.6720855949429293	0.09873561626635273	True	74630	15	74615	z-aggregate	0.6685152672608278	0.09951314216135795	True	0.003570327682101526	0.13930364803944847	0.8892102072719066	0.9880113414132295	False
ReplogleWeissman2022_K562_gwps	MYC	ulm	0.6521671108971632	4.1591092690476144e-06	True	74713	98	74615	zscore	0.6471135502381613	8.6946031263407e-06	True	0.005053560659001866	0.48146836528385206	0.6301836580267272	0.9452754870400908	False
ReplogleWeissman2022_K562_gwps	STAT5B	z-aggregate	0.632974666781542	5.397747279071537e-06	True	74741	126	74615	ulm	0.6158137699449768	0.00010994200871670254	True	0.017160896836565187	3.228805578643594	0.0012430837354744327	0.009323128016058245	True
ReplogleWeissman2022_K562_gwps	ESRRA	viper	0.6225778604680496	5.239946773237717e-08	True	74819	204	74615	zscore	0.621237253193846	7.891236299527956e-08	True	0.001340607274203598	0.20737590026184793	0.8357163023097751	0.9880113414132295	False
ReplogleWeissman2022_K562_gwps	MYB	ulm	0.6141416175779684	3.0453254879316334e-06	True	74796	181	74615	zscore	0.6085780302051451	8.6946031263407e-06	True	0.005563587372823253	0.9796217747156732	0.3272728524357277	0.8181821310893191	False
ReplogleWeissman2022_K562_gwps	LIN9	zscore	0.6111852748872785	0.02633757982905339	True	74671	56	74615	z-aggregate	0.6024564191420723	0.04463071995212281	True	0.00872885574520621	0.6678430695013415	0.5042337708393763	0.9443843250080941	False
ReplogleWeissman2022_K562_gwps	TRRAP	viper	0.5949544893222438	2.3647629870697992e-07	True	74923	308	74615	z-aggregate	0.5743378781641866	8.138644944853981e-05	True	0.02061661115805724	3.6311785285758442	0.00028212992923468355	0.004231948938520253	True
ReplogleWeissman2022_K562_gwps	ATF6	ulm	0.5936575206796463	0.0026614947137308313	True	74742	127	74615	zscore	0.5936575206796463	0.0024397034875865953	True	0.0	0.0	1.0	1.0	False
ReplogleWeissman2022_K562_gwps	ARNT	zscore	0.5876299772524046	0.024282406198155526	True	74708	93	74615	ulm	0.5855362185383175	0.028546323658340055	True	0.002093758714087124	0.6167664637282559	0.5373887751616229	0.9443843250080941	False
ReplogleWeissman2022_K562_gwps	HIF1A	zscore	0.5870907696545973	0.0012861465613137394	True	74777	162	74615	ulm	0.5817799684470819	0.0027468326296719017	True	0.00531080120751537	1.358307686723329	0.17436607221364264	0.6286359597189439	False
ReplogleWeissman2022_K562_gwps	TFDP1	zscore	0.5867854988943242	2.8604665132785294e-06	True	74930	315	74615	z-aggregate	0.5780680721885574	2.6973582631372903e-05	True	0.008717426705766806	1.2548166692830731	0.20954531990631464	0.6286359597189439	False
ReplogleWeissman2022_K562_gwps	CARM1	ulm	0.5842200716365515	0.002685199052121494	True	74770	155	74615	zscore	0.5842200716365515	0.002478645278881379	True	0.0	0.0	1.0	1.0	False
ReplogleWeissman2022_K562_gwps	POLR2I	z-aggregate	0.5833322803087595	0.02348381979350806	True	74720	105	74615	viper	0.5746526135750823	0.05082750288551081	True	0.00867966673367715	0.9862986573400068	0.32398657844601864	0.8181821310893191	False
ReplogleWeissman2022_K562_gwps	YY1	z-aggregate	0.5769328004970973	0.0038929057101053533	True	74791	176	74615	viper	0.5741727991568841	0.005757826679935996	True	0.0027600013402131474	0.3324140990624607	0.7395765937641727	0.9880113414132295	False
ReplogleWeissman2022_K562_gwps	SP1	ulm	0.5729119803145147	0.0032252400744789272	True	74812	197	74615	viper	0.5656903407032582	0.010729090389696487	True	0.007221639611256547	1.2764685233212558	0.20178994685635654	0.6286359597189439	False
ReplogleWeissman2022_K562_gwps	CTDP1	z-aggregate	0.5717396499671766	0.04463071995212281	True	74728	113	74615	viper	0.567916247355896	0.07230177230526681	True	0.0038234026112806685	0.5143217261954887	0.607027074260214	0.9452754870400908	False
ReplogleWeissman2022_K562_gwps	NELFE	viper	0.568576631022462	0.03416623032793491	True	74754	139	74615	ulm	0.5678303540910487	0.03544314337287757	True	0.000746276931413381	0.14671150071001626	0.8833597405843829	0.9880113414132295	False
ReplogleWeissman2022_K562_gwps	ATF4	viper	0.5665161420860091	0.09554034485447012	True	74718	103	74615	z-aggregate	0.5553805326891637	0.17376485158709748	False	0.011135609396845436	1.3148090069549665	0.18857409962095928	0.6286359597189439	False
ReplogleWeissman2022_K562_gwps	NCOA6	z-aggregate	0.5640292156262732	0.003387803217026946	True	74878	263	74615	ulm	0.5593051173463577	0.006642249326470743	True	0.00472409827991549	0.7195329494073943	0.47181260813127435	0.9443843250080941	False
ReplogleWeissman2022_K562_gwps	SUPT5H	z-aggregate	0.5624054643292934	0.06397992010969994	True	74744	129	74615	viper	0.5310545555037824	0.46812808149381757	False	0.03135090882551095	3.3811556052316742	0.0007218165402305991	0.007218165402305991	True
ReplogleWeissman2022_K562_gwps	RBL1	z-aggregate	0.5462011977691014	0.056716789155597504	True	74868	253	74615	viper	0.5452561621329411	0.07230177230526681	True	0.0009450356361602186	0.1709478418479339	0.8642647779391908	0.9880113414132295	False
ReplogleWeissman2022_K562_gwps	TFAP2A	ulm	0.544458812922886	0.05560062302398939	True	74897	282	74615	z-aggregate	0.5431823312388939	0.05728720923335768	True	0.0012764816839920812	0.20173419801443887	0.8401245260550512	0.9880113414132295	False
ReplogleWeissman2022_K562_gwps	AR	zscore	0.5433451971693687	0.07904163830547249	True	74880	265	74615	z-aggregate	0.5292601897286575	0.24995438426963953	False	0.014085007440711172	1.2658343856030436	0.20557238156335755	0.6286359597189439	False
ReplogleWeissman2022_K562_gwps	E2F6	ulm	0.5412803267298447	0.06908773766018664	True	74919	304	74615	z-aggregate	0.5384271276764584	0.08929772170116544	True	0.002853199053386324	0.5730208231176859	0.5666305950048565	0.9443843250080941	False
ReplogleWeissman2022_K562_gwps	E2F3	z-aggregate	0.5371445802739778	0.05728720923335768	True	75000	385	74615	zscore	0.5347274450403847	0.09115934367663324	True	0.002417135233593104	0.6860107502657808	0.4927063293512527	0.9443843250080941	False
ReplogleWeissman2022_K562_gwps	USF2	zscore	0.5347086236094255	0.08124228471790747	True	75020	405	74615	ulm	0.5343813137893864	0.08269726097322873	True	0.00032730982003914555	0.34527799933159425	0.7298853848099209	0.9880113414132295	False
ReplogleWeissman2022_rpe1	TRRAP	zscore	0.9196858845176553	1.8426081445659693e-08	True	11429	16	11413	ulm	0.9167944449312189	2.3386545893093762e-08	True	0.0028914395864364506	1.2754853475414871	0.20213750710474732	0.4285315150620643	False
ReplogleWeissman2022_rpe1	RUVBL1	zscore	0.8859266696820364	5.507614769431048e-43	True	11524	111	11413	ulm	0.8858193162057177	5.818535822285416e-43	True	0.0001073534763186279	0.09068378746780414	0.9277438532728063	1.0	False
ReplogleWeissman2022_rpe1	RUVBL2	ulm	0.8769444201057275	5.582303417738158e-23	True	11473	60	11413	zscore	0.8769444201057275	5.582303417738158e-23	True	0.0	0.0	1.0	1.0	False
ReplogleWeissman2022_rpe1	CDK7	ulm	0.8598674026694705	0.02628406004706694	True	11416	3	11413	zscore	0.8598674026694705	0.026925134682361254	True	0.0	0.0	1.0	1.0	False
ReplogleWeissman2022_rpe1	MYC	ulm	0.837767621174548	3.45029518950501e-26	True	11499	86	11413	zscore	0.8239991523334265	3.8196611198438774e-24	True	0.013768468841121484	2.152735921920349	0.0313394386451258	0.13841585401597226	False
ReplogleWeissman2022_rpe1	POLR2K	z-aggregate	0.8073271707701744	4.554557602734995e-06	True	11433	20	11413	ulm	0.8029922018750548	6.0910456034423606e-06	True	0.004334968895119529	0.18507988729896685	0.8531663766792079	1.0	False
ReplogleWeissman2022_rpe1	SUPT5H	z-aggregate	0.7994079433227772	0.006742653107124164	True	11420	7	11413	ulm	0.7089033808564169	0.05377663609339395	True	0.0905045624663603	1.3192893853023424	0.18707238510698943	0.4217037445697989	False
ReplogleWeissman2022_rpe1	SRF	ulm	0.7893519393858341	1.685508080633268e-21	True	11508	95	11413	zscore	0.7855677044183226	5.839980004792569e-21	True	0.0037842349675115683	1.7160072017346584	0.08616072431478622	0.25369546603798165	False
ReplogleWeissman2022_rpe1	SUPT4H1	z-aggregate	0.7821398843424165	0.00017221640323212395	True	11429	16	11413	ulm	0.7659357749934286	0.00038604920099839736	True	0.01620410934898797	0.958416958328243	0.3378525472651114	0.6886994232711886	False
ReplogleWeissman2022_rpe1	ELL	ulm	0.7724845223568331	7.759296423996051e-32	True	11577	164	11413	zscore	0.7692287143672278	2.896372486314618e-31	True	0.0032558079896052305	0.6018406007263599	0.5472802463918631	1.0	False
ReplogleWeissman2022_rpe1	NELFE	z-aggregate	0.7641740377361717	1.0699166458256112e-15	True	11495	82	11413	ulm	0.7209440240376294	2.0215138346112602e-11	True	0.04323001369854229	4.4196134297104575	9.88776125192284e-06	8.734189105865175e-05	True
ReplogleWeissman2022_rpe1	MAX	ulm	0.7564130840914425	8.578790011976265e-16	True	11500	87	11413	z-aggregate	0.744860418296941	1.8016341180944305e-14	True	0.011552665794501427	1.652502675496277	0.0984321201705909	0.2707745077448003	False
ReplogleWeissman2022_rpe1	CCNH	ulm	0.7547321532039016	1.8853641088094228e-11	True	11475	62	11413	zscore	0.7547321532039016	1.8853641088094228e-11	True	0.0	0.0	1.0	1.0	False
ReplogleWeissman2022_rpe1	MNAT1	ulm	0.7516518653926249	5.611516646914916e-13	True	11486	73	11413	zscore	0.7516518653926249	5.611516646914916e-13	True	0.0	0.0	1.0	1.0	False
ReplogleWeissman2022_rpe1	POLR2C	z-aggregate	0.7509954535276536	0.0003730832725067212	True	11431	18	11413	ulm	0.7413573215728653	0.0006258020338357071	True	0.009638131954788354	0.4447484881892825	0.6565015241063796	1.0	False
ReplogleWeissman2022_rpe1	ATR	z-aggregate	0.7381763297654345	2.537554165384993e-23	True	11568	155	11413	ulm	0.7181301458721379	5.908082783556837e-20	True	0.0200461838932966	2.889606784744726	0.0038572397594275527	0.022714856361073368	True
ReplogleWeissman2022_rpe1	NELFA	z-aggregate	0.7246771562792765	5.537535729476012e-08	True	11465	52	11413	ulm	0.6816299226927458	1.2701936222570922e-05	True	0.04304723358653073	3.76175089094529	0.00016872805413942982	0.0011178233586737227	True
ReplogleWeissman2022_rpe1	GTF2H4	ulm	0.7236093552465234	2.3386545893093762e-08	True	11469	56	11413	zscore	0.7236093552465234	2.050910968005457e-08	True	0.0	0.0	1.0	1.0	False
ReplogleWeissman2022_rpe1	GTF2F2	z-aggregate	0.7187970864401108	1.0354549200586723e-08	True	11474	61	11413	ulm	0.7095546780849563	4.35345252847897e-08	True	0.009242408355154441	0.8257759797969745	0.4089311823036633	0.7740483093605056	False
ReplogleWeissman2022_rpe1	SUPT16H	z-aggregate	0.6965635074340514	0.0003948577261839028	True	11442	29	11413	ulm	0.6470842384818281	0.007006238870952915	True	0.04947926895222332	1.8122062255096982	0.06995433749858126	0.2428272858327796	False
ReplogleWeissman2022_rpe1	GTF2H1	z-aggregate	0.693876327548917	0.00391341299295777	True	11432	19	11413	ulm	0.6409588327253777	0.034625951559395594	True	0.05291749482353936	1.7678706539907496	0.07708252978384653	0.2428272858327796	False
ReplogleWeissman2022_rpe1	ERCC3	ulm	0.6936940712155094	0.001875918582389996	True	11436	23	11413	zscore	0.6936940712155094	0.0020769098590746383	True	0.0	0.0	1.0	1.0	False
ReplogleWeissman2022_rpe1	POLR2H	z-aggregate	0.6924033996319986	0.0104436849212182	True	11428	15	11413	ulm	0.6486521218493531	0.04679358684076837	True	0.04375127778264554	1.564464612051006	0.1177084973081868	0.28357047078790454	False
ReplogleWeissman2022_rpe1	NELFB	z-aggregate	0.6912407810814649	1.3817611044710272e-14	True	11558	145	11413	ulm	0.6480577200228413	3.121704705129868e-09	True	0.04318306105862357	5.5669649320488475	2.5921453586751836e-08	6.869185200489237e-07	True
ReplogleWeissman2022_rpe1	POLR2B	z-aggregate	0.6876102385151943	0.002243288294923569	True	11436	23	11413	ulm	0.6838921291128728	0.0030673780192265543	True	0.0037181094023215344	0.15793296382677977	0.8745096226458655	1.0	False
ReplogleWeissman2022_rpe1	HDAC3	ulm	0.6833242496291028	2.8274873550802195e-06	True	11472	59	11413	viper	0.6684779622405018	1.8221614199317088e-05	True	0.014846287388600943	1.594861310507875	0.11074325306031296	0.27949487677126605	False
ReplogleWeissman2022_rpe1	GTF2H2	ulm	0.6808006887645287	4.3417545417785854e-05	True	11459	46	11413	z-aggregate	0.6779902018674356	6.061049557644073e-05	True	0.0028104868970930674	0.1835890927273674	0.8543358204230526	1.0	False
ReplogleWeissman2022_rpe1	NELFCD	z-aggregate	0.6803703940850176	8.365476199379457e-10	True	11517	104	11413	viper	0.622693251285646	3.3886007098061255e-05	True	0.05767714279937164	5.486799086402345	4.092821838906967e-08	7.230651915402309e-07	True
ReplogleWeissman2022_rpe1	POLR2I	z-aggregate	0.6799766883082425	6.675141594529073e-13	True	11555	142	11413	ulm	0.6435908890652247	1.317472021840746e-08	True	0.03638579924301788	4.752692701585714	2.007253075890588e-06	2.6596103255550293e-05	True
ReplogleWeissman2022_rpe1	CHEK1	zscore	0.6775574902623005	1.1915578858694858e-05	True	11468	55	11413	ulm	0.6753606334084734	1.4134146739248655e-05	True	0.0021968568538270894	0.51694584984938	0.6051939599501137	1.0	False
ReplogleWeissman2022_rpe1	NRF1	z-aggregate	0.6772746735351445	1.7356516929383628e-05	True	11466	53	11413	viper	0.619475639332175	0.0036225190022895677	True	0.0577990342029695	4.46331878681655	8.069985073324786e-06	8.554184177724272e-05	True
ReplogleWeissman2022_rpe1	POLR2E	ulm	0.6732000094030555	1.6186702109566215e-07	True	11495	82	11413	zscore	0.6732000094030555	1.5287440881256982e-07	True	0.0	0.0	1.0	1.0	False
ReplogleWeissman2022_rpe1	CTDP1	ulm	0.6667459413450827	0.009103458435843571	True	11434	21	11413	zscore	0.6667459413450827	0.009582587827203759	True	0.0	0.0	1.0	1.0	False
ReplogleWeissman2022_rpe1	TFDP1	zscore	0.637744750575953	3.1753567898500525e-09	True	11580	167	11413	ulm	0.6086168152610927	3.2472824866434613e-06	True	0.029127935314860354	3.9138223939989523	9.08464670436199e-05	0.0006878375361874078	True
ReplogleWeissman2022_rpe1	CLOCK	zscore	0.6343824579871193	3.2001912801573464e-32	True	12128	715	11413	ulm	0.6245617345941538	6.604448051217404e-28	True	0.00982072339296558	9.730597785645886	2.232769339906532e-22	1.1833677501504621e-20	True
ReplogleWeissman2022_rpe1	CDK12	ulm	0.6331294357311837	0.00038604920099839736	True	11477	64	11413	zscore	0.6331294357311837	0.0004169331370782692	True	0.0	0.0	1.0	1.0	False
ReplogleWeissman2022_rpe1	CDK9	ulm	0.6320570110108357	0.0190942186026366	True	11440	27	11413	zscore	0.6320570110108357	0.01957157406770252	True	0.0	0.0	1.0	1.0	False
ReplogleWeissman2022_rpe1	GTF2H3	z-aggregate	0.6270627062706271	0.0005536245305100469	True	11479	66	11413	ulm	0.606834577263036	0.0034576265204141286	True	0.020228129007591078	1.9916538845366571	0.046409046776575175	0.18920611378142185	False
ReplogleWeissman2022_rpe1	NFYB	ulm	0.6221275538554192	0.00031838424256782445	True	11492	79	11413	zscore	0.6221275538554192	0.00034606982887807003	True	0.0	0.0	1.0	1.0	False
ReplogleWeissman2022_rpe1	NF1	ulm	0.6217596475197456	0.0012926641476745761	True	11476	63	11413	z-aggregate	0.6209606422083422	0.0012628677266738513	True	0.0007990053114033113	0.04308104847071434	0.9656369264015298	1.0	False
ReplogleWeissman2022_rpe1	HSF1	ulm	0.6078248719142989	0.09623981964670647	True	11432	19	11413	z-aggregate	0.6075297329453485	0.09140724274073254	True	0.0002951389689503925	0.011067410004883673	0.9911696646971065	1.0	False
ReplogleWeissman2022_rpe1	POLR2F	ulm	0.6030261686092756	0.002505923603867172	True	11490	77	11413	zscore	0.6030261686092756	0.0025867598491532097	True	0.0	0.0	1.0	1.0	False
ReplogleWeissman2022_rpe1	YY1	ulm	0.6015692019912013	0.0017088098614946854	True	11499	86	11413	z-aggregate	0.5959279401906027	0.0025070212478252715	True	0.0056412618005986515	0.5182696995240343	0.6042701107260027	1.0	False
ReplogleWeissman2022_rpe1	ERCC2	z-aggregate	0.5995272281888328	0.00125181249286731	True	11507	94	11413	viper	0.5698279863761182	0.021183038386490896	True	0.02969924181271455	2.6567338073112676	0.007890171698558468	0.041817910002359876	True
ReplogleWeissman2022_rpe1	GABPB1	viper	0.5907079646017699	0.030872871884461917	True	11461	48	11413	ulm	0.579720859254067	0.05440441169656819	True	0.010987105347702864	1.3077439050063409	0.19096018622028632	0.4217037445697989	False
ReplogleWeissman2022_rpe1	GABPA	z-aggregate	0.5883530302574571	0.012932705830930475	True	11480	67	11413	ulm	0.563498550356951	0.06876859290774734	True	0.024854479900506155	1.7630740733148498	0.07788799734258968	0.2428272858327796	False
ReplogleWeissman2022_rpe1	ELOB	z-aggregate	0.5871550650640286	0.0008302167630020204	True	11545	132	11413	ulm	0.5759925550077132	0.003453398068438923	True	0.011162510056315411	1.6343801217189664	0.10217905952633972	0.2707745077448003	False
ReplogleWeissman2022_rpe1	KAT5	z-aggregate	0.5836831470757695	0.08750882152528874	True	11446	33	11413	viper	0.5780967477278701	0.11429623702993136	False	0.005586399347899396	0.32837528605042476	0.742627926797816	1.0	False
ReplogleWeissman2022_rpe1	NFYC	ulm	0.5769955314115482	0.005192499571261779	True	11529	116	11413	zscore	0.5769955314115482	0.005419680473558276	True	0.0	0.0	1.0	1.0	False
ReplogleWeissman2022_rpe1	CDC6	z-aggregate	0.570697888372908	0.02560267272393005	True	11497	84	11413	ulm	0.5483471229550263	0.11460731812038619	False	0.022350765417881724	2.5499389828206875	0.010774177405983012	0.05191194568337269	True
ReplogleWeissman2022_rpe1	TGS1	z-aggregate	0.5628863771332886	0.07849062376044653	True	11476	63	11413	viper	0.5190627785913864	0.42466618064737643	False	0.04382359854190221	1.8097704477204488	0.07033139256380483	0.2428272858327796	False
ReplogleWeissman2022_rpe1	DNMT1	z-aggregate	0.5476078344244032	0.07804814406343878	True	11525	112	11413	ulm	0.5407524001451979	0.11963240494047296	False	0.006855434279205319	0.8838642092813118	0.3767695197942359	0.739584612929426	False
ReplogleWeissman2022_rpe1	MYBL2	z-aggregate	0.5323611528816119	0.0017426923866694453	True	12301	888	11413	zscore	0.5315371557485813	0.0025433128757518524	True	0.0008239971330306073	0.44176952978658135	0.658655989866845	1.0	False
SunshineHein2023	IRF9	zscore	0.7940127985264227	5.1876577212816135e-36	True	3236	164	3072	ulm	0.7841499142530488	1.1021958351087948e-33	True	0.009862884273373895	3.6053614361475272	0.0003117187804436616	0.0028054690239929544	True
SunshineHein2023	SREBF2	zscore	0.6847191220238096	3.677551336246973e-07	True	3142	70	3072	ulm	0.6734747023809524	1.5852580779639234e-06	True	0.011244419642857162	2.0385536763713263	0.041494592493978334	0.18672566622290251	False
SunshineHein2023	ATF4	viper	0.672550567208904	8.16628382015064e-12	True	3218	146	3072	z-aggregate	0.6630201644549086	1.2498878883936028e-10	True	0.009530402753995415	0.913187618232807	0.36114387481938137	0.6149676642200345	False
SunshineHein2023	STAT1	viper	0.6247586935116087	9.299531816608331e-09	True	3273	201	3072	ulm	0.6140035499585407	1.8512755149259193e-07	True	0.010755143553068058	1.1244425552670678	0.26082532738677333	0.6149676642200345	False
SunshineHein2023	SREBF1	ulm	0.6075714386261262	0.03844144289342412	True	3109	37	3072	zscore	0.5996621621621622	0.05839893482024002	True	0.007909276463963999	0.8239315669476758	0.40997844281335627	0.6149676642200345	False
SunshineHein2023	RELA	viper	0.5913849914965986	0.00042186134975490846	True	3219	147	3072	zscore	0.5867878401360545	0.0007038480133916521	True	0.004597151360544172	0.45919195135370044	0.6460963298725882	0.7268583711066618	False
SunshineHein2023	HDAC2	zscore	0.5530775871829711	0.08688588843622802	True	3164	92	3072	ulm	0.5392429517663044	0.21000303458748043	False	0.01383463541666663	0.9212714645420486	0.35690871533051294	0.6149676642200345	False
SunshineHein2023	ATF6	viper	0.5505088283096926	0.06687723456354688	True	3213	141	3072	zscore	0.5493822030141844	0.06385236405431316	True	0.0011266252955082212	0.13576157637899847	0.8920097673659341	0.8920097673659341	False
SunshineHein2023	JAK1	z-aggregate	0.5433947172619047	0.07201541294292439	True	3247	175	3072	ulm	0.5401971726190475	0.08695556028458004	True	0.003197544642857153	0.4845485141148249	0.627996642840734	0.7268583711066618	False
TianKampmann2021_CRISPRa	SPI1	z-aggregate	0.6478802992518703	0.007405293215155963	True	436	35	401	ulm	0.6015675097969363	0.06164758953734962	True	0.046312789454934	1.571869261263572	0.11598087463675166	0.19330145772791946	False
TianKampmann2021_CRISPRa	PPARGC1A	z-aggregate	0.584032875557585	0.007405293215155963	True	543	142	401	ulm	0.5812932457588423	0.015866031015621045	True	0.0027396297987426488	0.16478104462624468	0.869116324274103	1.0	False
TianKampmann2021_CRISPRa	TP53	zscore	0.5766371109263877	0.028887113217063755	True	509	108	401	viper	0.5095825251685601	0.6079733860282147	False	0.06705458575782763	2.795842959412085	0.005176454670077418	0.025882273350387088	True
TianKampmann2021_CRISPRa	BCL2	ulm	0.5520934505840661	0.06164758953734962	True	591	190	401	zscore	0.5520934505840661	0.05003496110294568	True	0.0	0.0	1.0	1.0	False
TianKampmann2021_CRISPRa	HDAC9	zscore	0.5385010755553864	0.07476421466186295	True	663	262	401	viper	0.5161999581199672	0.4803791809343436	False	0.022301117435419182	1.775080538786334	0.07588458985349597	0.1897114746337399	False
TianKampmann2021_CRISPRi	PARP1	ulm	0.5559280600663523	0.06875647120876344	True	622	207	415	zscore	0.5549735172574355	0.07606385091934244	True	0.0009545428089168251	0.14243553120090496	0.8867359986435023	0.8867359986435023	False
WesselsSatija2023	MYB	z-aggregate	0.6312431644185199	0.08564372303024	True	435	13	422	ulm	0.6068173532628509	0.12647416146480683	False	0.024425811155668997	0.587114102115685	0.5571270770367149	0.8735154439240097	False
WesselsSatija2023	EP300	ulm	0.6187389647802248	0.0007841403457400852	True	524	102	422	zscore	0.6035452095530155	0.0037996344578796176	True	0.015193755227209338	4.525174492420101	6.034569533975412e-06	3.017284766987706e-05	True
WesselsSatija2023	SUPT5H	viper	0.6122250577226881	0.004529796649756973	True	500	78	422	z-aggregate	0.6083363713695467	0.0024251605944117	True	0.003888686353141435	0.3869241590979522	0.6988123551392078	0.8735154439240097	False
WesselsSatija2023	HDAC3	ulm	0.60378642734698	0.002849725843409713	True	516	94	422	z-aggregate	0.6028284763537359	0.0024251605944117	True	0.0009579509932440278	0.047691800630603555	0.9619618688175674	0.9619618688175674	False
WesselsSatija2023	SUPT16H	z-aggregate	0.5986577909627003	0.0024251605944117	True	553	131	422	viper	0.5882384863065736	0.004529796649756973	True	0.010419304656126727	1.3440837835855508	0.17892129536413415	0.44730323841033537	False
