Task	Method	ROC_AUC	N_Cells	N_TFs	N_Pos	N_Neg	Experiment	Is_Noisy_Prior	n_cells	n_genes	n_tfs	target_libsize	ground_truth_active_inactive_prob	up_probability	random_seed	tf_effect_factor	missing_percentage	prior_noise_percentage	gene_propensity_sigma
activated	z-aggregate	0.843419453325311	1000	62	5819	56181	experiment1	True	1000	1000	100	10000.0	0.1	0.8	42	3	75.0	0.0	2.0
activated	viper	0.7762597156890831	1000	62	5819	56181	experiment1	True	1000	1000	100	10000.0	0.1	0.8	42	3	75.0	0.0	2.0
activated	ulm	0.7907800236866677	1000	62	5819	56181	experiment1	True	1000	1000	100	10000.0	0.1	0.8	42	3	75.0	0.0	2.0
activated	mlm	0.7894397364588045	1000	62	5819	56181	experiment1	True	1000	1000	100	10000.0	0.1	0.8	42	3	75.0	0.0	2.0
activated	zscore	0.7776722597366608	1000	62	5819	56181	experiment1	True	1000	1000	100	10000.0	0.1	0.8	42	3	75.0	0.0	2.0
inhibited	z-aggregate	0.8435910264129274	1000	62	5865	56135	experiment1	True	1000	1000	100	10000.0	0.1	0.8	42	3	75.0	0.0	2.0
inhibited	viper	0.7686885720553553	1000	62	5865	56135	experiment1	True	1000	1000	100	10000.0	0.1	0.8	42	3	75.0	0.0	2.0
inhibited	ulm	0.7885591161424198	1000	62	5865	56135	experiment1	True	1000	1000	100	10000.0	0.1	0.8	42	3	75.0	0.0	2.0
inhibited	mlm	0.7855615272857548	1000	62	5865	56135	experiment1	True	1000	1000	100	10000.0	0.1	0.8	42	3	75.0	0.0	2.0
inhibited	zscore	0.7409331404904645	1000	62	5865	56135	experiment1	True	1000	1000	100	10000.0	0.1	0.8	42	3	75.0	0.0	2.0
activated	z-aggregate	0.7996009060262497	1000	62	5819	56181	experiment1	True	1000	1000	100	10000.0	0.1	0.8	42	3	75.0	20.0	2.0
activated	viper	0.7373334448110886	1000	62	5819	56181	experiment1	True	1000	1000	100	10000.0	0.1	0.8	42	3	75.0	20.0	2.0
activated	ulm	0.746734530570289	1000	62	5819	56181	experiment1	True	1000	1000	100	10000.0	0.1	0.8	42	3	75.0	20.0	2.0
activated	mlm	0.7435625656926583	1000	62	5819	56181	experiment1	True	1000	1000	100	10000.0	0.1	0.8	42	3	75.0	20.0	2.0
activated	zscore	0.7363343876766315	1000	62	5819	56181	experiment1	True	1000	1000	100	10000.0	0.1	0.8	42	3	75.0	20.0	2.0
inhibited	z-aggregate	0.7906563802962214	1000	62	5865	56135	experiment1	True	1000	1000	100	10000.0	0.1	0.8	42	3	75.0	20.0	2.0
inhibited	viper	0.7240862550402373	1000	62	5865	56135	experiment1	True	1000	1000	100	10000.0	0.1	0.8	42	3	75.0	20.0	2.0
inhibited	ulm	0.7460548119937696	1000	62	5865	56135	experiment1	True	1000	1000	100	10000.0	0.1	0.8	42	3	75.0	20.0	2.0
inhibited	mlm	0.7402804331386299	1000	62	5865	56135	experiment1	True	1000	1000	100	10000.0	0.1	0.8	42	3	75.0	20.0	2.0
inhibited	zscore	0.7066913514043413	1000	62	5865	56135	experiment1	True	1000	1000	100	10000.0	0.1	0.8	42	3	75.0	20.0	2.0
activated	z-aggregate	0.7396182065516588	1000	62	5819	56181	experiment1	True	1000	1000	100	10000.0	0.1	0.8	42	3	75.0	40.0	2.0
activated	viper	0.6826672850984161	1000	62	5819	56181	experiment1	True	1000	1000	100	10000.0	0.1	0.8	42	3	75.0	40.0	2.0
activated	ulm	0.6963032928343066	1000	62	5819	56181	experiment1	True	1000	1000	100	10000.0	0.1	0.8	42	3	75.0	40.0	2.0
activated	mlm	0.6911717922590188	1000	62	5819	56181	experiment1	True	1000	1000	100	10000.0	0.1	0.8	42	3	75.0	40.0	2.0
activated	zscore	0.6809901847971987	1000	62	5819	56181	experiment1	True	1000	1000	100	10000.0	0.1	0.8	42	3	75.0	40.0	2.0
inhibited	z-aggregate	0.7256740559139531	1000	62	5865	56135	experiment1	True	1000	1000	100	10000.0	0.1	0.8	42	3	75.0	40.0	2.0
inhibited	viper	0.6688616066903019	1000	62	5865	56135	experiment1	True	1000	1000	100	10000.0	0.1	0.8	42	3	75.0	40.0	2.0
inhibited	ulm	0.6822660920258988	1000	62	5865	56135	experiment1	True	1000	1000	100	10000.0	0.1	0.8	42	3	75.0	40.0	2.0
inhibited	mlm	0.6764912712328572	1000	62	5865	56135	experiment1	True	1000	1000	100	10000.0	0.1	0.8	42	3	75.0	40.0	2.0
inhibited	zscore	0.6522882625773286	1000	62	5865	56135	experiment1	True	1000	1000	100	10000.0	0.1	0.8	42	3	75.0	40.0	2.0
activated	z-aggregate	0.8874389138591738	1000	62	5819	56181	experiment2	False	1000	1000	100	10000.0	0.1	0.8	42	2	60.0	0.0	2.0
activated	viper	0.8614768308379113	1000	62	5819	56181	experiment2	False	1000	1000	100	10000.0	0.1	0.8	42	2	60.0	0.0	2.0
activated	ulm	0.8251764294387669	1000	62	5819	56181	experiment2	False	1000	1000	100	10000.0	0.1	0.8	42	2	60.0	0.0	2.0
activated	mlm	0.8237610773410453	1000	62	5819	56181	experiment2	False	1000	1000	100	10000.0	0.1	0.8	42	2	60.0	0.0	2.0
activated	zscore	0.7958258649676165	1000	62	5819	56181	experiment2	False	1000	1000	100	10000.0	0.1	0.8	42	2	60.0	0.0	2.0
inhibited	z-aggregate	0.882215518231799	1000	62	5865	56135	experiment2	False	1000	1000	100	10000.0	0.1	0.8	42	2	60.0	0.0	2.0
inhibited	viper	0.8511331872508358	1000	62	5865	56135	experiment2	False	1000	1000	100	10000.0	0.1	0.8	42	2	60.0	0.0	2.0
inhibited	ulm	0.8061272822163049	1000	62	5865	56135	experiment2	False	1000	1000	100	10000.0	0.1	0.8	42	2	60.0	0.0	2.0
inhibited	mlm	0.8044953376690327	1000	62	5865	56135	experiment2	False	1000	1000	100	10000.0	0.1	0.8	42	2	60.0	0.0	2.0
inhibited	zscore	0.7393305627927317	1000	62	5865	56135	experiment2	False	1000	1000	100	10000.0	0.1	0.8	42	2	60.0	0.0	2.0
activated	z-aggregate	0.8006330984582921	1000	62	5819	56181	experiment2	False	1000	1000	100	10000.0	0.1	0.8	42	2	75.0	0.0	2.0
activated	viper	0.735386786990453	1000	62	5819	56181	experiment2	False	1000	1000	100	10000.0	0.1	0.8	42	2	75.0	0.0	2.0
activated	ulm	0.7483385083892746	1000	62	5819	56181	experiment2	False	1000	1000	100	10000.0	0.1	0.8	42	2	75.0	0.0	2.0
activated	mlm	0.7449997490037532	1000	62	5819	56181	experiment2	False	1000	1000	100	10000.0	0.1	0.8	42	2	75.0	0.0	2.0
activated	zscore	0.7335784898758428	1000	62	5819	56181	experiment2	False	1000	1000	100	10000.0	0.1	0.8	42	2	75.0	0.0	2.0
inhibited	z-aggregate	0.7983750383753209	1000	62	5865	56135	experiment2	False	1000	1000	100	10000.0	0.1	0.8	42	2	75.0	0.0	2.0
inhibited	viper	0.7253401589199584	1000	62	5865	56135	experiment2	False	1000	1000	100	10000.0	0.1	0.8	42	2	75.0	0.0	2.0
inhibited	ulm	0.7420050039216294	1000	62	5865	56135	experiment2	False	1000	1000	100	10000.0	0.1	0.8	42	2	75.0	0.0	2.0
inhibited	mlm	0.7390149659764768	1000	62	5865	56135	experiment2	False	1000	1000	100	10000.0	0.1	0.8	42	2	75.0	0.0	2.0
inhibited	zscore	0.7004482040046104	1000	62	5865	56135	experiment2	False	1000	1000	100	10000.0	0.1	0.8	42	2	75.0	0.0	2.0
activated	z-aggregate	0.6722951064688271	1000	62	5819	56181	experiment2	False	1000	1000	100	10000.0	0.1	0.8	42	2	90.0	0.0	2.0
activated	viper	0.5895673430669099	1000	62	5819	56181	experiment2	False	1000	1000	100	10000.0	0.1	0.8	42	2	90.0	0.0	2.0
activated	ulm	0.6435039878701533	1000	62	5819	56181	experiment2	False	1000	1000	100	10000.0	0.1	0.8	42	2	90.0	0.0	2.0
activated	mlm	0.6391740816090767	1000	62	5819	56181	experiment2	False	1000	1000	100	10000.0	0.1	0.8	42	2	90.0	0.0	2.0
activated	zscore	0.6405237825344536	1000	62	5819	56181	experiment2	False	1000	1000	100	10000.0	0.1	0.8	42	2	90.0	0.0	2.0
inhibited	z-aggregate	0.6729964688250398	1000	62	5865	56135	experiment2	False	1000	1000	100	10000.0	0.1	0.8	42	2	90.0	0.0	2.0
inhibited	viper	0.5877840481830771	1000	62	5865	56135	experiment2	False	1000	1000	100	10000.0	0.1	0.8	42	2	90.0	0.0	2.0
inhibited	ulm	0.6459535899899091	1000	62	5865	56135	experiment2	False	1000	1000	100	10000.0	0.1	0.8	42	2	90.0	0.0	2.0
inhibited	mlm	0.64209623448405	1000	62	5865	56135	experiment2	False	1000	1000	100	10000.0	0.1	0.8	42	2	90.0	0.0	2.0
inhibited	zscore	0.6309852823288397	1000	62	5865	56135	experiment2	False	1000	1000	100	10000.0	0.1	0.8	42	2	90.0	0.0	2.0
activated	z-aggregate	0.7255299008566507	1000	62	5819	56181	experiment3	False	1000	1000	100	10000.0	0.1	0.8	42	2	75.0	0.0	1.0
activated	viper	0.6931590352749799	1000	62	5819	56181	experiment3	False	1000	1000	100	10000.0	0.1	0.8	42	2	75.0	0.0	1.0
activated	ulm	0.7115369465114075	1000	62	5819	56181	experiment3	False	1000	1000	100	10000.0	0.1	0.8	42	2	75.0	0.0	1.0
activated	mlm	0.7072041771403802	1000	62	5819	56181	experiment3	False	1000	1000	100	10000.0	0.1	0.8	42	2	75.0	0.0	1.0
activated	zscore	0.6967624182094602	1000	62	5819	56181	experiment3	False	1000	1000	100	10000.0	0.1	0.8	42	2	75.0	0.0	1.0
inhibited	z-aggregate	0.7559608713344876	1000	62	5865	56135	experiment3	False	1000	1000	100	10000.0	0.1	0.8	42	2	75.0	0.0	1.0
inhibited	viper	0.6872671053697658	1000	62	5865	56135	experiment3	False	1000	1000	100	10000.0	0.1	0.8	42	2	75.0	0.0	1.0
inhibited	ulm	0.7332073673630074	1000	62	5865	56135	experiment3	False	1000	1000	100	10000.0	0.1	0.8	42	2	75.0	0.0	1.0
inhibited	mlm	0.7269399133786524	1000	62	5865	56135	experiment3	False	1000	1000	100	10000.0	0.1	0.8	42	2	75.0	0.0	1.0
inhibited	zscore	0.6917456752161908	1000	62	5865	56135	experiment3	False	1000	1000	100	10000.0	0.1	0.8	42	2	75.0	0.0	1.0
activated	z-aggregate	0.8006330984582921	1000	62	5819	56181	experiment3	False	1000	1000	100	10000.0	0.1	0.8	42	2	75.0	0.0	2.0
activated	viper	0.735386786990453	1000	62	5819	56181	experiment3	False	1000	1000	100	10000.0	0.1	0.8	42	2	75.0	0.0	2.0
activated	ulm	0.7483385083892746	1000	62	5819	56181	experiment3	False	1000	1000	100	10000.0	0.1	0.8	42	2	75.0	0.0	2.0
activated	mlm	0.7449997490037532	1000	62	5819	56181	experiment3	False	1000	1000	100	10000.0	0.1	0.8	42	2	75.0	0.0	2.0
activated	zscore	0.7335784898758428	1000	62	5819	56181	experiment3	False	1000	1000	100	10000.0	0.1	0.8	42	2	75.0	0.0	2.0
inhibited	z-aggregate	0.7983750383753209	1000	62	5865	56135	experiment3	False	1000	1000	100	10000.0	0.1	0.8	42	2	75.0	0.0	2.0
inhibited	viper	0.7253401589199584	1000	62	5865	56135	experiment3	False	1000	1000	100	10000.0	0.1	0.8	42	2	75.0	0.0	2.0
inhibited	ulm	0.7420050039216294	1000	62	5865	56135	experiment3	False	1000	1000	100	10000.0	0.1	0.8	42	2	75.0	0.0	2.0
inhibited	mlm	0.7390149659764768	1000	62	5865	56135	experiment3	False	1000	1000	100	10000.0	0.1	0.8	42	2	75.0	0.0	2.0
inhibited	zscore	0.7004482040046104	1000	62	5865	56135	experiment3	False	1000	1000	100	10000.0	0.1	0.8	42	2	75.0	0.0	2.0
activated	z-aggregate	0.8613665093384689	1000	62	5819	56181	experiment3	False	1000	1000	100	10000.0	0.1	0.8	42	2	75.0	0.0	3.0
activated	viper	0.8404909782074846	1000	62	5819	56181	experiment3	False	1000	1000	100	10000.0	0.1	0.8	42	2	75.0	0.0	3.0
activated	ulm	0.7689944028922867	1000	62	5819	56181	experiment3	False	1000	1000	100	10000.0	0.1	0.8	42	2	75.0	0.0	3.0
activated	mlm	0.7664018140077342	1000	62	5819	56181	experiment3	False	1000	1000	100	10000.0	0.1	0.8	42	2	75.0	0.0	3.0
activated	zscore	0.7528967981404003	1000	62	5819	56181	experiment3	False	1000	1000	100	10000.0	0.1	0.8	42	2	75.0	0.0	3.0
inhibited	z-aggregate	0.8499857661065674	1000	62	5865	56135	experiment3	False	1000	1000	100	10000.0	0.1	0.8	42	2	75.0	0.0	3.0
inhibited	viper	0.8331074969905321	1000	62	5865	56135	experiment3	False	1000	1000	100	10000.0	0.1	0.8	42	2	75.0	0.0	3.0
inhibited	ulm	0.7420022353553206	1000	62	5865	56135	experiment3	False	1000	1000	100	10000.0	0.1	0.8	42	2	75.0	0.0	3.0
inhibited	mlm	0.7377641875544971	1000	62	5865	56135	experiment3	False	1000	1000	100	10000.0	0.1	0.8	42	2	75.0	0.0	3.0
inhibited	zscore	0.7012747311525445	1000	62	5865	56135	experiment3	False	1000	1000	100	10000.0	0.1	0.8	42	2	75.0	0.0	3.0
