Dataset	TF	Comparison_Type	N_Available_Priors	N_MWU_Significant_Options	Top_Prior	Top_ROC_AUC	Top_MWU_Adjusted_P_Value	Top_MWU_Significant_FDR_BH	Top_N_Cells	Top_N_Pos	Top_N_Control	Second_Prior	Second_ROC_AUC	Second_MWU_Adjusted_P_Value	Second_MWU_Significant_FDR_BH	AUC_Diff	DeLong_Z	DeLong_P_Value	DeLong_P_Value_FDR_BH	DeLong_Significant_FDR_BH
FrangiehIzar2021_RNA	STAT1	top2_delong	4	4	collectri	0.7444115973222096	6.256650763065301e-110	True	56968	707	56261	dorothea	0.6487676764741175	2.0522208035536922e-41	True	0.09564392084809215	12.503348893169196	7.157146249340512e-36	5.725716999472409e-35	True
FrangiehIzar2021_RNA	MYC	top2_delong	4	4	collectri	0.6215043112289872	4.649787694443508e-08	True	56446	185	56261	ensemble	0.6198435188890389	7.19574478558437e-08	True	0.0016607923399483138	0.5056926581252015	0.6130724231378959	0.9814975363352609	False
FrangiehIzar2021_RNA	JAK2	top2_delong	2	2	causalpath	0.5813454744297208	1.9317562588909927e-19	True	57348	1087	56261	ensemble	0.5813454744297208	2.1951775669215827e-19	True	0.0	0.0	1.0	1.0	False
FrangiehIzar2021_RNA	SMAD3	top2_delong	4	4	collectri	0.5502898123676193	1.1079256065929338e-05	True	56972	711	56261	ensemble	0.5470891880721386	3.860139518721987e-05	True	0.0032006242954807362	0.5051749537867606	0.6134359602095381	0.9814975363352609	False
FrangiehIzar2021_RNA	JAK1	top2_delong	2	2	causalpath	0.547346117185793	8.380739998494768e-07	True	57251	990	56261	ensemble	0.547346117185793	9.523568180107692e-07	True	0.0	0.0	1.0	1.0	False
FrangiehIzar2021_RNA	TP53	top2_delong	4	2	causalpath	0.5469747554314439	0.00027524302905136374	True	56809	548	56261	dorothea	0.5232578037942816	0.07869172891925702	True	0.023716951637162365	1.7590121429991021	0.07857544608093685	0.3143017843237474	False
FrangiehIzar2021_RNA	SMAD4	top2_delong	4	4	causalpath	0.5466486129195174	0.00012422000514481039	True	56889	628	56261	collectri	0.5352337892422906	0.004999098417404674	True	0.011414823677226793	0.8117400564612015	0.41694080448099236	0.9814975363352609	False
FrangiehIzar2021_RNA	CDKN2A	top2_delong	2	2	causalpath	0.5340472095733007	0.000905990785940061	True	57126	865	56261	ensemble	0.5340472095733007	0.0012011241480265962	True	0.0	0.0	1.0	1.0	False
GasperiniShendure2019_lowMOI	MAX	top2_delong	4	1	causalpath	0.718458295694068	0.08184343795999877	True	378	9	369	ensemble	0.6648599819331527	0.3344869374052222	False	0.053598313760915395	1.1804858668952878	0.2378070282896475	0.475614056579295	False
GasperiniShendure2019_lowMOI	BTF3	top2_delong	2	1	causalpath	0.6794941282746161	0.08184343795999877	True	384	15	369	ensemble	0.6794941282746161	0.19839238336831327	False	0.0	0.0	1.0	1.0	False
NadigOConner2024_hepg2	RUVBL2	top2_delong	2	2	causalpath	0.9183354696813689	1.0860470310664683e-13	True	4952	29	4923	ensemble	0.9183354696813689	1.7256080604722772e-13	True	0.0	0.0	1.0	1.0	False
NadigOConner2024_hepg2	MYC	top2_delong	4	4	collectri	0.8705409459522805	1.3123790455162031e-18	True	4975	52	4923	ensemble	0.8612048625759777	2.0321320484735578e-17	True	0.009336083376302762	2.5644425906910953	0.010334167362580034	0.1619019553470872	False
NadigOConner2024_hepg2	RUVBL1	top2_delong	2	2	causalpath	0.8493240345769291	1.4591210565969018e-14	True	4968	45	4923	ensemble	0.8493240345769291	2.3183812343706328e-14	True	0.0	0.0	1.0	1.0	False
NadigOConner2024_hepg2	POLR2A	top2_delong	2	2	causalpath	0.7856997765590088	1.3456403026713224e-05	True	4945	22	4923	ensemble	0.7856997765590088	2.3324431912969585e-05	True	0.0	0.0	1.0	1.0	False
NadigOConner2024_hepg2	ATF4	top2_delong	4	3	dorothea	0.7614813583734973	0.00014994235529030832	True	4945	22	4923	ensemble	0.723921112403745	0.0009659418300234706	True	0.03756024596975227	1.557308845566944	0.11939717628835296	0.7428076800709381	False
NadigOConner2024_hepg2	KAT5	top2_delong	3	1	causalpath	0.7496783803913603	0.04928917164871523	True	4929	6	4923	ensemble	0.6850836210982463	0.16400486583276713	False	0.06459475929311398	1.1529289665725875	0.24893954152094133	0.7886104049334894	False
NadigOConner2024_hepg2	TRRAP	top2_delong	2	2	causalpath	0.7496743974859902	0.0009289851276037145	True	4940	17	4923	ensemble	0.7496743974859902	0.0012076806658848289	True	0.0	0.0	1.0	1.0	False
NadigOConner2024_hepg2	SUPT5H	top2_delong	2	2	causalpath	0.7475116798699979	0.0009816956460125144	True	4940	17	4923	ensemble	0.7475116798699979	0.0012885348165294695	True	0.0	0.0	1.0	1.0	False
NadigOConner2024_hepg2	POLR2G	top2_delong	2	2	causalpath	0.7358095927280114	1.4066682437255663e-05	True	4955	32	4923	ensemble	0.7358095927280114	2.4212928380424326e-05	True	0.0	0.0	1.0	1.0	False
NadigOConner2024_hepg2	ZBTB4	top2_delong	2	2	collectri	0.7314115641752554	0.0012238162372988236	True	4946	23	4923	ensemble	0.7314115641752554	0.0004723501266767389	True	0.0	0.0	1.0	1.0	False
NadigOConner2024_hepg2	MAX	top2_delong	4	2	causalpath	0.7271898345633871	6.059863723615837e-07	True	4968	45	4923	ensemble	0.6958855259891213	3.001032247997862e-05	True	0.031304308574265804	1.283295594318349	0.19938853561407888	0.7886104049334894	False
NadigOConner2024_hepg2	POLR2H	top2_delong	2	2	causalpath	0.7209141998904339	3.503297730245914e-05	True	4956	33	4923	ensemble	0.7209141998904339	5.218453910678809e-05	True	0.0	0.0	1.0	1.0	False
NadigOConner2024_hepg2	POLR2C	top2_delong	2	2	causalpath	0.7159147422023296	8.236306178923075e-08	True	4981	58	4923	ensemble	0.7159147422023296	1.3086575373177776e-07	True	0.0	0.0	1.0	1.0	False
NadigOConner2024_hepg2	SUPT4H1	top2_delong	2	2	causalpath	0.7063056788833754	0.08258454355760486	True	4930	7	4923	ensemble	0.7063056788833754	0.09997536278296293	True	0.0	0.0	1.0	1.0	False
NadigOConner2024_hepg2	GTF2H1	top2_delong	2	2	causalpath	0.7031862104988248	1.770886001681173e-05	True	4965	42	4923	ensemble	0.7031862104988248	3.001032247997862e-05	True	0.0	0.0	1.0	1.0	False
NadigOConner2024_hepg2	POLR2F	top2_delong	2	2	causalpath	0.7012138836821223	5.969947240434988e-09	True	5002	79	4923	ensemble	0.7012138836821223	9.485582837580037e-09	True	0.0	0.0	1.0	1.0	False
NadigOConner2024_hepg2	POLR2I	top2_delong	2	2	causalpath	0.6949870104878284	1.6456223226952084e-13	True	5056	133	4923	ensemble	0.6949870104878284	2.6147110238379425e-13	True	0.0	0.0	1.0	1.0	False
NadigOConner2024_hepg2	POLR2K	top2_delong	2	2	causalpath	0.6789815912302201	2.909471120222812e-08	True	5014	91	4923	ensemble	0.6789815912302201	4.622826335465135e-08	True	0.0	0.0	1.0	1.0	False
NadigOConner2024_hepg2	ARID3A	top2_delong	3	1	dorothea	0.6789788550123514	0.0025392844362169646	True	4954	31	4923	ensemble	0.589713851375702	0.1343967895136837	False	0.08926500363664946	2.8390247021375488	0.004525165367561467	0.10634138613769448	False
NadigOConner2024_hepg2	NELFA	top2_delong	2	2	causalpath	0.6736745886654478	0.0003964919105846446	True	4963	40	4923	ensemble	0.6736745886654478	0.0005354843525729282	True	0.0	0.0	1.0	1.0	False
NadigOConner2024_hepg2	POLR2E	top2_delong	2	2	causalpath	0.673355941033907	1.0261349944959474e-10	True	5054	131	4923	ensemble	0.673355941033907	1.6304144912546718e-10	True	0.0	0.0	1.0	1.0	False
NadigOConner2024_hepg2	NRF1	top2_delong	4	3	causalpath	0.6711625702484936	0.002714610929126955	True	4953	30	4923	dorothea	0.6054032094251472	0.08400144045639492	True	0.06575936082334632	1.2293687919726577	0.2189335656141096	0.7886104049334894	False
NadigOConner2024_hepg2	ATF5	top2_delong	2	2	collectri	0.6644959832399342	0.0008359696003669112	True	4974	51	4923	ensemble	0.6644959832399342	0.00021723254942140733	True	0.0	0.0	1.0	1.0	False
NadigOConner2024_hepg2	ETV4	top2_delong	3	2	dorothea	0.6644234250942779	0.018377431946667935	True	4946	23	4923	ensemble	0.6175714702063959	0.09329052859737368	True	0.046851954887881964	2.099533376512314	0.035769908800070256	0.42029642840082554	False
NadigOConner2024_hepg2	ATR	top2_delong	2	2	causalpath	0.6534257566524477	6.059863723615837e-07	True	5023	100	4923	ensemble	0.6534257566524477	1.0437820764693895e-06	True	0.0	0.0	1.0	1.0	False
NadigOConner2024_hepg2	SRF	top2_delong	4	4	dorothea	0.6490700981156319	0.0025392844362169646	True	4966	43	4923	ensemble	0.6326970225188838	0.007403436032774508	True	0.016373075596748055	1.2469447436002188	0.21241775907541194	0.7886104049334894	False
NadigOConner2024_hepg2	POLR2B	top2_delong	2	2	causalpath	0.6418989185594912	6.059863723615837e-07	True	5040	117	4923	ensemble	0.6418989185594912	1.0437820764693895e-06	True	0.0	0.0	1.0	1.0	False
NadigOConner2024_hepg2	NANOG	top2_delong	4	1	dorothea	0.6266939438785873	0.041175322557175105	True	4951	28	4923	causalpath	0.5941499085923219	0.10968537914336823	False	0.03254403528626548	0.5067089310643894	0.6123590631205673	1.0	False
NadigOConner2024_hepg2	HSF1	top2_delong	4	1	dorothea	0.6242636603696933	0.03384306539115299	True	4955	32	4923	ensemble	0.5805276254316474	0.16400486583276713	False	0.0437360349380459	1.8999998801908777	0.05743313535475172	0.5369480329289562	False
NadigOConner2024_hepg2	TAF12	single_available_significant	1	1	ensemble	0.6166113706637777	0.016128932558889204	True	4968	45	4923				False					True
NadigOConner2024_hepg2	SNW1	single_available_significant	1	1	ensemble	0.6141189706089158	0.011277640317776288	True	4975	52	4923				False					True
NadigOConner2024_hepg2	SFPQ	top2_delong	2	2	collectri	0.6095348892423846	0.00744883335717589	True	5000	77	4923	ensemble	0.6095348892423846	0.002845040518365791	True	0.0	0.0	1.0	1.0	False
NadigOConner2024_hepg2	MYBL2	top2_delong	4	3	causalpath	0.603368343071537	0.00010705129461750437	True	5059	136	4923	dorothea	0.5615777084752243	0.03384306539115299	True	0.041790634596312715	1.4908568702901697	0.13599907694266936	0.7428076800709381	False
NadigOConner2024_hepg2	POLR2D	top2_delong	2	2	causalpath	0.602344396387291	0.003096140268801869	True	5005	82	4923	ensemble	0.602344396387291	0.004132315212094228	True	0.0	0.0	1.0	1.0	False
NadigOConner2024_hepg2	SP1	top2_delong	4	3	collectri	0.5996079890046984	0.01731527740649567	True	5000	77	4923	ensemble	0.5760002743549362	0.0447404664320586	True	0.02360771464976219	4.736448193281403	2.1749630668227303e-06	0.00010222326414066832	True
NadigOConner2024_hepg2	THAP1	top2_delong	2	2	ensemble	0.5964600798238823	3.8817803512210453e-05	True	5108	185	4923	dorothea	0.5925292751618163	0.00014994235529030832	True	0.003930804662065968	1.0564623373895203	0.29075703896744165	0.8540988019668598	False
NadigOConner2024_hepg2	GTF2F2	top2_delong	2	2	causalpath	0.5933834382828899	0.010579653266321735	True	4998	75	4923	ensemble	0.5933834382828899	0.012887585034419327	True	0.0	0.0	1.0	1.0	False
NadigOConner2024_hepg2	CTCF	top2_delong	3	1	collectri	0.5918533165856227	0.09804040325643718	True	4972	49	4923	ensemble	0.5498099300658715	0.2630613032710221	False	0.04204338651975115	1.19584199990627	0.2317582224824294	0.7886104049334894	False
NadigOConner2024_hepg2	GABPA	top2_delong	4	2	collectri	0.5886159044405801	0.031824361442323444	True	5005	82	4923	ensemble	0.5679736230634701	0.06847309950406757	True	0.020642281377109994	0.7671877330208268	0.44296990526460445	1.0	False
NadigOConner2024_hepg2	NELFB	top2_delong	2	2	causalpath	0.5829171104162988	0.006696810956741345	True	5030	107	4923	ensemble	0.5829171104162988	0.008360383837265187	True	0.0	0.0	1.0	1.0	False
NadigOConner2024_hepg2	TFDP1	top2_delong	4	2	dorothea	0.5810797085934198	0.0025392844362169646	True	5071	148	4923	ensemble	0.5710674111039742	0.008360383837265187	True	0.010012297489445654	1.1462682596979687	0.25168417178728386	0.7886104049334894	False
NadigOConner2024_hepg2	NELFE	top2_delong	2	2	causalpath	0.580875106266128	0.06077435742243858	True	4977	54	4923	ensemble	0.580875106266128	0.07829489289557402	True	0.0	0.0	1.0	1.0	False
NadigOConner2024_hepg2	NFYC	top2_delong	3	2	causalpath	0.5773477592662858	0.011908238048307129	True	5029	106	4923	ensemble	0.5553275154358248	0.09329052859737368	True	0.022020243830460973	1.8213968254462871	0.06854655739518589	0.5369480329289562	False
NadigOConner2024_hepg2	UBTF	top2_delong	2	2	collectri	0.5717836865953505	0.05797293724128307	True	5024	101	4923	ensemble	0.5717836865953505	0.028986468620641536	True	0.0	0.0	1.0	1.0	False
NadigOConner2024_hepg2	CDK9	top2_delong	2	2	causalpath	0.5695214235738306	0.08258454355760486	True	4986	63	4923	ensemble	0.5695214235738306	0.09997536278296293	True	0.0	0.0	1.0	1.0	False
NadigOConner2024_hepg2	ZBTB17	top2_delong	3	1	causalpath	0.5630872923334309	0.025068174319809268	True	5050	127	4923	ensemble	0.5246352889618231	0.35229693727986383	False	0.03845200337160781	1.4675011799143358	0.14223976852422218	0.7428076800709381	False
NadigOConner2024_hepg2	NFYB	top2_delong	4	1	causalpath	0.5628720761261895	0.04494838658622053	True	5027	104	4923	collectri	0.5453854747730433	0.25839226391509545	False	0.01748660135314617	0.48847448741951627	0.6252137924212304	1.0	False
NadigOConner2024_hepg2	ELL	top2_delong	2	2	causalpath	0.5494612609406092	0.021222640678995403	True	5149	226	4923	ensemble	0.5494612609406092	0.02634407653729464	True	0.0	0.0	1.0	1.0	False
NadigOConner2024_hepg2	TFAM	top2_delong	2	2	collectri	0.5370948487100011	0.0008359696003669112	True	6127	1204	4923	ensemble	0.5370948487100011	0.00025543515566766727	True	0.0	0.0	1.0	1.0	False
NadigOConner2024_jurkat	MYC	top2_delong	4	4	collectri	0.9341352308494693	1.0517347122541068e-56	True	12036	115	11921	ensemble	0.9292144297786514	3.586251242686103e-55	True	0.004920801070817826	1.674645635242108	0.09400377983759392	1.0	False
NadigOConner2024_jurkat	ACTL6A	top2_delong	2	2	causalpath	0.9268238123199956	7.870749788839348e-05	True	11930	9	11921	ensemble	0.9268238123199956	7.812876628627294e-05	True	0.0	0.0	1.0	1.0	False
NadigOConner2024_jurkat	TRRAP	top2_delong	2	2	causalpath	0.8796673337567558	1.1196527124510267e-13	True	11956	35	11921	ensemble	0.8796673337567558	1.333703966301958e-13	True	0.0	0.0	1.0	1.0	False
NadigOConner2024_jurkat	MAX	top2_delong	4	3	causalpath	0.8710789010106005	1.2109570180635558e-27	True	11997	76	11921	ensemble	0.8389948741495546	4.2590764070852814e-23	True	0.03208402686104583	2.518682141817217	0.011779494114878265	0.4122822940207393	False
NadigOConner2024_jurkat	MYB	top2_delong	4	3	collectri	0.7636620572615874	0.004046353933176391	True	11934	13	11921	ensemble	0.728126834997064	0.014940456904884067	True	0.035535222264523436	1.1379534888743248	0.25513990430049704	1.0	False
NadigOConner2024_jurkat	NRF1	top2_delong	4	4	ensemble	0.7395487370042076	1.3305369023287432e-12	True	12002	81	11921	causalpath	0.7314056219908637	6.893585974161426e-12	True	0.008143115013343971	0.28454447780596404	0.7759931536317946	1.0	False
NadigOConner2024_jurkat	ATF4	top2_delong	4	3	dorothea	0.6946080930226556	7.157718234576331e-06	True	11973	52	11921	ensemble	0.6931723590560936	1.5009617312594037e-05	True	0.0014357339665619362	0.061378004320912366	0.9510581693356992	1.0	False
NadigOConner2024_jurkat	SRF	top2_delong	3	3	collectri	0.6939227307745338	3.921482502141071e-09	True	12008	87	11921	dorothea	0.6495858270009361	7.157718234576331e-06	True	0.04433690377359767	1.3405992384974332	0.18005060464317568	1.0	False
NadigOConner2024_jurkat	YY1	top2_delong	4	2	collectri	0.6861943693417563	1.5703883273804996e-06	True	11986	65	11921	ensemble	0.6724810128215882	1.5009617312594037e-05	True	0.01371335652016803	0.9060717083230903	0.3648978988165633	1.0	False
NadigOConner2024_jurkat	CDK7	top2_delong	2	2	causalpath	0.664242722925929	0.05134959594209332	True	11937	16	11921	ensemble	0.664242722925929	0.05534105613086948	True	0.0	0.0	1.0	1.0	False
NadigOConner2024_jurkat	SP2	top2_delong	3	2	collectri	0.6609810884620045	0.012611822844006788	True	11948	27	11921	ensemble	0.6481854306281787	0.022649363498434338	True	0.012795657833825858	0.3144749882290394	0.7531603100985077	1.0	False
NadigOConner2024_jurkat	CDK12	top2_delong	2	2	causalpath	0.6545754923617519	0.007105715370536107	True	11957	36	11921	ensemble	0.6545754923617519	0.006944952579347507	True	0.0	0.0	1.0	1.0	False
NadigOConner2024_jurkat	TFAM	top2_delong	2	2	collectri	0.6520838997690157	2.0844758093881197e-127	True	14475	2554	11921	ensemble	0.6520838997690157	3.854852524210906e-127	True	0.0	0.0	1.0	1.0	False
NadigOConner2024_jurkat	SSRP1	top2_delong	3	1	causalpath	0.6489610524186187	0.07120297817291037	True	11938	17	11921	ensemble	0.5769502163754522	0.34656159809935905	False	0.07201083604316649	0.9451188181640878	0.3445982190712066	1.0	False
NadigOConner2024_jurkat	GTF2H1	top2_delong	2	2	causalpath	0.6377182392781463	0.007105715370536107	True	11967	46	11921	ensemble	0.6377182392781463	0.006944952579347507	True	0.0	0.0	1.0	1.0	False
NadigOConner2024_jurkat	HSF1	top2_delong	4	1	dorothea	0.6365080530156866	0.024557831527537183	True	11953	32	11921	ensemble	0.6025186645415653	0.10089131316700642	False	0.03398938847412125	1.482426963434588	0.13822672391432184	1.0	False
NadigOConner2024_jurkat	SUPT5H	top2_delong	2	2	causalpath	0.6300058719906048	0.010871619010521505	True	11966	45	11921	ensemble	0.6300058719906048	0.01055186551021205	True	0.0	0.0	1.0	1.0	False
NadigOConner2024_jurkat	KAT5	top2_delong	3	1	causalpath	0.6273284416526446	0.028987322840464267	True	11955	34	11921	ensemble	0.553264876120736	0.34693726070938835	False	0.07406356553190852	1.2746920096651146	0.20241827611370977	1.0	False
NadigOConner2024_jurkat	ZBTB4	top2_delong	2	2	collectri	0.6262798719017848	0.006664538989605695	True	11972	51	11921	ensemble	0.6262798719017848	0.00880345169859852	True	0.0	0.0	1.0	1.0	False
NadigOConner2024_jurkat	ZNF143	top2_delong	3	3	ensemble	0.6096730559516819	0.004342475237329973	True	12001	80	11921	dorothea	0.604562326985991	0.00484849080837177	True	0.005110728965690869	0.28722402055289614	0.7739407951027016	1.0	False
NadigOConner2024_jurkat	CCNH	top2_delong	2	2	causalpath	0.5893063168371006	0.00010658639115269731	True	12120	199	11921	ensemble	0.5893063168371006	0.00011285617886756185	True	0.0	0.0	1.0	1.0	False
NadigOConner2024_jurkat	GABPA	top2_delong	4	3	collectri	0.5883489919749462	0.003881873873286882	True	12041	120	11921	causalpath	0.5771271985012443	0.012718219474425044	True	0.011221793473701891	0.3159916854226396	0.7520088191214305	1.0	False
NadigOConner2024_jurkat	GTF3A	top2_delong	2	2	collectri	0.5842157842157842	0.07517088456842155	True	11976	55	11921	ensemble	0.5842157842157842	0.07190412907465926	True	0.0	0.0	1.0	1.0	False
NadigOConner2024_jurkat	NELFA	top2_delong	2	2	causalpath	0.5791229762603808	0.010871619010521505	True	12041	120	11921	ensemble	0.5791229762603808	0.01055186551021205	True	0.0	0.0	1.0	1.0	False
NadigOConner2024_jurkat	MNAT1	top2_delong	2	2	causalpath	0.5764669084392144	0.010871619010521505	True	12050	129	11921	ensemble	0.5764669084392144	0.01055186551021205	True	0.0	0.0	1.0	1.0	False
NadigOConner2024_jurkat	ELL	top2_delong	2	2	causalpath	0.5725359522654577	0.04090330634964516	True	12013	92	11921	ensemble	0.5725359522654577	0.04247651044001613	True	0.0	0.0	1.0	1.0	False
NadigOConner2024_jurkat	USF2	top2_delong	4	2	ensemble	0.5700936440680524	0.014940456904884067	True	12060	139	11921	dorothea	0.5549664789601085	0.062466240397598884	True	0.015127165107943874	1.3614322697902985	0.17337712401905592	1.0	False
NadigOConner2024_jurkat	POLR2I	top2_delong	2	2	causalpath	0.5655748168194235	0.04075069913698576	True	12036	115	11921	ensemble	0.5655748168194235	0.0414218871227714	True	0.0	0.0	1.0	1.0	False
NadigOConner2024_jurkat	TGS1	top2_delong	2	2	causalpath	0.5655666579875958	0.01668361405329583	True	12075	154	11921	ensemble	0.5655666579875958	0.01640321717845052	True	0.0	0.0	1.0	1.0	False
NadigOConner2024_jurkat	HDAC3	top2_delong	3	1	collectri	0.5648393591141683	0.04368497974960861	True	12041	120	11921	ensemble	0.5519181835975728	0.10221149139383505	False	0.01292117551659544	0.7072584634092438	0.47940587295205683	1.0	False
NadigOConner2024_jurkat	ATR	top2_delong	2	2	causalpath	0.5589495927554815	0.05134959594209332	True	12047	126	11921	ensemble	0.5589495927554815	0.05534105613086948	True	0.0	0.0	1.0	1.0	False
NadigOConner2024_jurkat	GTF2F2	top2_delong	2	1	causalpath	0.5566720391444323	0.09410255764659725	True	12024	103	11921	ensemble	0.5566720391444323	0.10221149139383505	False	0.0	0.0	1.0	1.0	False
NadigOConner2024_jurkat	NELFCD	top2_delong	2	1	causalpath	0.5555148437908052	0.09410255764659725	True	12027	106	11921	ensemble	0.5555148437908052	0.10221149139383505	False	0.0	0.0	1.0	1.0	False
NadigOConner2024_jurkat	ZBTB17	top2_delong	3	2	collectri	0.5519316428510914	0.0020283100898703635	True	12323	402	11921	ensemble	0.5445670314646046	0.010492713311863452	True	0.007364611386486808	1.3428627873655865	0.17931640798533044	1.0	False
NadigOConner2024_jurkat	CCNK	top2_delong	2	2	causalpath	0.5486308068200039	0.028987322840464267	True	12158	237	11921	ensemble	0.5486308068200039	0.028774180760754973	True	0.0	0.0	1.0	1.0	False
NormanWeissman2019_filtered	IRF1	top2_delong	4	4	dorothea	0.9246282038827089	7.378165055221029e-192	True	12184	420	11764	causalpath	0.9178903353248814	6.635307740478895e-186	True	0.006737868557827542	0.9293895817552313	0.35268722501502037	0.7456223145786399	False
NormanWeissman2019_filtered	CEBPA	top2_delong	4	4	causalpath	0.8258777012208315	8.791366502762143e-122	True	12215	451	11764	collectri	0.7801937739324227	2.78259845206329e-90	True	0.045683927288408754	3.5554723606359233	0.00037730060969233927	0.0016601226826462928	True
NormanWeissman2019_filtered	TP73	top2_delong	4	4	collectri	0.7988869169548546	1.5190116529672014e-57	True	12010	246	11764	ensemble	0.7966145854930158	1.1907375066817565e-56	True	0.0022723314618388057	0.275273155303539	0.7831063870276693	0.9571300285893736	False
NormanWeissman2019_filtered	SPI1	top2_delong	4	4	causalpath	0.7061243443964134	1.5579287001259218e-65	True	12371	607	11764	dorothea	0.6932423606042393	1.531075115852005e-57	True	0.01288198379217409	0.8297094438950992	0.4067030806792581	0.7456223145786399	False
NormanWeissman2019_filtered	KLF1	top2_delong	3	3	collectri	0.7035528879405981	2.0217509715493806e-180	True	13698	1934	11764	ensemble	0.6489037946206452	3.461966481988981e-97	True	0.054649093319952935	9.001478638943112	2.2269780602878346e-19	4.899351732633236e-18	True
NormanWeissman2019_filtered	CEBPB	top2_delong	4	4	causalpath	0.6963015697608523	4.3195094840876357e-48	True	12244	480	11764	ensemble	0.5829651549926329	1.2386134940138885e-09	True	0.11333641476821943	7.111563667431959	1.1473551003292026e-12	1.2620906103621229e-11	True
NormanWeissman2019_filtered	HNF4A	top2_delong	4	4	ensemble	0.6922804424059434	2.1126195677029875e-23	True	11997	233	11764	dorothea	0.6889812959593026	7.887275626737737e-23	True	0.003299146446640866	0.49507778735397795	0.6205452126896582	0.85324966744828	False
NormanWeissman2019_filtered	IKZF3	top2_delong	2	2	collectri	0.6134079159963779	3.138017747480262e-23	True	12441	677	11764	ensemble	0.6134079159963779	2.958702447624247e-23	True	0.0	0.0	1.0	1.0	False
NormanWeissman2019_filtered	JUN	top2_delong	4	3	ensemble	0.5957237622936621	1.55076293993362e-07	True	12029	265	11764	dorothea	0.5888226312446672	8.215115651129052e-07	True	0.006901131048994924	0.3632548825149129	0.716414493188365	0.9271246382437666	False
NormanWeissman2019_filtered	FOSB	top2_delong	2	2	collectri	0.585776402584155	8.515309008485916e-13	True	12389	625	11764	ensemble	0.5620284257055423	2.48346248888895e-07	True	0.02374797687861263	5.560160308972889	2.695269643335752e-08	1.9765310717795516e-07	True
NormanWeissman2019_filtered	DLX2	top2_delong	2	2	collectri	0.5815704616279729	3.062009410170439e-13	True	12491	727	11764	ensemble	0.5815704616279729	2.9471840572890476e-13	True	0.0	0.0	1.0	1.0	False
NormanWeissman2019_filtered	KMT2A	top2_delong	3	2	dorothea	0.5547439989256499	0.00339808543778972	True	12002	238	11764	ensemble	0.5429300758045483	0.025442730750617187	True	0.011813923121101522	0.8706461549026401	0.3839473870091533	0.7456223145786399	False
NormanWeissman2019_filtered	SNAI1	top2_delong	3	3	collectri	0.543175783187684	0.0018625739492369336	True	12226	462	11764	ensemble	0.5368379353843481	0.008410026562137771	True	0.006337847803335905	3.227316541695068	0.001249571417203327	0.003927224454067599	True
NormanWeissman2019_filtered	MEIS1	top2_delong	3	2	dorothea	0.5406062141506267	0.00016339591477790367	True	12529	765	11764	ensemble	0.521772750809493	0.042617803775980026	True	0.01883346334113367	3.468008103473863	0.0005243314772028007	0.0019225487497436025	True
NormanWeissman2019_filtered	ETS2	top2_delong	4	3	causalpath	0.5380388220782786	3.328538554910768e-06	True	12959	1195	11764	ensemble	0.527013909537501	0.0026094892592114544	True	0.011024912540777532	1.1093361592075304	0.26728519171756493	0.6533638019762698	False
NormanWeissman2019_filtered	FOXL2	top2_delong	3	2	collectri	0.5379524922032957	0.001367424481481785	True	12415	651	11764	ensemble	0.5377649195050013	0.0015921618166105764	True	0.0001875726982943915	0.03025517535311109	0.9758635450779953	1.0	False
NormanWeissman2019_filtered	PRDM1	top2_delong	3	1	dorothea	0.5370376474289138	0.0223441886125575	True	12058	294	11764	collectri	0.5214504877095347	0.1952300336180376	False	0.015587159719379073	0.6220709010306341	0.5338952480139221	0.8389782468790205	False
NormanWeissman2019_filtered	MAML2	top2_delong	2	1	causalpath	0.531543873308727	0.00888019058255365	True	12385	621	11764	ensemble	0.5025844425061639	0.54630112867473	False	0.028959430802563135	4.778675357832764	1.7645383092647628e-06	9.704960700956195e-06	True
NormanWeissman2019_filtered	EGR1	top2_delong	4	1	causalpath	0.5303010902173118	0.04769641696122575	True	12080	316	11764	dorothea	0.518516316675203	0.1674797811214605	False	0.011784773542108717	0.5540789346875118	0.579524825993722	0.8499697447907923	False
NormanWeissman2019_filtered	AHR	top2_delong	4	2	causalpath	0.5288087168533523	0.021355298415479472	True	12321	557	11764	dorothea	0.5282325287811702	0.01973018948033632	True	0.0005761880721820711	0.03209011756040248	0.9744001843973649	1.0	False
NormanWeissman2019_filtered	TBX3	top2_delong	2	2	collectri	0.5255637259056658	0.02001671100263861	True	12446	682	11764	ensemble	0.5194114506107903	0.07949306016837472	True	0.006152275294875498	1.4154562005587206	0.15693478167145655	0.4315706495965055	False
NormanWeissman2019_filtered	FOXA1	top2_delong	4	2	dorothea	0.5219630782637378	0.0232920446116613	True	12599	835	11764	ensemble	0.52083245952841	0.042617803775980026	True	0.0011306187353278263	0.6320942530922201	0.5273252902430551	0.8389782468790205	False
PapalexiSatija2021_eccite_RNA	STAT1	top2_delong	4	4	collectri	0.8533827205243802	3.716887629159992e-123	True	2830	444	2386	causalpath	0.7933799264478224	2.387279229523312e-85	True	0.06000279407655784	7.093866290276131	1.304161414737547e-12	1.0433291317900376e-11	True
PapalexiSatija2021_eccite_RNA	STAT2	top2_delong	3	3	dorothea	0.7891615614534102	3.1901450508531923e-114	True	3047	661	2386	ensemble	0.7836338550774629	7.856073551618162e-110	True	0.00552770637594735	2.892076686448976	0.0038270452174078784	0.015308180869631514	True
PapalexiSatija2021_eccite_RNA	MYC	top2_delong	4	4	ensemble	0.642347947122742	6.26386603222346e-07	True	2495	109	2386	collectri	0.6350846297592224	2.31798450373442e-06	True	0.007263317363519595	1.0069470537369036	0.31396021840070965	0.5023363494411355	False
PapalexiSatija2021_eccite_RNA	IRF1	top2_delong	4	4	dorothea	0.6381278957947455	1.659828803780032e-38	True	3459	1073	2386	collectri	0.6247893701141092	1.378007406232278e-31	True	0.013338525680636315	1.646650369344532	0.09962993096101563	0.26567981589604167	False
PapalexiSatija2021_eccite_RNA	SMAD4	top2_delong	4	4	causalpath	0.585728967790106	1.8828584059062765e-11	True	3045	659	2386	collectri	0.5664244003017094	2.7856575619177074e-07	True	0.019304567488396596	1.3590334628894798	0.17413598522320717	0.34827197044641434	False
PapalexiSatija2021_eccite_RNA	SPI1	top2_delong	4	3	causalpath	0.5854987426655491	0.03017380162598474	True	2434	48	2386	ensemble	0.5831499720592344	0.039188867655652666	True	0.002348770606314776	0.044825496730854286	0.9642464020628622	1.0	False
PapalexiSatija2021_eccite_RNA	JAK2	top2_delong	2	2	causalpath	0.579339359152347	3.1659388847255275e-13	True	3410	1024	2386	ensemble	0.579339359152347	3.086790412607389e-13	True	0.0	0.0	1.0	1.0	False
PapalexiSatija2021_eccite_RNA	NFKBIA	top2_delong	2	2	causalpath	0.5262213611590696	0.022626419218303922	True	3173	787	2386	ensemble	0.5262213611590696	0.025212295700395796	True	0.0	0.0	1.0	1.0	False
ReplogleWeissman2022_K562_essential	MAX	top2_delong	4	3	causalpath	0.874382136222264	4.044723873030919e-65	True	10826	180	10646	ensemble	0.8288783476318701	1.9195593171274253e-50	True	0.045503788590393945	5.612307640017768	1.9964608968021166e-08	5.789736600726138e-07	True
ReplogleWeissman2022_K562_essential	RUVBL1	top2_delong	2	2	causalpath	0.82746512467382	3.7027989564773663e-53	True	10837	191	10646	ensemble	0.82746512467382	1.0771778782479612e-52	True	0.0	0.0	1.0	1.0	False
ReplogleWeissman2022_K562_essential	RUVBL2	top2_delong	2	2	causalpath	0.7480945224229085	0.003885211709518615	True	10660	14	10646	ensemble	0.7480945224229085	0.004081434523130666	True	0.0	0.0	1.0	1.0	False
ReplogleWeissman2022_K562_essential	ATF4	top2_delong	4	3	dorothea	0.7395905086939278	3.028566317145396e-11	True	10718	72	10646	ensemble	0.6871047028617947	2.961269516751844e-07	True	0.05248580583213314	3.5647777725552485	0.0003641646043483403	0.005280386763050935	True
ReplogleWeissman2022_K562_essential	NRF1	top2_delong	4	4	dorothea	0.6940022380318389	1.7783792334260844e-07	True	10715	69	10646	ensemble	0.688250605112623	4.165813980013641e-07	True	0.005751632919215877	0.29801329272103755	0.7656930182146364	1.0	False
ReplogleWeissman2022_K562_essential	SFPQ	top2_delong	2	2	collectri	0.6928032437848332	9.721555272744611e-29	True	10946	300	10646	ensemble	0.6928032437848332	7.11643261795684e-29	True	0.0	0.0	1.0	1.0	False
ReplogleWeissman2022_K562_essential	PPARGC1B	single_available_significant	1	1	ensemble	0.6637605078148773	2.6330075370329747e-10	True	10788	142	10646				False					True
ReplogleWeissman2022_K562_essential	MYC	top2_delong	4	4	causalpath	0.6564032024375995	2.545684785282751e-05	True	10719	73	10646	collectri	0.6469250782981066	7.483562627261695e-05	True	0.009478124139492894	0.39110352829415096	0.6957207127428745	1.0	False
ReplogleWeissman2022_K562_essential	MYBL2	top2_delong	4	4	ensemble	0.6484672669802597	1.0460994239254033e-06	True	10749	103	10646	causalpath	0.6382724538502085	1.0117622181269094e-05	True	0.010194813130051217	0.3874892772480528	0.698394021648433	1.0	False
ReplogleWeissman2022_K562_essential	ATF5	top2_delong	2	2	collectri	0.6352240977532266	2.093832312755853e-07	True	10787	141	10646	ensemble	0.6352240977532266	2.6275542748308744e-07	True	0.0	0.0	1.0	1.0	False
ReplogleWeissman2022_K562_essential	TFDP1	top2_delong	4	4	dorothea	0.6250569066523444	1.821801619502788e-07	True	10809	163	10646	ensemble	0.6199597994119742	7.850023101163476e-07	True	0.005097107240370158	0.5113539366128814	0.6091032434992372	1.0	False
ReplogleWeissman2022_K562_essential	GATA1	top2_delong	4	2	causalpath	0.6193571473300948	0.00011977686959501859	True	10751	105	10646	collectri	0.6046053514398433	0.0006236078154491466	True	0.014751795890251551	0.41188262582415547	0.6804254559543248	1.0	False
ReplogleWeissman2022_K562_essential	HSF1	top2_delong	4	3	ensemble	0.6134691139864739	4.244890101702565e-05	True	10774	128	10646	dorothea	0.6114899375352245	3.790602574115328e-05	True	0.0019791764512493426	0.14711464989423856	0.8830415267498287	1.0	False
ReplogleWeissman2022_K562_essential	TAF12	single_available_significant	1	1	ensemble	0.6121735863235017	0.010800708758667238	True	10701	55	10646				False					True
ReplogleWeissman2022_K562_essential	SRF	top2_delong	3	3	collectri	0.6100524033607798	9.567767000147758e-05	True	10769	123	10646	ensemble	0.592103755905115	0.0014319618316853502	True	0.017948647455664823	0.7702639827469531	0.4411433168046791	1.0	False
ReplogleWeissman2022_K562_essential	CHEK1	top2_delong	2	2	causalpath	0.6051198726642459	1.0681195765068281e-08	True	10938	292	10646	ensemble	0.6051198726642459	7.768142374595114e-09	True	0.0	0.0	1.0	1.0	False
ReplogleWeissman2022_K562_essential	NELFA	top2_delong	2	2	causalpath	0.5959801425606941	0.0055329247958821205	True	10733	87	10646	ensemble	0.5959801425606941	0.005930024661615287	True	0.0	0.0	1.0	1.0	False
ReplogleWeissman2022_K562_essential	SSRP1	top2_delong	3	2	collectri	0.5887720661027933	3.474948267767402e-11	True	11180	534	10646	ensemble	0.5786455288019414	7.768142374595114e-09	True	0.01012653730085189	2.069202990886171	0.03852704218277276	0.37242807443347004	False
ReplogleWeissman2022_K562_essential	SRSF2	top2_delong	2	2	collectri	0.58279356470553	0.03733493948612912	True	10715	69	10646	ensemble	0.58279356470553	0.040995227671043744	True	0.0	0.0	1.0	1.0	False
ReplogleWeissman2022_K562_essential	POLR2I	top2_delong	2	2	causalpath	0.57656176545406	0.000614822607727487	True	10855	209	10646	ensemble	0.57656176545406	0.0005469260675027134	True	0.0	0.0	1.0	1.0	False
ReplogleWeissman2022_K562_essential	SUPT5H	top2_delong	2	2	causalpath	0.5708211313832314	4.658753387105649e-05	True	10986	340	10646	ensemble	0.5708211313832314	3.9528816617866114e-05	True	0.0	0.0	1.0	1.0	False
ReplogleWeissman2022_K562_essential	CDK9	top2_delong	2	2	causalpath	0.5707008718280557	0.012035834054550517	True	10781	135	10646	ensemble	0.5707008718280557	0.011936364351620349	True	0.0	0.0	1.0	1.0	False
ReplogleWeissman2022_K562_essential	TFAM	top2_delong	2	2	collectri	0.5680468560274556	0.05691930445271798	True	10728	82	10646	ensemble	0.5680468560274556	0.0694440315763008	True	0.0	0.0	1.0	1.0	False
ReplogleWeissman2022_K562_essential	BRD4	top2_delong	2	2	collectri	0.5649739849218731	0.03733493948612912	True	10761	115	10646	ensemble	0.5649739849218731	0.03985084211461236	True	0.0	0.0	1.0	1.0	False
ReplogleWeissman2022_K562_essential	MZF1	top2_delong	2	2	collectri	0.5600034637422506	0.03807850584561915	True	10774	128	10646	ensemble	0.5600034637422506	0.04348416040095802	True	0.0	0.0	1.0	1.0	False
ReplogleWeissman2022_K562_essential	ZBTB17	top2_delong	3	2	causalpath	0.5585134287304293	0.026902333812611805	True	10805	159	10646	ensemble	0.5527702848797847	0.04769342264007873	True	0.005743143850644561	0.21778280874533953	0.8275983397165572	1.0	False
ReplogleWeissman2022_K562_essential	MED1	top2_delong	2	2	ensemble	0.5580925964223752	0.005988107675096091	True	10884	238	10646	causalpath	0.5440335818715989	0.045187171582437485	True	0.014059014550776294	1.825183863627293	0.06797328802798991	0.3942450705623414	False
ReplogleWeissman2022_K562_essential	HINFP	top2_delong	3	1	dorothea	0.5565913674725913	0.023869237292899942	True	10805	159	10646	ensemble	0.5281624657207301	0.3188921479167477	False	0.02842890175186119	1.8381030648316679	0.06604721967121686	0.3942450705623414	False
ReplogleWeissman2022_K562_essential	TRRAP	top2_delong	2	2	causalpath	0.5551171545860204	0.000614822607727487	True	11050	404	10646	ensemble	0.5551171545860204	0.0005789969024572727	True	0.0	0.0	1.0	1.0	False
ReplogleWeissman2022_K562_essential	CCND1	top2_delong	2	2	causalpath	0.5480362423085139	0.0980367341733798	True	10792	146	10646	ensemble	0.5480362423085139	0.09167071247380967	True	0.0	0.0	1.0	1.0	False
ReplogleWeissman2022_K562_essential	USF2	top2_delong	4	1	dorothea	0.5409303555530145	0.08482301900337216	True	10830	184	10646	ensemble	0.5351356704702317	0.17791548989438666	False	0.005794685082782802	0.5787141685172484	0.5627820541514978	1.0	False
ReplogleWeissman2022_K562_gwps	SREBF2	top2_delong	4	4	causalpath	0.7916540368216419	1.7640806617530338e-41	True	74803	188	74615	collectri	0.725969551499114	9.203891794877563e-25	True	0.06568448532252791	4.345210628106324	1.3914208683375817e-05	0.00033394100840101966	True
ReplogleWeissman2022_K562_gwps	TFAM	top2_delong	2	2	collectri	0.7629382758933501	5.941753382508655e-26	True	74762	147	74615	ensemble	0.7629382758933501	8.099968736693414e-26	True	0.0	0.0	1.0	1.0	False
ReplogleWeissman2022_K562_gwps	MAX	top2_delong	4	3	causalpath	0.7317864238978591	2.569851587355145e-29	True	74824	209	74615	ensemble	0.7159171466157856	5.351122180730438e-25	True	0.015869277282073435	1.4911415986788705	0.13592432277267272	0.4349578328725527	False
ReplogleWeissman2022_K562_gwps	ATR	top2_delong	2	2	causalpath	0.6822991355625545	1.5894789647849053e-06	True	74689	74	74615	ensemble	0.6822991355625545	1.710448160334907e-06	True	0.0	0.0	1.0	1.0	False
ReplogleWeissman2022_K562_gwps	RUVBL1	top2_delong	2	2	causalpath	0.6804489501132267	1.3317526627233034e-05	True	74678	63	74615	ensemble	0.6804489501132267	1.7913841126897533e-05	True	0.0	0.0	1.0	1.0	False
ReplogleWeissman2022_K562_gwps	ATF4	top2_delong	4	3	dorothea	0.6712295934665263	1.2090745817510093e-07	True	74718	103	74615	ensemble	0.6496357678152379	4.045562127105832e-06	True	0.021593825651288423	1.6963610342689308	0.08981752829904659	0.33163395064263357	False
ReplogleWeissman2022_K562_gwps	LIN52	top2_delong	2	1	causalpath	0.6685152672608278	0.09951314216135795	True	74630	15	74615	ensemble	0.6685152672608278	0.17938503326023938	False	0.0	0.0	1.0	1.0	False
ReplogleWeissman2022_K562_gwps	MLX	single_available_significant	1	1	ensemble	0.6434999430643737	1.2476410640785648e-07	True	74758	143	74615				False					True
ReplogleWeissman2022_K562_gwps	TAF12	single_available_significant	1	1	ensemble	0.6411305695477921	0.012510347208213528	True	74662	47	74615				False					True
ReplogleWeissman2022_K562_gwps	MYC	top2_delong	4	4	causalpath	0.6365224478855404	4.079082409430506e-05	True	74713	98	74615	collectri	0.6255350253751571	0.0004192091688026259	True	0.010987422510383205	0.4773889463937225	0.633085183850328	1.0	False
ReplogleWeissman2022_K562_gwps	STAT5B	top2_delong	4	3	causalpath	0.632974666781542	5.397747279071537e-06	True	74741	126	74615	ensemble	0.5834694287820335	0.015458971965743177	True	0.04950523799950857	1.8382405053358413	0.06602697357450438	0.316929473157621	False
ReplogleWeissman2022_K562_gwps	SFPQ	top2_delong	2	2	collectri	0.6214928435916393	6.396549497293875e-07	True	74798	183	74615	ensemble	0.6214928435916393	4.932398500948213e-07	True	0.0	0.0	1.0	1.0	False
ReplogleWeissman2022_K562_gwps	PPARGC1B	single_available_significant	1	1	ensemble	0.6212790339616381	1.5668450743371342e-12	True	74951	336	74615				False					True
ReplogleWeissman2022_K562_gwps	ESRRA	top2_delong	4	3	causalpath	0.6131320188733538	8.563402055941052e-07	True	74819	204	74615	ensemble	0.56112830175292	0.030013737042801983	True	0.052003717120433834	2.380390823144618	0.017294284946941182	0.11858938249331095	False
ReplogleWeissman2022_K562_gwps	HSF1	top2_delong	4	3	dorothea	0.6092688908476619	3.339180360422172e-07	True	74849	234	74615	ensemble	0.6059649219268599	6.981059842304745e-07	True	0.0033039689208019807	0.3687943098911091	0.7122810462390484	1.0	False
ReplogleWeissman2022_K562_gwps	TFAP4	top2_delong	3	1	collectri	0.6091041258168746	0.0965448549667338	True	74661	46	74615	ensemble	0.5272497370560181	0.7627855882055198	False	0.08185438876085649	2.229963659646399	0.02574985553258837	0.15449913319553024	False
ReplogleWeissman2022_K562_gwps	NRF1	top2_delong	4	2	dorothea	0.6024785335363736	0.004783828851426237	True	74724	109	74615	ensemble	0.6019169965455701	0.004118050471254861	True	0.0005615369908035239	0.03311339850747476	0.9735841581459684	1.0	False
ReplogleWeissman2022_K562_gwps	LIN9	top2_delong	2	2	causalpath	0.6024564191420723	0.04463071995212281	True	74671	56	74615	ensemble	0.6024564191420723	0.07533038859708913	True	0.0	0.0	1.0	1.0	False
ReplogleWeissman2022_K562_gwps	TFDP1	top2_delong	4	4	dorothea	0.6011153551192416	7.449128474469926e-08	True	74930	315	74615	ensemble	0.5991217987787043	6.039620824085491e-08	True	0.001993556340537328	0.2923464060243817	0.770021780858327	1.0	False
ReplogleWeissman2022_K562_gwps	ETS2	top2_delong	3	2	collectri	0.6004245497256286	0.016687438318470364	True	74705	90	74615	ensemble	0.5984693277342209	0.015458971965743177	True	0.0019552219914077407	0.36694302367597087	0.7136615182737567	1.0	False
ReplogleWeissman2022_K562_gwps	MTF1	top2_delong	2	2	collectri	0.5987670842059096	0.0002796942352840831	True	74782	167	74615	ensemble	0.59527378266318	0.00041386692624037475	True	0.003493301542729643	0.6225495277094493	0.5335805874265739	1.0	False
ReplogleWeissman2022_K562_gwps	ZBTB4	top2_delong	2	2	collectri	0.5971584445099576	2.0934680841632886e-08	True	74968	353	74615	ensemble	0.5971584445099576	1.7123254643559813e-08	True	0.0	0.0	1.0	1.0	False
ReplogleWeissman2022_K562_gwps	MYB	top2_delong	4	3	causalpath	0.5931024933516915	0.00016566111557292436	True	74796	181	74615	ensemble	0.5718597455890514	0.012510347208213528	True	0.021242747762640124	1.0916195462656026	0.27500036108738324	0.6600008666097198	False
ReplogleWeissman2022_K562_gwps	ATF6	top2_delong	4	2	dorothea	0.5907785952139618	0.006731267732162735	True	74742	127	74615	causalpath	0.5720636801723915	0.031019797256197943	True	0.0187149150415703	1.2093517430671752	0.2265277398052491	0.6040739728139976	False
ReplogleWeissman2022_K562_gwps	SRF	top2_delong	3	3	collectri	0.5858719876186341	6.396549497293875e-07	True	74980	365	74615	ensemble	0.5707929747131164	6.916316023849218e-05	True	0.015079012905517719	1.2689604027229053	0.2044551871824669	0.5772852343975536	False
ReplogleWeissman2022_K562_gwps	ARNT	top2_delong	4	1	causalpath	0.5852882070614819	0.029299563353892447	True	74708	93	74615	ensemble	0.558526457319617	0.2958370645170653	False	0.02676174974186485	1.1197733285767653	0.26281036772034205	0.6600008666097198	False
ReplogleWeissman2022_K562_gwps	HINFP	top2_delong	3	1	collectri	0.5844397974964294	0.041386479335210925	True	74717	102	74615	ensemble	0.5612169266285888	0.2129227233590623	False	0.023222870867840584	0.7868244711803725	0.4313846261890497	0.9002809590032341	False
ReplogleWeissman2022_K562_gwps	KLF1	top2_delong	3	1	collectri	0.5841034730973838	0.005403137402336835	True	74770	155	74615	ensemble	0.5557477200165148	0.13405891429453204	False	0.028355753080868906	1.3384401263429913	0.18075300579939335	0.54225901739818	False
ReplogleWeissman2022_K562_gwps	POLR2I	top2_delong	2	2	causalpath	0.5833322803087595	0.02348381979350806	True	74720	105	74615	ensemble	0.5833322803087595	0.035098727714977636	True	0.0	0.0	1.0	1.0	False
ReplogleWeissman2022_K562_gwps	YY1	top2_delong	4	1	causalpath	0.5769328004970973	0.0038929057101053533	True	74791	176	74615	collectri	0.5433780527922121	0.2746799838676371	False	0.0335547477048852	1.5207938051666587	0.12831158949515856	0.4349578328725527	False
ReplogleWeissman2022_K562_gwps	NR2C2	top2_delong	3	2	dorothea	0.5752120445018778	0.005017483617365218	True	74812	197	74615	ensemble	0.5675034381228037	0.014737629356622766	True	0.007708606379074112	1.0238500484923134	0.30590610680229346	0.6719278836678972	False
ReplogleWeissman2022_K562_gwps	TRRAP	top2_delong	2	2	causalpath	0.5743378781641866	8.138644944853981e-05	True	74923	308	74615	ensemble	0.5743378781641866	0.00014075431459621045	True	0.0	0.0	1.0	1.0	False
ReplogleWeissman2022_K562_gwps	CTDP1	top2_delong	2	2	causalpath	0.5717396499671766	0.04463071995212281	True	74728	113	74615	ensemble	0.5717396499671766	0.07640721806767284	True	0.0	0.0	1.0	1.0	False
ReplogleWeissman2022_K562_gwps	BHLHE40	top2_delong	3	1	collectri	0.5706503666613112	2.4641828651333213e-05	True	75030	415	74615	ensemble	0.5140824586289943	0.6675817821914125	False	0.05656790803231693	3.7718190541548275	0.00016206176467423484	0.0019447411760908182	True
ReplogleWeissman2022_K562_gwps	CARM1	top2_delong	2	2	causalpath	0.5699894728423109	0.020719069415355316	True	74770	155	74615	ensemble	0.5699894728423109	0.030013737042801983	True	0.0	0.0	1.0	1.0	False
ReplogleWeissman2022_K562_gwps	NELFE	top2_delong	2	2	causalpath	0.5675434617125705	0.03478815522742606	True	74754	139	74615	ensemble	0.5675434617125705	0.060881664432026826	True	0.0	0.0	1.0	1.0	False
ReplogleWeissman2022_K562_gwps	SP1	top2_delong	4	2	collectri	0.5664360298262043	0.019244355366172555	True	74812	197	74615	causalpath	0.5627271091433487	0.020170648459246696	True	0.0037089206828556653	0.22571054717165692	0.8214265543061661	1.0	False
ReplogleWeissman2022_K562_gwps	NFE2	top2_delong	3	1	collectri	0.5651870341828796	0.07537083219471072	True	74759	144	74615	ensemble	0.5021579292218574	0.8821639084551679	False	0.06302910496102221	3.1072377949027814	0.0018884442712077563	0.01812906500359446	True
ReplogleWeissman2022_K562_gwps	HIF1A	top2_delong	4	1	causalpath	0.5648425704625307	0.029299563353892447	True	74777	162	74615	collectri	0.5246726612247397	0.627925739165579	False	0.04016990923779107	1.721065516616309	0.0852389358186574	0.33163395064263357	False
ReplogleWeissman2022_K562_gwps	NCOA6	top2_delong	2	2	causalpath	0.5640292156262732	0.003387803217026946	True	74878	263	74615	ensemble	0.5640292156262732	0.005569721709802413	True	0.0	0.0	1.0	1.0	False
ReplogleWeissman2022_K562_gwps	SUPT5H	top2_delong	2	1	causalpath	0.5624054643292934	0.06397992010969994	True	74744	129	74615	ensemble	0.5624054643292934	0.12294497922470785	False	0.0	0.0	1.0	1.0	False
ReplogleWeissman2022_K562_gwps	NCOR1	top2_delong	2	1	ensemble	0.5561612770114659	0.07257839550174723	True	74805	190	74615	collectri	0.5365960703541337	0.4001193851646936	False	0.01956520665733219	3.9548151910574405	7.659383507151598e-05	0.0012255013611442557	True
ReplogleWeissman2022_K562_gwps	JUN	top2_delong	4	1	ensemble	0.5545473050969821	0.060881664432026826	True	74827	212	74615	collectri	0.5481445634761588	0.13660378221885808	False	0.006402741620823327	1.019497273978863	0.30796694668111957	0.6719278836678972	False
ReplogleWeissman2022_K562_gwps	SSRP1	top2_delong	3	2	ensemble	0.5534220463346666	0.014737629356622766	True	74929	314	74615	collectri	0.5525216280089171	0.019244355366172555	True	0.0009004183257494969	0.14218502215715734	0.886933862175361	1.0	False
ReplogleWeissman2022_K562_gwps	KLF2	top2_delong	2	1	ensemble	0.5515724410539842	0.051234989194925445	True	74866	251	74615	collectri	0.5437568629188934	0.14161958210067596	False	0.007815578135090817	2.459503831589712	0.013912921249703336	0.11130336999762669	False
ReplogleWeissman2022_K562_gwps	RBL1	top2_delong	2	2	causalpath	0.5462011977691014	0.056716789155597504	True	74868	253	74615	ensemble	0.5462011977691014	0.09873031907148258	True	0.0	0.0	1.0	1.0	False
ReplogleWeissman2022_K562_gwps	TFAP2A	top2_delong	4	1	causalpath	0.5431823312388939	0.05728720923335768	True	74897	282	74615	collectri	0.5290919390934932	0.4068952228220565	False	0.014090392145400754	0.6325783167188735	0.5270090505618225	1.0	False
ReplogleWeissman2022_K562_gwps	ZEB1	top2_delong	3	1	collectri	0.5426674790483372	0.030165248101947467	True	75048	433	74615	ensemble	0.5161141434421099	0.6299268000300612	False	0.026553335606227302	1.772133074989881	0.07637246973001041	0.33163395064263357	False
ReplogleWeissman2022_K562_gwps	E2F6	top2_delong	4	1	causalpath	0.5384271276764584	0.08929772170116544	True	74919	304	74615	collectri	0.4992278785484787	0.9037171005689472	False	0.039199249127979674	1.8438367950040455	0.06520692858207765	0.316929473157621	False
ReplogleWeissman2022_K562_gwps	E2F3	top2_delong	4	1	causalpath	0.5371445802739778	0.05728720923335768	True	75000	385	74615	ensemble	0.5356469356549769	0.1322566525596767	False	0.0014976446190009263	0.15391149965214945	0.8776795167369693	1.0	False
ReplogleWeissman2022_K562_gwps	REST	top2_delong	3	1	collectri	0.536434035868846	0.07537083219471072	True	75084	469	74615	ensemble	0.4736687419013909	0.9999973175522411	False	0.06276529396745506	5.145539324750745	2.6675331168156847e-07	1.2804158960715288e-05	True
ReplogleWeissman2022_rpe1	TRRAP	top2_delong	2	2	causalpath	0.8842931306404976	2.552380834902563e-07	True	11429	16	11413	ensemble	0.8842931306404976	3.4168308447973314e-07	True	0.0	0.0	1.0	1.0	False
ReplogleWeissman2022_rpe1	SRF	top2_delong	4	4	dorothea	0.8823972662753	1.5272855840942066e-36	True	11508	95	11413	ensemble	0.8630407614585399	6.654534932731672e-33	True	0.0193565048167601	2.435785738364915	0.014859483363358104	0.10302905830847567	False
ReplogleWeissman2022_rpe1	MYC	top2_delong	4	4	collectri	0.8644416098329323	2.488829513238835e-30	True	11499	86	11413	ensemble	0.8558335150246863	8.363991468217764e-29	True	0.00860809480824598	3.0030325785964287	0.002673038149866318	0.0352841035782354	True
ReplogleWeissman2022_rpe1	RUVBL1	top2_delong	2	2	causalpath	0.8583691901837877	4.443399641995247e-37	True	11524	111	11413	ensemble	0.8583691901837877	3.4698457878502206e-37	True	0.0	0.0	1.0	1.0	False
ReplogleWeissman2022_rpe1	CDK7	top2_delong	2	2	causalpath	0.8452787756651772	0.03710875121582073	True	11416	3	11413	ensemble	0.8452787756651772	0.045186317896392644	True	0.0	0.0	1.0	1.0	False
ReplogleWeissman2022_rpe1	RUVBL2	top2_delong	2	2	causalpath	0.8395674523204533	9.037830722443624e-19	True	11473	60	11413	ensemble	0.8395674523204533	8.822039820362805e-19	True	0.0	0.0	1.0	1.0	False
ReplogleWeissman2022_rpe1	POLR2K	top2_delong	2	2	causalpath	0.8073271707701744	4.554557602734995e-06	True	11433	20	11413	ensemble	0.8073271707701744	5.631360781284232e-06	True	0.0	0.0	1.0	1.0	False
ReplogleWeissman2022_rpe1	SUPT5H	top2_delong	2	2	causalpath	0.7994079433227772	0.006742653107124164	True	11420	7	11413	ensemble	0.7994079433227772	0.00859645752708332	True	0.0	0.0	1.0	1.0	False
ReplogleWeissman2022_rpe1	NRF1	top2_delong	4	4	ensemble	0.7881908912213647	2.400581099192065e-12	True	11466	53	11413	dorothea	0.7754546701956888	2.729557587217682e-11	True	0.012736221025675842	0.7012385494924159	0.48315415594487343	1.0	False
ReplogleWeissman2022_rpe1	SUPT4H1	top2_delong	2	2	causalpath	0.7821398843424165	0.00017221640323212395	True	11429	16	11413	ensemble	0.7821398843424165	0.0002225935378467127	True	0.0	0.0	1.0	1.0	False
ReplogleWeissman2022_rpe1	ZNF143	top2_delong	3	2	collectri	0.7756974049556313	1.5211350481656843e-06	True	11442	29	11413	ensemble	0.6700193669046489	0.0025444508611432715	True	0.10567803805098241	2.7336127221298763	0.006264367700139134	0.06890804470153047	True
ReplogleWeissman2022_rpe1	SFPQ	top2_delong	2	2	collectri	0.7647114506014446	4.370950404991139e-21	True	11525	112	11413	ensemble	0.7647114506014446	4.56813613754713e-21	True	0.0	0.0	1.0	1.0	False
ReplogleWeissman2022_rpe1	NELFE	top2_delong	2	2	causalpath	0.7641740377361717	1.0699166458256112e-15	True	11495	82	11413	ensemble	0.7641740377361717	1.113995608762247e-15	True	0.0	0.0	1.0	1.0	False
ReplogleWeissman2022_rpe1	POLR2C	top2_delong	2	2	causalpath	0.7509954535276536	0.0003730832725067212	True	11431	18	11413	ensemble	0.7509954535276536	0.0005244125549504588	True	0.0	0.0	1.0	1.0	False
ReplogleWeissman2022_rpe1	MAX	top2_delong	4	3	causalpath	0.744860418296941	1.8016341180944305e-14	True	11500	87	11413	ensemble	0.7033550166124333	2.945632193163825e-10	True	0.04150540168450778	2.6451839264945782	0.00816465243734428	0.07698100869496036	True
ReplogleWeissman2022_rpe1	ATR	top2_delong	2	2	causalpath	0.7381763297654345	2.537554165384993e-23	True	11568	155	11413	ensemble	0.7381763297654345	1.9815731965646854e-23	True	0.0	0.0	1.0	1.0	False
ReplogleWeissman2022_rpe1	MNAT1	top2_delong	2	2	causalpath	0.7365687290028554	1.1712333617032527e-11	True	11486	73	11413	ensemble	0.7365687290028554	1.5478096888887408e-11	True	0.0	0.0	1.0	1.0	False
ReplogleWeissman2022_rpe1	ELL	top2_delong	2	2	causalpath	0.7341310080716683	1.3798758813445464e-23	True	11577	164	11413	ensemble	0.7341310080716683	8.620348202556943e-24	True	0.0	0.0	1.0	1.0	False
ReplogleWeissman2022_rpe1	NELFA	top2_delong	2	2	causalpath	0.7246771562792765	5.537535729476012e-08	True	11465	52	11413	ensemble	0.7246771562792765	7.351234229635852e-08	True	0.0	0.0	1.0	1.0	False
ReplogleWeissman2022_rpe1	GTF2H4	top2_delong	2	2	causalpath	0.7231618705486225	2.1585234335217623e-08	True	11469	56	11413	ensemble	0.7231618705486225	2.8388859350398576e-08	True	0.0	0.0	1.0	1.0	False
ReplogleWeissman2022_rpe1	SRSF2	top2_delong	2	2	collectri	0.7224897047226847	4.814348316918817e-06	True	11453	40	11413	ensemble	0.7224897047226847	3.4455090071312584e-06	True	0.0	0.0	1.0	1.0	False
ReplogleWeissman2022_rpe1	GTF2F2	top2_delong	2	2	causalpath	0.7187970864401108	1.0354549200586723e-08	True	11474	61	11413	ensemble	0.7187970864401108	1.3476426394022046e-08	True	0.0	0.0	1.0	1.0	False
ReplogleWeissman2022_rpe1	CCNH	top2_delong	2	2	causalpath	0.7178606456135194	9.681829515737851e-09	True	11475	62	11413	ensemble	0.7178606456135194	1.2452637301801625e-08	True	0.0	0.0	1.0	1.0	False
ReplogleWeissman2022_rpe1	HSF1	top2_delong	4	3	dorothea	0.7160071386738115	0.0027276905854598356	True	11432	19	11413	ensemble	0.655771119729579	0.024162117066858082	True	0.06023601894423247	1.0789782976666469	0.28059740240545017	1.0	False
ReplogleWeissman2022_rpe1	TFAM	top2_delong	2	2	collectri	0.6982731533235287	1.047805678197041e-279	True	14989	3576	11413	ensemble	0.6982731533235287	1.9163814377551142e-279	True	0.0	0.0	1.0	1.0	False
ReplogleWeissman2022_rpe1	SUPT16H	top2_delong	2	2	causalpath	0.6965635074340514	0.0003948577261839028	True	11442	29	11413	ensemble	0.6965635074340514	0.0005570084343268393	True	0.0	0.0	1.0	1.0	False
ReplogleWeissman2022_rpe1	GTF2H1	top2_delong	2	2	causalpath	0.693876327548917	0.00391341299295777	True	11432	19	11413	ensemble	0.693876327548917	0.005181878806747453	True	0.0	0.0	1.0	1.0	False
ReplogleWeissman2022_rpe1	POLR2H	top2_delong	2	2	causalpath	0.6924033996319986	0.0104436849212182	True	11428	15	11413	ensemble	0.6924033996319986	0.012925637602304823	True	0.0	0.0	1.0	1.0	False
ReplogleWeissman2022_rpe1	NELFB	top2_delong	2	2	causalpath	0.6912407810814649	1.3817611044710272e-14	True	11558	145	11413	ensemble	0.6912407810814649	1.5106219715172017e-14	True	0.0	0.0	1.0	1.0	False
ReplogleWeissman2022_rpe1	ERCC3	top2_delong	2	2	causalpath	0.6911054899256761	0.0019738711550022527	True	11436	23	11413	ensemble	0.6911054899256761	0.0025444508611432715	True	0.0	0.0	1.0	1.0	False
ReplogleWeissman2022_rpe1	POLR2B	top2_delong	2	2	causalpath	0.6876102385151943	0.002243288294923569	True	11436	23	11413	ensemble	0.6876102385151943	0.002880707041396234	True	0.0	0.0	1.0	1.0	False
ReplogleWeissman2022_rpe1	ATF5	top2_delong	2	2	collectri	0.6851010973039001	1.0277357944131634e-06	True	11481	68	11413	ensemble	0.6851010973039001	4.2719879014183526e-07	True	0.0	0.0	1.0	1.0	False
ReplogleWeissman2022_rpe1	NELFCD	top2_delong	2	2	causalpath	0.6803703940850176	8.365476199379457e-10	True	11517	104	11413	ensemble	0.6803703940850176	9.798886447025935e-10	True	0.0	0.0	1.0	1.0	False
ReplogleWeissman2022_rpe1	POLR2I	top2_delong	2	2	causalpath	0.6799766883082425	6.675141594529073e-13	True	11555	142	11413	ensemble	0.6799766883082425	9.477473765470289e-13	True	0.0	0.0	1.0	1.0	False
ReplogleWeissman2022_rpe1	GTF2H2	top2_delong	2	2	causalpath	0.6779902018674356	6.061049557644073e-05	True	11459	46	11413	ensemble	0.6779902018674356	7.713145879016052e-05	True	0.0	0.0	1.0	1.0	False
ReplogleWeissman2022_rpe1	HCFC1	top2_delong	2	2	ensemble	0.6741758013714738	0.011716090569049714	True	11432	19	11413	collectri	0.6683514182810922	0.026343154187648807	True	0.00582438309038158	0.19619736824088332	0.8444556878678472	1.0	False
ReplogleWeissman2022_rpe1	ZBTB4	top2_delong	2	2	collectri	0.6695151555759428	0.002173044343398364	True	11447	34	11413	ensemble	0.6695151555759428	0.001214395029625767	True	0.0	0.0	1.0	1.0	False
ReplogleWeissman2022_rpe1	ATF4	top2_delong	4	2	dorothea	0.6667834925085429	0.00017713035562373115	True	11462	49	11413	ensemble	0.641819121410064	0.001192366183861476	True	0.02496437109847882	1.1694093113173596	0.2422387601131799	1.0	False
ReplogleWeissman2022_rpe1	CTDP1	top2_delong	2	2	causalpath	0.6665790472852595	0.008915923140297483	True	11434	21	11413	ensemble	0.6665790472852595	0.011418392354282103	True	0.0	0.0	1.0	1.0	False
ReplogleWeissman2022_rpe1	CHEK1	top2_delong	2	2	causalpath	0.6572297937758377	0.00010720245072009836	True	11468	55	11413	ensemble	0.6572297937758377	0.00013753059187486134	True	0.0	0.0	1.0	1.0	False
ReplogleWeissman2022_rpe1	POLR2E	top2_delong	2	2	causalpath	0.6515548166083606	4.772662462154454e-06	True	11495	82	11413	ensemble	0.6515548166083606	5.963146806646913e-06	True	0.0	0.0	1.0	1.0	False
ReplogleWeissman2022_rpe1	NFYB	top2_delong	4	2	dorothea	0.6460609542527009	2.8911842850776455e-05	True	11492	79	11413	ensemble	0.6055808000425897	0.002134262048785882	True	0.0404801542101112	2.417897734118873	0.01561046338007207	0.10302905830847567	False
ReplogleWeissman2022_rpe1	HDAC3	top2_delong	3	2	causalpath	0.644523714408339	0.00021626341806814175	True	11472	59	11413	ensemble	0.6210313246713902	0.0022904147318077504	True	0.023492389736948782	0.9170411226199902	0.35912109167774053	1.0	False
ReplogleWeissman2022_rpe1	TFDP1	top2_delong	4	4	dorothea	0.6440449513659966	7.506917656543838e-10	True	11580	167	11413	ensemble	0.6437222811889582	7.836681568231759e-10	True	0.0003226701770383533	0.04803059560295351	0.961691858973315	1.0	False
ReplogleWeissman2022_rpe1	CTCF	top2_delong	3	1	ensemble	0.6311303696741355	0.0406033490476691	True	11435	22	11413	dorothea	0.6183658188827732	0.1031176945287451	False	0.012764550791362295	2.5240488020790632	0.011601182222097411	0.09570975333230364	True
ReplogleWeissman2022_rpe1	GTF2H3	top2_delong	2	2	causalpath	0.6270627062706271	0.0005536245305100469	True	11479	66	11413	ensemble	0.6270627062706271	0.0007835886525582862	True	0.0	0.0	1.0	1.0	False
ReplogleWeissman2022_rpe1	NF1	top2_delong	2	2	causalpath	0.6209606422083422	0.0012628677266738513	True	11476	63	11413	ensemble	0.6209606422083422	0.0016609212443067089	True	0.0	0.0	1.0	1.0	False
ReplogleWeissman2022_rpe1	CDK9	top2_delong	2	2	causalpath	0.6151399800747037	0.03710875121582073	True	11440	27	11413	ensemble	0.6151399800747037	0.045186317896392644	True	0.0	0.0	1.0	1.0	False
ReplogleWeissman2022_rpe1	CDK12	top2_delong	2	2	causalpath	0.6134390333391746	0.0021749570384517396	True	11477	64	11413	ensemble	0.6134390333391746	0.0027648722216011795	True	0.0	0.0	1.0	1.0	False
ReplogleWeissman2022_rpe1	YY1	top2_delong	4	3	ensemble	0.6080795257957572	0.0011424937268955473	True	11499	86	11413	collectri	0.5994510543871839	0.0046201734122285	True	0.008628471408573257	0.5993826085435235	0.548917771738813	1.0	False
ReplogleWeissman2022_rpe1	GTF3A	top2_delong	2	2	collectri	0.6064847814606862	0.056082311904810826	True	11450	37	11413	ensemble	0.5904149132923339	0.06622752752560723	True	0.01606986816835232	1.1465064477468683	0.2515856608925173	1.0	False
ReplogleWeissman2022_rpe1	GABPA	top2_delong	4	3	collectri	0.6059795650678528	0.007422191833230309	True	11480	67	11413	ensemble	0.6025192533782503	0.005548351465233004	True	0.00346031168960248	0.12756685458580655	0.8984917629810186	1.0	False
ReplogleWeissman2022_rpe1	THAP1	top2_delong	2	2	ensemble	0.6054996554427028	2.6717846365279702e-05	True	11561	148	11413	dorothea	0.5885719461685466	0.0005807687899497429	True	0.01692770927415621	3.2101712350994083	0.0013265592142573846	0.02918430271366246	True
ReplogleWeissman2022_rpe1	POLR2F	top2_delong	2	2	causalpath	0.6026779669117355	0.002243288294923569	True	11490	77	11413	ensemble	0.6026779669117355	0.002880707041396234	True	0.0	0.0	1.0	1.0	False
ReplogleWeissman2022_rpe1	ERCC2	top2_delong	2	2	causalpath	0.5995272281888328	0.00125181249286731	True	11507	94	11413	ensemble	0.5995272281888328	0.001638038272628375	True	0.0	0.0	1.0	1.0	False
ReplogleWeissman2022_rpe1	STAT5A	top2_delong	4	2	collectri	0.5918652321683029	0.005875430527271689	True	11508	95	11413	ensemble	0.5847745184392683	0.0063234372926108924	True	0.007090713729034581	0.3917563431145135	0.6952382549499301	1.0	False
ReplogleWeissman2022_rpe1	ELOB	top2_delong	2	2	causalpath	0.5871550650640286	0.0008302167630020204	True	11545	132	11413	ensemble	0.5871550650640286	0.0011440858895302134	True	0.0	0.0	1.0	1.0	False
ReplogleWeissman2022_rpe1	KAT5	top2_delong	3	1	causalpath	0.5836831470757695	0.08750882152528874	True	11446	33	11413	ensemble	0.44075203980575045	0.9999999999778226	False	0.14293110727001906	3.054100974848233	0.0022573608808001103	0.0352841035782354	True
ReplogleWeissman2022_rpe1	SP2	top2_delong	3	1	collectri	0.5757181660011765	0.06056955482192515	True	11483	70	11413	ensemble	0.5523338048090523	0.1395535067133947	False	0.02338436119212428	0.8682553650894257	0.3852545512044029	1.0	False
ReplogleWeissman2022_rpe1	PPARGC1B	single_available_significant	1	1	ensemble	0.574534694969264	0.03141772599910839	True	11489	76	11413				False					True
ReplogleWeissman2022_rpe1	CDC6	top2_delong	2	2	causalpath	0.570697888372908	0.02560267272393005	True	11497	84	11413	ensemble	0.570697888372908	0.03141772599910839	True	0.0	0.0	1.0	1.0	False
ReplogleWeissman2022_rpe1	CLOCK	top2_delong	4	1	causalpath	0.5696012215244669	1.3707675962989926e-09	True	12128	715	11413	dorothea	0.5077367301059582	0.3980877337381151	False	0.061864491418508694	5.088371661603901	3.611510581882063e-07	2.3835969840421613e-05	True
ReplogleWeissman2022_rpe1	GABPB1	top2_delong	2	1	causalpath	0.5680820847571483	0.09140724274073254	True	11461	48	11413	ensemble	0.5680820847571483	0.11185700222427243	False	0.0	0.0	1.0	1.0	False
ReplogleWeissman2022_rpe1	TGS1	top2_delong	2	2	causalpath	0.5628863771332886	0.07849062376044653	True	11476	63	11413	ensemble	0.5628863771332886	0.09339922270905998	True	0.0	0.0	1.0	1.0	False
ReplogleWeissman2022_rpe1	SMARCC1	single_available_significant	1	1	ensemble	0.5562949247265061	0.08598232670613998	True	11496	83	11413				False					True
ReplogleWeissman2022_rpe1	ZBTB17	top2_delong	3	2	collectri	0.5482972790570522	0.014602655267129954	True	11692	279	11413	ensemble	0.5453354927271203	0.0127683823017699	True	0.002961786329931826	0.4906285660087114	0.6236891784948122	1.0	False
ReplogleWeissman2022_rpe1	DNMT1	top2_delong	3	1	causalpath	0.5476078344244032	0.07804814406343878	True	11525	112	11413	ensemble	0.40607828165876003	0.9999999999778226	False	0.14152955276564316	4.609310658565378	4.040062738373602e-06	0.00013332207036632887	True
ReplogleWeissman2022_rpe1	MYBL2	top2_delong	4	1	causalpath	0.5323611528816119	0.0017426923866694453	True	12301	888	11413	dorothea	0.5090375247761562	0.3269590953419644	False	0.02332362810545574	2.1902871712721397	0.028503416635223478	0.17102049981134088	False
SunshineHein2023	STAT2	top2_delong	3	3	dorothea	0.8591480654761905	6.954458397853445e-57	True	3247	175	3072	ensemble	0.8555282738095238	1.757660206728219e-55	True	0.003619791666666705	1.7593460650175414	0.07851874685350572	0.2617291561783524	False
SunshineHein2023	IRF9	top2_delong	4	4	collectri	0.8376901518038616	2.1516268933697248e-47	True	3236	164	3072	ensemble	0.8019999682418699	3.5871943652701253e-38	True	0.03569018356199172	4.277102664769156	1.893414955041033e-05	0.00018934149550410329	True
SunshineHein2023	ATF4	top2_delong	4	4	dorothea	0.6701470640696345	6.93865321258719e-12	True	3218	146	3072	causalpath	0.6630201644549086	1.2498878883936028e-10	True	0.007126899614725901	0.3998404220890871	0.6892740560894308	0.9843157890925868	False
SunshineHein2023	SREBF2	top2_delong	4	2	causalpath	0.6423502604166667	0.00010747843022566654	True	3142	70	3072	collectri	0.5695917038690477	0.04038465212817917	True	0.07275855654761898	3.515088039406873	0.0004396082253857696	0.0021980411269288476	True
SunshineHein2023	STAT1	top2_delong	4	4	collectri	0.6335186048922057	4.96449861776407e-10	True	3273	201	3072	causalpath	0.6131516894693201	2.3207699681001078e-07	True	0.0203669154228856	1.0479109684866474	0.294679628273819	0.7366990706845474	False
SunshineHein2023	SREBF1	top2_delong	4	2	collectri	0.6120407516891894	0.018961576331940854	True	3109	37	3072	causalpath	0.5959318693693694	0.07052734652869652	True	0.016108882319819995	0.6873841935819234	0.4918406555783933	0.9836813111567866	False
SunshineHein2023	RELA	top2_delong	4	4	collectri	0.5597718253968254	0.016574218733398642	True	3219	147	3072	ensemble	0.5585981788548753	0.03109466524057977	True	0.0011736465419500686	0.29598514207347715	0.7672414282027318	0.9843157890925868	False
SunshineHein2023	RELB	top2_delong	3	2	collectri	0.5461536631367663	0.011377695957620377	True	3373	301	3072	ensemble	0.544600680024917	0.024234993631000512	True	0.0015529831118492599	0.1435140571283524	0.8858842101833281	0.9843157890925868	False
SunshineHein2023	ATF6	top2_delong	4	2	causalpath	0.5447429539745864	0.08546587431206476	True	3213	141	3072	dorothea	0.5412303302304965	0.09730951475592135	True	0.0035126237440898933	0.22012895614421607	0.8257707241139165	0.9843157890925868	False
SunshineHein2023	JAK1	top2_delong	2	2	causalpath	0.5433947172619047	0.07201541294292439	True	3247	175	3072	ensemble	0.5433947172619047	0.08717655250985583	True	0.0	0.0	1.0	1.0	False
TianKampmann2021_CRISPRa	SPI1	top2_delong	4	1	causalpath	0.6478802992518703	0.007405293215155963	True	436	35	401	collectri	0.5759173494834343	0.3407702749804839	False	0.07196294976843598	1.0234292259243303	0.30610494688265955	0.4591574203239893	False
TianKampmann2021_CRISPRa	POU4F1	top2_delong	3	1	collectri	0.6077306733167082	0.0016566242965594456	True	531	130	401	ensemble	0.5544600038365625	0.2165809210944455	False	0.053270669480145694	1.9855307683742105	0.04708545039409134	0.14125635118227403	False
TianKampmann2021_CRISPRa	PPARGC1A	top2_delong	3	2	causalpath	0.584032875557585	0.007405293215155963	True	543	142	401	ensemble	0.5831899125425871	0.022386197000423762	True	0.0008429630149978662	0.04325443699673334	0.965498711212608	0.965498711212608	False
TianKampmann2021_CRISPRi	APEX1	top2_delong	3	1	collectri	0.5829071123202487	0.009215051232278606	True	570	155	415	ensemble	0.5424018655266226	0.23588410608414956	False	0.040505246793626104	1.377411357332577	0.16838510347496316	0.16838510347496316	False
WesselsSatija2023	MYB	top2_delong	4	4	dorothea	0.7683193583667518	0.0019618356117875923	True	435	13	422	ensemble	0.7282172803499818	0.00695778639951116	True	0.040102078016770015	0.7820569378507267	0.4341811124521613	1.0	False
WesselsSatija2023	FLI1	top2_delong	4	1	collectri	0.6146765841671055	1.0458535821447859e-05	True	638	216	422	causalpath	0.5228793663331578	0.19248804908272682	False	0.09179721783394768	3.659704129628243	0.0002525066278606812	0.0017675463950247684	True
WesselsSatija2023	SUPT5H	top2_delong	2	2	causalpath	0.6083363713695467	0.0024251605944117	True	500	78	422	ensemble	0.6083363713695467	0.0063249491652169615	True	0.0	0.0	1.0	1.0	False
WesselsSatija2023	HDAC3	top2_delong	3	2	causalpath	0.6028284763537359	0.0024251605944117	True	516	94	422	ensemble	0.5956186346677422	0.0068074515503196344	True	0.007209841685993701	0.7324822145563685	0.46387429437108463	1.0	False
WesselsSatija2023	SUPT16H	top2_delong	2	2	causalpath	0.5986577909627003	0.0024251605944117	True	553	131	422	ensemble	0.5986577909627003	0.003437211831109273	True	0.0	0.0	1.0	1.0	False
WesselsSatija2023	EP300	top2_delong	3	3	causalpath	0.596691757271629	0.0024251605944117	True	524	102	422	collectri	0.5925332218195335	0.009267136165243784	True	0.004158535452095546	0.12582258640662475	0.8998723624914083	1.0	False
WesselsSatija2023	SMARCA5	single_available_significant	1	1	collectri	0.5833637136954672	0.031800490210787645	True	500	78	422				False					True
WesselsSatija2023	GATA2	top2_delong	4	1	collectri	0.5731572047998386	0.09982272626214407	True	469	47	422	causalpath	0.5587123121911868	0.12440110981995385	False	0.014444892608651783	0.23491701765119158	0.8142731409610332	1.0	False
